match_id,team1,team2,venue,date,toss_winner,toss_decision,winner
1304049,Royal Challengers Bangalore,Punjab Kings,"Dr DY Patil Sports Academy, Mumbai",2022-03-27,Punjab Kings,field,Punjab Kings
336016,Kings XI Punjab,Royal Challengers Bangalore,"Punjab Cricket Association Stadium, Mohali",2008-05-12,Royal Challengers Bangalore,bat,Kings XI Punjab
1082612,Kings XI Punjab,Mumbai Indians,Holkar Cricket Stadium,2017-04-20,Mumbai Indians,field,Mumbai Indians
1216515,Delhi Capitals,Kolkata Knight Riders,Sharjah Cricket Stadium,2020-10-03,Kolkata Knight Riders,field,Delhi Capitals
1178423,Sunrisers Hyderabad,Kings XI Punjab,Rajiv Gandhi International Stadium,2019-04-29,Kings XI Punjab,field,Sunrisers Hyderabad
1473457,Sunrisers Hyderabad,Gujarat Titans,"Rajiv Gandhi International Stadium, Uppal, Hyderabad",2025-04-06,Gujarat Titans,field,Gujarat Titans
392224,Royal Challengers Bangalore,Chennai Super Kings,Kingsmead,2009-05-14,Chennai Super Kings,bat,Royal Challengers Bangalore
1473439,Sunrisers Hyderabad,Rajasthan Royals,"Rajiv Gandhi International Stadium, Uppal, Hyderabad",2025-03-23,Rajasthan Royals,field,Sunrisers Hyderabad
598028,Kings XI Punjab,Delhi Daredevils,Himachal Pradesh Cricket Association Stadium,2013-05-16,Delhi Daredevils,field,Kings XI Punjab
1216507,Sunrisers Hyderabad,Rajasthan Royals,Dubai International Cricket Stadium,2020-10-11,Sunrisers Hyderabad,bat,Rajasthan Royals
1359475,Chennai Super Kings,Gujarat Titans,"Narendra Modi Stadium, Ahmedabad",2023-03-31,Gujarat Titans,field,Gujarat Titans
729297,Rajasthan Royals,Chennai Super Kings,Dubai International Cricket Stadium,2014-04-23,Rajasthan Royals,field,Chennai Super Kings
336019,Kings XI Punjab,Rajasthan Royals,"Punjab Cricket Association Stadium, Mohali",2008-05-28,Rajasthan Royals,field,Kings XI Punjab
501199,Deccan Chargers,Rajasthan Royals,"Rajiv Gandhi International Stadium, Uppal",2011-04-09,Rajasthan Royals,field,Rajasthan Royals
1426291,Chennai Super Kings,Punjab Kings,"Himachal Pradesh Cricket Association Stadium, Dharamsala",2024-05-05,Punjab Kings,field,Chennai Super Kings
1473452,Kolkata Knight Riders,Sunrisers Hyderabad,"Eden Gardens, Kolkata",2025-04-03,Sunrisers Hyderabad,field,Kolkata Knight Riders
1473458,Royal Challengers Bengaluru,Mumbai Indians,"Wankhede Stadium, Mumbai",2025-04-07,Mumbai Indians,field,Royal Challengers Bengaluru
1178431,Kolkata Knight Riders,Mumbai Indians,Wankhede Stadium,2019-05-05,Mumbai Indians,field,Mumbai Indians
1426266,Lucknow Super Giants,Kolkata Knight Riders,"Eden Gardens, Kolkata",2024-04-14,Kolkata Knight Riders,field,Kolkata Knight Riders
1529285,Royal Challengers Bengaluru,Gujarat Titans,"Narendra Modi Stadium, Ahmedabad",2026-04-30,Gujarat Titans,field,Gujarat Titans
336008,Mumbai Indians,Rajasthan Royals,Dr DY Patil Sports Academy,2008-05-07,Mumbai Indians,field,Mumbai Indians
392205,Deccan Chargers,Rajasthan Royals,St George's Park,2009-05-02,Deccan Chargers,bat,Rajasthan Royals
1485779,Punjab Kings,Delhi Capitals,"Sawai Mansingh Stadium, Jaipur",2025-05-24,Delhi Capitals,field,Delhi Capitals
1216510,Kings XI Punjab,Royal Challengers Bangalore,Dubai International Cricket Stadium,2020-09-24,Royal Challengers Bangalore,field,Kings XI Punjab
829817,Chennai Super Kings,Mumbai Indians,Wankhede Stadium,2015-05-19,Mumbai Indians,bat,Mumbai Indians
1473484,Gujarat Titans,Rajasthan Royals,"Sawai Mansingh Stadium, Jaipur",2025-04-28,Rajasthan Royals,field,Rajasthan Royals
1473510,Mumbai Indians,Punjab Kings,"Narendra Modi Stadium, Ahmedabad",2025-06-01,Punjab Kings,field,Punjab Kings
1370352,Gujarat Titans,Mumbai Indians,"Narendra Modi Stadium, Ahmedabad",2023-05-26,Mumbai Indians,field,Gujarat Titans
1136574,Mumbai Indians,Royal Challengers Bangalore,Wankhede Stadium,2018-04-17,Royal Challengers Bangalore,field,Mumbai Indians
1304114,Chennai Super Kings,Rajasthan Royals,"Brabourne Stadium, Mumbai",2022-05-20,Chennai Super Kings,bat,Rajasthan Royals
548308,Mumbai Indians,Pune Warriors,Wankhede Stadium,2012-04-06,Mumbai Indians,field,Pune Warriors
1304116,Sunrisers Hyderabad,Punjab Kings,"Wankhede Stadium, Mumbai",2022-05-22,Sunrisers Hyderabad,bat,Punjab Kings
501222,Kolkata Knight Riders,Royal Challengers Bangalore,Eden Gardens,2011-04-22,Royal Challengers Bangalore,field,Royal Challengers Bangalore
419147,Deccan Chargers,Chennai Super Kings,"Vidarbha Cricket Association Stadium, Jamtha",2010-04-10,Chennai Super Kings,bat,Deccan Chargers
829749,Rajasthan Royals,Royal Challengers Bangalore,"Sardar Patel Stadium, Motera",2015-04-24,Royal Challengers Bangalore,field,Royal Challengers Bangalore
729279,Mumbai Indians,Kolkata Knight Riders,Sheikh Zayed Stadium,2014-04-16,Kolkata Knight Riders,bat,Kolkata Knight Riders
335988,Deccan Chargers,Delhi Daredevils,"Rajiv Gandhi International Stadium, Uppal",2008-04-22,Deccan Chargers,bat,Delhi Daredevils
1529290,Lucknow Super Giants,Mumbai Indians,"Wankhede Stadium, Mumbai",2026-05-04,Mumbai Indians,field,Mumbai Indians
980907,Royal Challengers Bangalore,Sunrisers Hyderabad,M Chinnaswamy Stadium,2016-04-12,Sunrisers Hyderabad,field,Royal Challengers Bangalore
980997,Rising Pune Supergiants,Delhi Daredevils,Dr. Y.S. Rajasekhara Reddy ACA-VDCA Cricket Stadium,2016-05-17,Rising Pune Supergiants,field,Rising Pune Supergiants
829823,Mumbai Indians,Chennai Super Kings,Eden Gardens,2015-05-24,Chennai Super Kings,field,Mumbai Indians
1359536,Gujarat Titans,Sunrisers Hyderabad,"Narendra Modi Stadium, Ahmedabad",2023-05-15,Sunrisers Hyderabad,field,Gujarat Titans
1254097,Delhi Capitals,Rajasthan Royals,"Zayed Cricket Stadium, Abu Dhabi",2021-09-25,Rajasthan Royals,field,Delhi Capitals
734013,Chennai Super Kings,Royal Challengers Bangalore,JSCA International Stadium Complex,2014-05-18,Chennai Super Kings,bat,Royal Challengers Bangalore
1304081,Gujarat Titans,Kolkata Knight Riders,"Dr DY Patil Sports Academy, Mumbai",2022-04-23,Gujarat Titans,bat,Gujarat Titans
419148,Royal Challengers Bangalore,Kolkata Knight Riders,M Chinnaswamy Stadium,2010-04-10,Royal Challengers Bangalore,field,Royal Challengers Bangalore
1359478,Rajasthan Royals,Sunrisers Hyderabad,"Rajiv Gandhi International Stadium, Uppal, Hyderabad",2023-04-02,Sunrisers Hyderabad,field,Rajasthan Royals
1529286,Rajasthan Royals,Delhi Capitals,"Sawai Mansingh Stadium, Jaipur",2026-05-01,Rajasthan Royals,bat,Delhi Capitals
1082648,Sunrisers Hyderabad,Kolkata Knight Riders,M Chinnaswamy Stadium,2017-05-17,Kolkata Knight Riders,field,Kolkata Knight Riders
981019,Royal Challengers Bangalore,Sunrisers Hyderabad,M Chinnaswamy Stadium,2016-05-29,Sunrisers Hyderabad,bat,Sunrisers Hyderabad
392218,Royal Challengers Bangalore,Mumbai Indians,St George's Park,2009-05-10,Mumbai Indians,bat,Mumbai Indians
980957,Rising Pune Supergiants,Mumbai Indians,Maharashtra Cricket Association Stadium,2016-05-01,Mumbai Indians,field,Mumbai Indians
1304059,Rajasthan Royals,Royal Challengers Bangalore,"Wankhede Stadium, Mumbai",2022-04-05,Royal Challengers Bangalore,field,Royal Challengers Bangalore
1359527,Punjab Kings,Kolkata Knight Riders,"Eden Gardens, Kolkata",2023-05-08,Punjab Kings,bat,Kolkata Knight Riders
1426297,Gujarat Titans,Chennai Super Kings,"Narendra Modi Stadium, Ahmedabad",2024-05-10,Chennai Super Kings,field,Gujarat Titans
1082642,Delhi Daredevils,Rising Pune Supergiant,Feroz Shah Kotla,2017-05-12,Delhi Daredevils,bat,Delhi Daredevils
1473489,Royal Challengers Bengaluru,Chennai Super Kings,"M Chinnaswamy Stadium, Bengaluru",2025-05-03,Chennai Super Kings,field,Royal Challengers Bengaluru
1304057,Punjab Kings,Chennai Super Kings,"Brabourne Stadium, Mumbai",2022-04-03,Chennai Super Kings,field,Punjab Kings
1254059,Chennai Super Kings,Delhi Capitals,"Wankhede Stadium, Mumbai",2021-04-10,Delhi Capitals,field,Delhi Capitals
598058,Rajasthan Royals,Chennai Super Kings,Sawai Mansingh Stadium,2013-05-12,Rajasthan Royals,field,Rajasthan Royals
1082646,Delhi Daredevils,Royal Challengers Bangalore,Feroz Shah Kotla,2017-05-14,Royal Challengers Bangalore,bat,Royal Challengers Bangalore
1304089,Royal Challengers Bangalore,Gujarat Titans,"Brabourne Stadium, Mumbai",2022-04-30,Royal Challengers Bangalore,bat,Gujarat Titans
336025,Kolkata Knight Riders,Chennai Super Kings,Eden Gardens,2008-05-18,Kolkata Knight Riders,bat,Chennai Super Kings
1178403,Kings XI Punjab,Royal Challengers Bangalore,Punjab Cricket Association IS Bindra Stadium,2019-04-13,Royal Challengers Bangalore,field,Royal Challengers Bangalore
1359528,Royal Challengers Bangalore,Mumbai Indians,"Wankhede Stadium, Mumbai",2023-05-09,Mumbai Indians,field,Mumbai Indians
1254098,Kolkata Knight Riders,Chennai Super Kings,"Zayed Cricket Stadium, Abu Dhabi",2021-09-26,Kolkata Knight Riders,bat,Chennai Super Kings
734015,Sunrisers Hyderabad,Kolkata Knight Riders,"Rajiv Gandhi International Stadium, Uppal",2014-05-18,Sunrisers Hyderabad,bat,Kolkata Knight Riders
1136607,Mumbai Indians,Rajasthan Royals,Wankhede Stadium,2018-05-13,Rajasthan Royals,field,Rajasthan Royals
1529280,Chennai Super Kings,Gujarat Titans,"MA Chidambaram Stadium, Chepauk, Chennai",2026-04-26,Gujarat Titans,field,Gujarat Titans
829821,Chennai Super Kings,Royal Challengers Bangalore,JSCA International Stadium Complex,2015-05-22,Chennai Super Kings,field,Chennai Super Kings
729295,Kings XI Punjab,Sunrisers Hyderabad,Sharjah Cricket Stadium,2014-04-22,Sunrisers Hyderabad,field,Kings XI Punjab
501233,Kochi Tuskers Kerala,Delhi Daredevils,Nehru Stadium,2011-04-30,Delhi Daredevils,bat,Delhi Daredevils
1254067,Royal Challengers Bangalore,Kolkata Knight Riders,"MA Chidambaram Stadium, Chepauk, Chennai",2021-04-18,Royal Challengers Bangalore,bat,Royal Challengers Bangalore
981011,Delhi Daredevils,Royal Challengers Bangalore,Shaheed Veer Narayan Singh International Stadium,2016-05-22,Royal Challengers Bangalore,field,Royal Challengers Bangalore
392194,Royal Challengers Bangalore,Delhi Daredevils,St George's Park,2009-04-26,Royal Challengers Bangalore,bat,Delhi Daredevils
1216502,Royal Challengers Bangalore,Sunrisers Hyderabad,Sharjah Cricket Stadium,2020-10-31,Sunrisers Hyderabad,field,Sunrisers Hyderabad
1136618,Kolkata Knight Riders,Rajasthan Royals,Eden Gardens,2018-05-23,Rajasthan Royals,field,Kolkata Knight Riders
980975,Kolkata Knight Riders,Gujarat Lions,Eden Gardens,2016-05-08,Gujarat Lions,field,Gujarat Lions
1473487,Mumbai Indians,Rajasthan Royals,"Sawai Mansingh Stadium, Jaipur",2025-05-01,Rajasthan Royals,field,Mumbai Indians
1527674,Sunrisers Hyderabad,Royal Challengers Bengaluru,"M Chinnaswamy Stadium, Bengaluru",2026-03-28,Royal Challengers Bengaluru,field,Royal Challengers Bengaluru
1527689,Royal Challengers Bengaluru,Rajasthan Royals,"Barsapara Cricket Stadium, Guwahati",2026-04-10,Rajasthan Royals,field,Rajasthan Royals
1422128,Royal Challengers Bengaluru,Kolkata Knight Riders,"M Chinnaswamy Stadium, Bengaluru",2024-03-29,Kolkata Knight Riders,field,Kolkata Knight Riders
1216536,Kolkata Knight Riders,Chennai Super Kings,Dubai International Cricket Stadium,2020-10-29,Chennai Super Kings,field,Chennai Super Kings
501224,Deccan Chargers,Mumbai Indians,"Rajiv Gandhi International Stadium, Uppal",2011-04-24,Deccan Chargers,field,Mumbai Indians
980989,Kolkata Knight Riders,Rising Pune Supergiants,Eden Gardens,2016-05-14,Rising Pune Supergiants,bat,Kolkata Knight Riders
1216506,Kings XI Punjab,Chennai Super Kings,Sheikh Zayed Stadium,2020-11-01,Chennai Super Kings,field,Chennai Super Kings
598073,Chennai Super Kings,Mumbai Indians,Eden Gardens,2013-05-26,Mumbai Indians,bat,Mumbai Indians
1082621,Royal Challengers Bangalore,Gujarat Lions,M Chinnaswamy Stadium,2017-04-27,Gujarat Lions,field,Gujarat Lions
1529276,Chennai Super Kings,Mumbai Indians,"Wankhede Stadium, Mumbai",2026-04-23,Mumbai Indians,field,Chennai Super Kings
1426311,Sunrisers Hyderabad,Rajasthan Royals,"MA Chidambaram Stadium, Chepauk, Chennai",2024-05-24,Rajasthan Royals,field,Sunrisers Hyderabad
336029,Chennai Super Kings,Royal Challengers Bangalore,"MA Chidambaram Stadium, Chepauk",2008-05-21,Royal Challengers Bangalore,bat,Royal Challengers Bangalore
392209,Chennai Super Kings,Deccan Chargers,Buffalo Park,2009-05-04,Chennai Super Kings,bat,Chennai Super Kings
1216509,Chennai Super Kings,Delhi Capitals,Sharjah Cricket Stadium,2020-10-17,Chennai Super Kings,bat,Delhi Capitals
1359535,Chennai Super Kings,Kolkata Knight Riders,"MA Chidambaram Stadium, Chepauk, Chennai",2023-05-14,Chennai Super Kings,bat,Kolkata Knight Riders
1426284,Chennai Super Kings,Sunrisers Hyderabad,"MA Chidambaram Stadium, Chepauk, Chennai",2024-04-28,Sunrisers Hyderabad,field,Chennai Super Kings
392237,Delhi Daredevils,Deccan Chargers,SuperSport Park,2009-05-22,Deccan Chargers,field,Deccan Chargers
1426260,Kolkata Knight Riders,Chennai Super Kings,"MA Chidambaram Stadium, Chepauk, Chennai",2024-04-08,Chennai Super Kings,field,Chennai Super Kings
1175369,Royal Challengers Bangalore,Rajasthan Royals,Sawai Mansingh Stadium,2019-04-02,Rajasthan Royals,field,Rajasthan Royals
1426261,Sunrisers Hyderabad,Punjab Kings,"Maharaja Yadavindra Singh International Cricket Stadium, Mullanpur",2024-04-09,Punjab Kings,field,Sunrisers Hyderabad
1136604,Kolkata Knight Riders,Kings XI Punjab,Holkar Cricket Stadium,2018-05-12,Kings XI Punjab,field,Kolkata Knight Riders
1304113,Gujarat Titans,Royal Challengers Bangalore,"Wankhede Stadium, Mumbai",2022-05-19,Gujarat Titans,bat,Royal Challengers Bangalore
1359485,Rajasthan Royals,Delhi Capitals,"Barsapara Cricket Stadium, Guwahati",2023-04-08,Delhi Capitals,field,Rajasthan Royals
1216495,Mumbai Indians,Sunrisers Hyderabad,Sharjah Cricket Stadium,2020-11-03,Sunrisers Hyderabad,field,Sunrisers Hyderabad
1178409,Mumbai Indians,Delhi Capitals,Arun Jaitley Stadium,2019-04-18,Mumbai Indians,bat,Mumbai Indians
335987,Rajasthan Royals,Kings XI Punjab,Sawai Mansingh Stadium,2008-04-21,Kings XI Punjab,bat,Rajasthan Royals
548320,Kolkata Knight Riders,Rajasthan Royals,Eden Gardens,2012-04-13,Rajasthan Royals,bat,Kolkata Knight Riders
548315,Royal Challengers Bangalore,Kolkata Knight Riders,M Chinnaswamy Stadium,2012-04-10,Royal Challengers Bangalore,field,Kolkata Knight Riders
501200,Kochi Tuskers Kerala,Royal Challengers Bangalore,Nehru Stadium,2011-04-09,Kochi Tuskers Kerala,bat,Royal Challengers Bangalore
501205,Royal Challengers Bangalore,Mumbai Indians,M Chinnaswamy Stadium,2011-04-12,Mumbai Indians,field,Mumbai Indians
336006,Royal Challengers Bangalore,Kings XI Punjab,M Chinnaswamy Stadium,2008-05-05,Kings XI Punjab,field,Kings XI Punjab
1216497,Kolkata Knight Riders,Delhi Capitals,Sheikh Zayed Stadium,2020-10-24,Delhi Capitals,field,Kolkata Knight Riders
1529278,Delhi Capitals,Punjab Kings,"Arun Jaitley Stadium, Delhi",2026-04-25,Delhi Capitals,bat,Punjab Kings
829797,Chennai Super Kings,Rajasthan Royals,"MA Chidambaram Stadium, Chepauk",2015-05-10,Chennai Super Kings,bat,Chennai Super Kings
729285,Sunrisers Hyderabad,Rajasthan Royals,Sheikh Zayed Stadium,2014-04-18,Rajasthan Royals,field,Rajasthan Royals
1254112,Mumbai Indians,Delhi Capitals,Sharjah Cricket Stadium,2021-10-02,Delhi Capitals,field,Delhi Capitals
1304105,Chennai Super Kings,Mumbai Indians,"Wankhede Stadium, Mumbai",2022-05-12,Mumbai Indians,field,Mumbai Indians
392199,Royal Challengers Bangalore,Kolkata Knight Riders,Kingsmead,2009-04-29,Kolkata Knight Riders,bat,Royal Challengers Bangalore
598045,Royal Challengers Bangalore,Kings XI Punjab,M Chinnaswamy Stadium,2013-05-14,Kings XI Punjab,field,Kings XI Punjab
336005,Rajasthan Royals,Chennai Super Kings,Sawai Mansingh Stadium,2008-05-04,Chennai Super Kings,bat,Rajasthan Royals
1359526,Rajasthan Royals,Sunrisers Hyderabad,"Sawai Mansingh Stadium, Jaipur",2023-05-07,Rajasthan Royals,bat,Sunrisers Hyderabad
1136588,Sunrisers Hyderabad,Rajasthan Royals,Sawai Mansingh Stadium,2018-04-29,Sunrisers Hyderabad,bat,Sunrisers Hyderabad
1426279,Royal Challengers Bengaluru,Sunrisers Hyderabad,"Rajiv Gandhi International Stadium, Uppal, Hyderabad",2024-04-25,Royal Challengers Bengaluru,bat,Royal Challengers Bengaluru
1527693,Royal Challengers Bengaluru,Mumbai Indians,"Wankhede Stadium, Mumbai",2026-04-12,Mumbai Indians,field,Royal Challengers Bengaluru
1136610,Mumbai Indians,Kings XI Punjab,Wankhede Stadium,2018-05-16,Kings XI Punjab,field,Mumbai Indians
829773,Sunrisers Hyderabad,Chennai Super Kings,"Rajiv Gandhi International Stadium, Uppal",2015-05-02,Chennai Super Kings,field,Sunrisers Hyderabad
1304110,Delhi Capitals,Punjab Kings,"Dr DY Patil Sports Academy, Mumbai",2022-05-16,Punjab Kings,field,Delhi Capitals
336018,Mumbai Indians,Chennai Super Kings,Wankhede Stadium,2008-05-14,Mumbai Indians,field,Mumbai Indians
419138,Mumbai Indians,Deccan Chargers,Brabourne Stadium,2010-04-03,Mumbai Indians,bat,Mumbai Indians
1082606,Mumbai Indians,Gujarat Lions,Wankhede Stadium,2017-04-16,Mumbai Indians,field,Mumbai Indians
336020,Delhi Daredevils,Deccan Chargers,Feroz Shah Kotla,2008-05-15,Deccan Chargers,field,Delhi Daredevils
419116,Delhi Daredevils,Chennai Super Kings,Feroz Shah Kotla,2010-03-19,Delhi Daredevils,bat,Chennai Super Kings
829781,Kolkata Knight Riders,Sunrisers Hyderabad,Eden Gardens,2015-05-04,Sunrisers Hyderabad,field,Kolkata Knight Riders
501262,Pune Warriors,Kolkata Knight Riders,Dr DY Patil Sports Academy,2011-05-19,Kolkata Knight Riders,field,Kolkata Knight Riders
501264,Kings XI Punjab,Deccan Chargers,Himachal Pradesh Cricket Association Stadium,2011-05-21,Kings XI Punjab,field,Deccan Chargers
501220,Kings XI Punjab,Rajasthan Royals,"Punjab Cricket Association Stadium, Mohali",2011-04-21,Rajasthan Royals,field,Kings XI Punjab
1175367,Chennai Super Kings,Rajasthan Royals,MA Chidambaram Stadium,2019-03-31,Rajasthan Royals,field,Chennai Super Kings
1304076,Rajasthan Royals,Kolkata Knight Riders,"Brabourne Stadium, Mumbai",2022-04-18,Kolkata Knight Riders,field,Rajasthan Royals
1136590,Chennai Super Kings,Delhi Daredevils,Maharashtra Cricket Association Stadium,2018-04-30,Delhi Daredevils,field,Chennai Super Kings
548322,Pune Warriors,Chennai Super Kings,Subrata Roy Sahara Stadium,2012-04-14,Chennai Super Kings,bat,Pune Warriors
336014,Deccan Chargers,Kolkata Knight Riders,"Rajiv Gandhi International Stadium, Uppal",2008-05-11,Kolkata Knight Riders,bat,Kolkata Knight Riders
501237,Mumbai Indians,Kings XI Punjab,Wankhede Stadium,2011-05-02,Kings XI Punjab,field,Mumbai Indians
829775,Kings XI Punjab,Mumbai Indians,"Punjab Cricket Association Stadium, Mohali",2015-05-03,Mumbai Indians,bat,Mumbai Indians
1304073,Royal Challengers Bangalore,Delhi Capitals,"Wankhede Stadium, Mumbai",2022-04-16,Delhi Capitals,field,Royal Challengers Bangalore
1254086,Punjab Kings,Delhi Capitals,"Narendra Modi Stadium, Ahmedabad",2021-05-02,Delhi Capitals,field,Delhi Capitals
548364,Chennai Super Kings,Delhi Daredevils,"MA Chidambaram Stadium, Chepauk",2012-05-12,Chennai Super Kings,field,Chennai Super Kings
1254078,Punjab Kings,Kolkata Knight Riders,"Narendra Modi Stadium, Ahmedabad",2021-04-26,Kolkata Knight Riders,field,Kolkata Knight Riders
548366,Kings XI Punjab,Deccan Chargers,"Punjab Cricket Association Stadium, Mohali",2012-05-13,Deccan Chargers,bat,Kings XI Punjab
829757,Delhi Daredevils,Royal Challengers Bangalore,Feroz Shah Kotla,2015-04-26,Royal Challengers Bangalore,field,Royal Challengers Bangalore
336027,Kolkata Knight Riders,Rajasthan Royals,Eden Gardens,2008-05-20,Rajasthan Royals,field,Rajasthan Royals
598010,Delhi Daredevils,Sunrisers Hyderabad,Feroz Shah Kotla,2013-04-12,Delhi Daredevils,bat,Sunrisers Hyderabad
1082630,Delhi Daredevils,Sunrisers Hyderabad,Feroz Shah Kotla,2017-05-02,Delhi Daredevils,field,Delhi Daredevils
1529296,Lucknow Super Giants,Chennai Super Kings,"MA Chidambaram Stadium, Chepauk, Chennai",2026-05-10,Chennai Super Kings,field,Chennai Super Kings
392223,Deccan Chargers,Delhi Daredevils,Kingsmead,2009-05-13,Deccan Chargers,field,Delhi Daredevils
548344,Kolkata Knight Riders,Royal Challengers Bangalore,Eden Gardens,2012-04-28,Kolkata Knight Riders,bat,Kolkata Knight Riders
1254093,Rajasthan Royals,Mumbai Indians,Sharjah Cricket Stadium,2021-10-05,Mumbai Indians,field,Mumbai Indians
392225,Mumbai Indians,Rajasthan Royals,Kingsmead,2009-05-14,Rajasthan Royals,bat,Rajasthan Royals
419108,Kings XI Punjab,Delhi Daredevils,"Punjab Cricket Association Stadium, Mohali",2010-03-13,Delhi Daredevils,field,Delhi Daredevils
1473508,Punjab Kings,Royal Challengers Bengaluru,"Maharaja Yadavindra Singh International Cricket Stadium, Mullanpur",2025-05-29,Royal Challengers Bengaluru,field,Royal Challengers Bengaluru
1527690,Sunrisers Hyderabad,Punjab Kings,"Maharaja Yadavindra Singh International Cricket Stadium, New Chandigarh",2026-04-11,Punjab Kings,field,Punjab Kings
1426310,Royal Challengers Bengaluru,Rajasthan Royals,"Narendra Modi Stadium, Ahmedabad",2024-05-22,Rajasthan Royals,field,Rajasthan Royals
1527688,Kolkata Knight Riders,Lucknow Super Giants,"Eden Gardens, Kolkata",2026-04-09,Lucknow Super Giants,field,Lucknow Super Giants
729311,Sunrisers Hyderabad,Chennai Super Kings,Sharjah Cricket Stadium,2014-04-27,Sunrisers Hyderabad,bat,Chennai Super Kings
501207,Pune Warriors,Kochi Tuskers Kerala,Dr DY Patil Sports Academy,2011-04-13,Kochi Tuskers Kerala,bat,Pune Warriors
548343,Chennai Super Kings,Kings XI Punjab,"MA Chidambaram Stadium, Chepauk",2012-04-28,Kings XI Punjab,bat,Kings XI Punjab
598012,Chennai Super Kings,Royal Challengers Bangalore,"MA Chidambaram Stadium, Chepauk",2013-04-13,Chennai Super Kings,field,Chennai Super Kings
548350,Royal Challengers Bangalore,Kings XI Punjab,M Chinnaswamy Stadium,2012-05-02,Kings XI Punjab,field,Kings XI Punjab
598032,Rajasthan Royals,Sunrisers Hyderabad,Sawai Mansingh Stadium,2013-04-27,Sunrisers Hyderabad,bat,Rajasthan Royals
501270,Royal Challengers Bangalore,Mumbai Indians,"MA Chidambaram Stadium, Chepauk",2011-05-27,Mumbai Indians,field,Royal Challengers Bangalore
548317,Mumbai Indians,Rajasthan Royals,Wankhede Stadium,2012-04-11,Rajasthan Royals,field,Mumbai Indians
734039,Kings XI Punjab,Delhi Daredevils,"Punjab Cricket Association Stadium, Mohali",2014-05-25,Kings XI Punjab,field,Kings XI Punjab
1529301,Punjab Kings,Mumbai Indians,"Himachal Pradesh Cricket Association Stadium, Dharamsala",2026-05-14,Mumbai Indians,field,Mumbai Indians
1304060,Mumbai Indians,Kolkata Knight Riders,"Maharashtra Cricket Association Stadium, Pune",2022-04-06,Kolkata Knight Riders,field,Kolkata Knight Riders
1304064,Mumbai Indians,Royal Challengers Bangalore,"Maharashtra Cricket Association Stadium, Pune",2022-04-09,Royal Challengers Bangalore,field,Royal Challengers Bangalore
501213,Pune Warriors,Delhi Daredevils,Dr DY Patil Sports Academy,2011-04-17,Delhi Daredevils,field,Delhi Daredevils
419112,Royal Challengers Bangalore,Kings XI Punjab,M Chinnaswamy Stadium,2010-03-16,Kings XI Punjab,bat,Royal Challengers Bangalore
1473448,Rajasthan Royals,Chennai Super Kings,"Barsapara Cricket Stadium, Guwahati",2025-03-30,Chennai Super Kings,field,Rajasthan Royals
1359480,Chennai Super Kings,Lucknow Super Giants,"MA Chidambaram Stadium, Chepauk, Chennai",2023-04-03,Lucknow Super Giants,field,Chennai Super Kings
1359518,Delhi Capitals,Gujarat Titans,"Narendra Modi Stadium, Ahmedabad",2023-05-02,Delhi Capitals,bat,Delhi Capitals
548346,Mumbai Indians,Deccan Chargers,Wankhede Stadium,2012-04-29,Mumbai Indians,field,Mumbai Indians
1304065,Delhi Capitals,Kolkata Knight Riders,"Brabourne Stadium, Mumbai",2022-04-10,Kolkata Knight Riders,field,Delhi Capitals
1178393,Chennai Super Kings,Kings XI Punjab,MA Chidambaram Stadium,2019-04-06,Chennai Super Kings,bat,Chennai Super Kings
1254110,Chennai Super Kings,Delhi Capitals,Dubai International Cricket Stadium,2021-10-04,Delhi Capitals,field,Delhi Capitals
1304085,Rajasthan Royals,Royal Challengers Bangalore,"Maharashtra Cricket Association Stadium, Pune",2022-04-26,Royal Challengers Bangalore,field,Rajasthan Royals
1254091,Sunrisers Hyderabad,Chennai Super Kings,Sharjah Cricket Stadium,2021-09-30,Chennai Super Kings,field,Chennai Super Kings
501198,Chennai Super Kings,Kolkata Knight Riders,"MA Chidambaram Stadium, Chepauk",2011-04-08,Chennai Super Kings,bat,Chennai Super Kings
1136566,Rajasthan Royals,Delhi Daredevils,Sawai Mansingh Stadium,2018-04-11,Delhi Daredevils,field,Rajasthan Royals
1473491,Punjab Kings,Lucknow Super Giants,"Himachal Pradesh Cricket Association Stadium, Dharamsala",2025-05-04,Lucknow Super Giants,field,Punjab Kings
548356,Royal Challengers Bangalore,Deccan Chargers,M Chinnaswamy Stadium,2012-05-06,Royal Challengers Bangalore,field,Royal Challengers Bangalore
1359489,Royal Challengers Bangalore,Lucknow Super Giants,"M Chinnaswamy Stadium, Bengaluru",2023-04-10,Lucknow Super Giants,field,Lucknow Super Giants
1216523,Kolkata Knight Riders,Kings XI Punjab,Sheikh Zayed Stadium,2020-10-10,Kolkata Knight Riders,bat,Kolkata Knight Riders
1175370,Mumbai Indians,Chennai Super Kings,Wankhede Stadium,2019-04-03,Chennai Super Kings,field,Mumbai Indians
1473482,Mumbai Indians,Lucknow Super Giants,"Wankhede Stadium, Mumbai",2025-04-27,Lucknow Super Giants,field,Mumbai Indians
1082601,Kolkata Knight Riders,Kings XI Punjab,Eden Gardens,2017-04-13,Kolkata Knight Riders,field,Kolkata Knight Riders
829765,Chennai Super Kings,Kolkata Knight Riders,"MA Chidambaram Stadium, Chepauk",2015-04-28,Kolkata Knight Riders,field,Chennai Super Kings
419120,Deccan Chargers,Delhi Daredevils,Barabati Stadium,2010-03-21,Deccan Chargers,bat,Deccan Chargers
1175368,Kings XI Punjab,Delhi Capitals,Punjab Cricket Association IS Bindra Stadium,2019-04-01,Delhi Capitals,field,Kings XI Punjab
1304086,Sunrisers Hyderabad,Gujarat Titans,"Wankhede Stadium, Mumbai",2022-04-27,Gujarat Titans,field,Gujarat Titans
733979,Rajasthan Royals,Kolkata Knight Riders,"Sardar Patel Stadium, Motera",2014-05-05,Kolkata Knight Riders,field,Rajasthan Royals
829783,Mumbai Indians,Delhi Daredevils,Wankhede Stadium,2015-05-05,Delhi Daredevils,bat,Mumbai Indians
598042,Pune Warriors,Royal Challengers Bangalore,Subrata Roy Sahara Stadium,2013-05-02,Royal Challengers Bangalore,bat,Royal Challengers Bangalore
1473506,Mumbai Indians,Punjab Kings,"Sawai Mansingh Stadium, Jaipur",2025-05-26,Punjab Kings,field,Punjab Kings
1304053,Chennai Super Kings,Lucknow Super Giants,"Brabourne Stadium, Mumbai",2022-03-31,Lucknow Super Giants,field,Lucknow Super Giants
1473454,Delhi Capitals,Chennai Super Kings,"MA Chidambaram Stadium, Chepauk, Chennai",2025-04-05,Delhi Capitals,bat,Delhi Capitals
1527687,Gujarat Titans,Delhi Capitals,"Arun Jaitley Stadium, Delhi",2026-04-08,Delhi Capitals,field,Gujarat Titans
1304078,Punjab Kings,Delhi Capitals,"Brabourne Stadium, Mumbai",2022-04-20,Delhi Capitals,field,Delhi Capitals
501211,Chennai Super Kings,Royal Challengers Bangalore,"MA Chidambaram Stadium, Chepauk",2011-04-16,Chennai Super Kings,bat,Chennai Super Kings
1178402,Mumbai Indians,Rajasthan Royals,Wankhede Stadium,2019-04-13,Rajasthan Royals,field,Rajasthan Royals
1473441,Lucknow Super Giants,Delhi Capitals,"Dr. Y.S. Rajasekhara Reddy ACA-VDCA Cricket Stadium, Visakhapatnam",2025-03-24,Delhi Capitals,field,Delhi Capitals
1527686,Rajasthan Royals,Mumbai Indians,"Barsapara Cricket Stadium, Guwahati",2026-04-07,Mumbai Indians,field,Rajasthan Royals
598049,Rajasthan Royals,Delhi Daredevils,Sawai Mansingh Stadium,2013-05-07,Delhi Daredevils,bat,Rajasthan Royals
1359487,Gujarat Titans,Kolkata Knight Riders,"Narendra Modi Stadium, Ahmedabad",2023-04-09,Gujarat Titans,bat,Kolkata Knight Riders
548332,Chennai Super Kings,Rajasthan Royals,"MA Chidambaram Stadium, Chepauk",2012-04-21,Rajasthan Royals,bat,Chennai Super Kings
1529294,Delhi Capitals,Kolkata Knight Riders,"Arun Jaitley Stadium, Delhi",2026-05-08,Kolkata Knight Riders,field,Kolkata Knight Riders
598017,Royal Challengers Bangalore,Delhi Daredevils,M Chinnaswamy Stadium,2013-04-16,Royal Challengers Bangalore,field,No Result
1136585,Sunrisers Hyderabad,Kings XI Punjab,Rajiv Gandhi International Stadium,2018-04-26,Kings XI Punjab,field,Sunrisers Hyderabad
1529300,Kolkata Knight Riders,Royal Challengers Bengaluru,"Shaheed Veer Narayan Singh International Stadium, Raipur",2026-05-13,Royal Challengers Bengaluru,field,Royal Challengers Bengaluru
1359484,Sunrisers Hyderabad,Lucknow Super Giants,"Bharat Ratna Shri Atal Bihari Vajpayee Ekana Cricket Stadium, Lucknow",2023-04-07,Sunrisers Hyderabad,bat,Lucknow Super Giants
1175366,Sunrisers Hyderabad,Royal Challengers Bangalore,Rajiv Gandhi International Stadium,2019-03-31,Royal Challengers Bangalore,field,Sunrisers Hyderabad
548360,Mumbai Indians,Royal Challengers Bangalore,Wankhede Stadium,2012-05-09,Royal Challengers Bangalore,field,Royal Challengers Bangalore
1082629,Rising Pune Supergiant,Gujarat Lions,Maharashtra Cricket Association Stadium,2017-05-01,Rising Pune Supergiant,field,Rising Pune Supergiant
829707,Chennai Super Kings,Delhi Daredevils,"MA Chidambaram Stadium, Chepauk",2015-04-09,Delhi Daredevils,field,Chennai Super Kings
1426270,Gujarat Titans,Delhi Capitals,"Narendra Modi Stadium, Ahmedabad",2024-04-17,Delhi Capitals,field,Delhi Capitals
392234,Chennai Super Kings,Kings XI Punjab,Kingsmead,2009-05-20,Chennai Super Kings,bat,Chennai Super Kings
336028,Mumbai Indians,Kings XI Punjab,Wankhede Stadium,2008-05-21,Mumbai Indians,field,Kings XI Punjab
548311,Deccan Chargers,Chennai Super Kings,Dr. Y.S. Rajasekhara Reddy ACA-VDCA Cricket Stadium,2012-04-07,Deccan Chargers,field,Chennai Super Kings
548329,Deccan Chargers,Delhi Daredevils,"Rajiv Gandhi International Stadium, Uppal",2012-05-10,Deccan Chargers,bat,Delhi Daredevils
1178417,Royal Challengers Bangalore,Kings XI Punjab,M.Chinnaswamy Stadium,2019-04-24,Kings XI Punjab,field,Royal Challengers Bangalore
1082610,Gujarat Lions,Royal Challengers Bangalore,Saurashtra Cricket Association Stadium,2017-04-18,Gujarat Lions,field,Royal Challengers Bangalore
1136569,Mumbai Indians,Delhi Daredevils,Wankhede Stadium,2018-04-14,Delhi Daredevils,field,Delhi Daredevils
1473478,Sunrisers Hyderabad,Mumbai Indians,"Rajiv Gandhi International Stadium, Uppal, Hyderabad",2025-04-23,Mumbai Indians,field,Mumbai Indians
1426275,Punjab Kings,Gujarat Titans,"Maharaja Yadavindra Singh International Cricket Stadium, Mullanpur",2024-04-21,Punjab Kings,bat,Gujarat Titans
1175371,Delhi Capitals,Sunrisers Hyderabad,Arun Jaitley Stadium,2019-04-04,Sunrisers Hyderabad,field,Sunrisers Hyderabad
336010,Kolkata Knight Riders,Royal Challengers Bangalore,Eden Gardens,2008-05-08,Kolkata Knight Riders,bat,Kolkata Knight Riders
1082624,Rising Pune Supergiant,Royal Challengers Bangalore,Maharashtra Cricket Association Stadium,2017-04-29,Royal Challengers Bangalore,field,Rising Pune Supergiant
501215,Kochi Tuskers Kerala,Chennai Super Kings,Nehru Stadium,2011-04-18,Kochi Tuskers Kerala,field,Kochi Tuskers Kerala
1359503,Sunrisers Hyderabad,Chennai Super Kings,"MA Chidambaram Stadium, Chepauk, Chennai",2023-04-21,Chennai Super Kings,field,Chennai Super Kings
1426283,Gujarat Titans,Royal Challengers Bengaluru,"Narendra Modi Stadium, Ahmedabad",2024-04-28,Royal Challengers Bengaluru,field,Royal Challengers Bengaluru
392220,Deccan Chargers,Rajasthan Royals,De Beers Diamond Oval,2009-05-11,Deccan Chargers,bat,Deccan Chargers
1216534,Royal Challengers Bangalore,Sunrisers Hyderabad,Dubai International Cricket Stadium,2020-09-21,Sunrisers Hyderabad,field,Royal Challengers Bangalore
392189,Chennai Super Kings,Delhi Daredevils,Kingsmead,2009-04-23,Delhi Daredevils,bat,Delhi Daredevils
598024,Delhi Daredevils,Mumbai Indians,Feroz Shah Kotla,2013-04-21,Mumbai Indians,bat,Delhi Daredevils
733987,Kings XI Punjab,Chennai Super Kings,Barabati Stadium,2014-05-07,Chennai Super Kings,field,Kings XI Punjab
980943,Sunrisers Hyderabad,Rising Pune Supergiants,"Rajiv Gandhi International Stadium, Uppal",2016-04-26,Rising Pune Supergiants,field,Rising Pune Supergiants
419142,Chennai Super Kings,Mumbai Indians,"MA Chidambaram Stadium, Chepauk",2010-04-06,Chennai Super Kings,bat,Chennai Super Kings
1254065,Punjab Kings,Chennai Super Kings,"Wankhede Stadium, Mumbai",2021-04-16,Chennai Super Kings,field,Chennai Super Kings
598059,Delhi Daredevils,Kings XI Punjab,Feroz Shah Kotla,2013-04-23,Kings XI Punjab,field,Kings XI Punjab
1082625,Gujarat Lions,Mumbai Indians,Saurashtra Cricket Association Stadium,2017-04-29,Gujarat Lions,bat,No Result
1422134,Kolkata Knight Riders,Delhi Capitals,"Dr. Y.S. Rajasekhara Reddy ACA-VDCA Cricket Stadium, Visakhapatnam",2024-04-03,Kolkata Knight Riders,bat,Kolkata Knight Riders
501259,Pune Warriors,Deccan Chargers,Dr DY Patil Sports Academy,2011-05-16,Deccan Chargers,field,Deccan Chargers
1304055,Rajasthan Royals,Mumbai Indians,"Dr DY Patil Sports Academy, Mumbai",2022-04-02,Mumbai Indians,field,Rajasthan Royals
419117,Deccan Chargers,Kings XI Punjab,Barabati Stadium,2010-03-19,Kings XI Punjab,field,Deccan Chargers
392190,Kolkata Knight Riders,Rajasthan Royals,Newlands,2009-04-23,Kolkata Knight Riders,field,No Result
1082645,Rising Pune Supergiant,Kings XI Punjab,Maharashtra Cricket Association Stadium,2017-05-14,Rising Pune Supergiant,field,Rising Pune Supergiant
419106,Deccan Chargers,Kolkata Knight Riders,Dr DY Patil Sports Academy,2010-03-12,Deccan Chargers,field,Kolkata Knight Riders
1422133,Lucknow Super Giants,Royal Challengers Bengaluru,"M Chinnaswamy Stadium, Bengaluru",2024-04-02,Royal Challengers Bengaluru,field,Lucknow Super Giants
1216511,Mumbai Indians,Rajasthan Royals,Sheikh Zayed Stadium,2020-10-06,Mumbai Indians,bat,Mumbai Indians
1175362,Mumbai Indians,Royal Challengers Bangalore,M.Chinnaswamy Stadium,2019-03-28,Royal Challengers Bangalore,field,Mumbai Indians
1527683,Sunrisers Hyderabad,Lucknow Super Giants,"Rajiv Gandhi International Stadium, Uppal, Hyderabad",2026-04-05,Lucknow Super Giants,field,Lucknow Super Giants
1178425,Chennai Super Kings,Delhi Capitals,MA Chidambaram Stadium,2019-05-01,Delhi Capitals,field,Chennai Super Kings
419140,Delhi Daredevils,Royal Challengers Bangalore,Feroz Shah Kotla,2010-04-04,Delhi Daredevils,bat,Delhi Daredevils
1529266,Lucknow Super Giants,Royal Challengers Bengaluru,"M Chinnaswamy Stadium, Bengaluru",2026-04-15,Royal Challengers Bengaluru,field,Royal Challengers Bengaluru
1254113,Royal Challengers Bangalore,Chennai Super Kings,Sharjah Cricket Stadium,2021-09-24,Chennai Super Kings,field,Chennai Super Kings
501240,Chennai Super Kings,Rajasthan Royals,"MA Chidambaram Stadium, Chepauk",2011-05-04,Rajasthan Royals,bat,Chennai Super Kings
1359508,Delhi Capitals,Sunrisers Hyderabad,"Rajiv Gandhi International Stadium, Uppal, Hyderabad",2023-04-24,Delhi Capitals,bat,Delhi Capitals
1473477,Lucknow Super Giants,Delhi Capitals,"Bharat Ratna Shri Atal Bihari Vajpayee Ekana Cricket Stadium, Lucknow",2025-04-22,Delhi Capitals,field,Delhi Capitals
733993,Delhi Daredevils,Sunrisers Hyderabad,Feroz Shah Kotla,2014-05-10,Sunrisers Hyderabad,field,Sunrisers Hyderabad
336034,Royal Challengers Bangalore,Deccan Chargers,M Chinnaswamy Stadium,2008-05-03,Deccan Chargers,field,Royal Challengers Bangalore
1304061,Delhi Capitals,Lucknow Super Giants,"Dr DY Patil Sports Academy, Mumbai",2022-04-07,Lucknow Super Giants,field,Lucknow Super Giants
1473445,Royal Challengers Bengaluru,Chennai Super Kings,"MA Chidambaram Stadium, Chepauk, Chennai",2025-03-28,Chennai Super Kings,field,Royal Challengers Bengaluru
392208,Royal Challengers Bangalore,Mumbai Indians,New Wanderers Stadium,2009-05-03,Mumbai Indians,bat,Royal Challengers Bangalore
980909,Kolkata Knight Riders,Mumbai Indians,Eden Gardens,2016-04-13,Mumbai Indians,field,Mumbai Indians
548324,Royal Challengers Bangalore,Rajasthan Royals,M Chinnaswamy Stadium,2012-04-15,Rajasthan Royals,bat,Rajasthan Royals
1175372,Royal Challengers Bangalore,Kolkata Knight Riders,M.Chinnaswamy Stadium,2019-04-05,Kolkata Knight Riders,field,Kolkata Knight Riders
598052,Kings XI Punjab,Rajasthan Royals,"Punjab Cricket Association Stadium, Mohali",2013-05-09,Rajasthan Royals,field,Rajasthan Royals
1136608,Kings XI Punjab,Royal Challengers Bangalore,Holkar Cricket Stadium,2018-05-14,Royal Challengers Bangalore,field,Royal Challengers Bangalore
1136564,Rajasthan Royals,Sunrisers Hyderabad,Rajiv Gandhi International Stadium,2018-04-09,Sunrisers Hyderabad,field,Sunrisers Hyderabad
1304115,Delhi Capitals,Mumbai Indians,"Wankhede Stadium, Mumbai",2022-05-21,Mumbai Indians,field,Mumbai Indians
1359516,Rajasthan Royals,Mumbai Indians,"Wankhede Stadium, Mumbai",2023-04-30,Rajasthan Royals,bat,Mumbai Indians
1304091,Lucknow Super Giants,Delhi Capitals,"Wankhede Stadium, Mumbai",2022-05-01,Lucknow Super Giants,bat,Lucknow Super Giants
1178416,Sunrisers Hyderabad,Chennai Super Kings,MA Chidambaram Stadium,2019-04-23,Chennai Super Kings,field,Chennai Super Kings
1254074,Mumbai Indians,Punjab Kings,"MA Chidambaram Stadium, Chepauk, Chennai",2021-04-23,Punjab Kings,field,Punjab Kings
980987,Royal Challengers Bangalore,Gujarat Lions,M Chinnaswamy Stadium,2016-05-14,Gujarat Lions,field,Royal Challengers Bangalore
598015,Chennai Super Kings,Pune Warriors,"MA Chidambaram Stadium, Chepauk",2013-04-15,Pune Warriors,bat,Pune Warriors
1473443,Rajasthan Royals,Kolkata Knight Riders,"Barsapara Cricket Stadium, Guwahati",2025-03-26,Kolkata Knight Riders,field,Kolkata Knight Riders
1359544,Royal Challengers Bangalore,Gujarat Titans,"M Chinnaswamy Stadium, Bengaluru",2023-05-21,Gujarat Titans,field,Gujarat Titans
598067,Pune Warriors,Delhi Daredevils,Subrata Roy Sahara Stadium,2013-05-19,Pune Warriors,bat,Pune Warriors
1136596,Delhi Daredevils,Sunrisers Hyderabad,Rajiv Gandhi International Stadium,2018-05-05,Delhi Daredevils,bat,Sunrisers Hyderabad
1136595,Royal Challengers Bangalore,Chennai Super Kings,Maharashtra Cricket Association Stadium,2018-05-05,Chennai Super Kings,field,Chennai Super Kings
1178424,Royal Challengers Bangalore,Rajasthan Royals,M.Chinnaswamy Stadium,2019-04-30,Rajasthan Royals,field,No Result
598071,Rajasthan Royals,Sunrisers Hyderabad,Feroz Shah Kotla,2013-05-22,Sunrisers Hyderabad,bat,Rajasthan Royals
548321,Delhi Daredevils,Deccan Chargers,Feroz Shah Kotla,2012-04-19,Deccan Chargers,bat,Delhi Daredevils
392227,Chennai Super Kings,Mumbai Indians,St George's Park,2009-05-16,Mumbai Indians,bat,Chennai Super Kings
980999,Royal Challengers Bangalore,Kings XI Punjab,M Chinnaswamy Stadium,2016-05-18,Kings XI Punjab,field,Royal Challengers Bangalore
501226,Chennai Super Kings,Pune Warriors,"MA Chidambaram Stadium, Chepauk",2011-04-25,Pune Warriors,field,Chennai Super Kings
1529273,Mumbai Indians,Gujarat Titans,"Narendra Modi Stadium, Ahmedabad",2026-04-20,Gujarat Titans,field,Mumbai Indians
1359534,Royal Challengers Bangalore,Rajasthan Royals,"Sawai Mansingh Stadium, Jaipur",2023-05-14,Royal Challengers Bangalore,bat,Royal Challengers Bangalore
980973,Mumbai Indians,Sunrisers Hyderabad,Dr. Y.S. Rajasekhara Reddy ACA-VDCA Cricket Stadium,2016-05-08,Mumbai Indians,field,Sunrisers Hyderabad
1473464,Punjab Kings,Sunrisers Hyderabad,"Rajiv Gandhi International Stadium, Uppal, Hyderabad",2025-04-12,Punjab Kings,bat,Sunrisers Hyderabad
1422123,Gujarat Titans,Mumbai Indians,"Narendra Modi Stadium, Ahmedabad",2024-03-24,Mumbai Indians,field,Gujarat Titans
980995,Kolkata Knight Riders,Royal Challengers Bangalore,Eden Gardens,2016-05-16,Royal Challengers Bangalore,field,Royal Challengers Bangalore
392232,Royal Challengers Bangalore,Delhi Daredevils,New Wanderers Stadium,2009-05-19,Delhi Daredevils,bat,Royal Challengers Bangalore
419165,Chennai Super Kings,Mumbai Indians,Dr DY Patil Sports Academy,2010-04-25,Chennai Super Kings,bat,Chennai Super Kings
829719,Royal Challengers Bangalore,Sunrisers Hyderabad,M Chinnaswamy Stadium,2015-04-13,Sunrisers Hyderabad,field,Sunrisers Hyderabad
1527676,Chennai Super Kings,Rajasthan Royals,"Barsapara Cricket Stadium, Guwahati",2026-03-30,Rajasthan Royals,field,Rajasthan Royals
1178406,Royal Challengers Bangalore,Mumbai Indians,Wankhede Stadium,2019-04-15,Mumbai Indians,field,Mumbai Indians
501221,Mumbai Indians,Chennai Super Kings,Wankhede Stadium,2011-04-22,Chennai Super Kings,field,Mumbai Indians
1426272,Chennai Super Kings,Lucknow Super Giants,"Bharat Ratna Shri Atal Bihari Vajpayee Ekana Cricket Stadium, Lucknow",2024-04-19,Lucknow Super Giants,field,Lucknow Super Giants
1359525,Gujarat Titans,Lucknow Super Giants,"Narendra Modi Stadium, Ahmedabad",2023-05-07,Lucknow Super Giants,field,Gujarat Titans
1216528,Chennai Super Kings,Sunrisers Hyderabad,Dubai International Cricket Stadium,2020-10-13,Chennai Super Kings,bat,Chennai Super Kings
392229,Deccan Chargers,Kings XI Punjab,New Wanderers Stadium,2009-05-17,Deccan Chargers,field,Kings XI Punjab
1237180,Delhi Capitals,Sunrisers Hyderabad,Sheikh Zayed Stadium,2020-11-08,Delhi Capitals,bat,Delhi Capitals
1359507,Chennai Super Kings,Kolkata Knight Riders,"Eden Gardens, Kolkata",2023-04-23,Kolkata Knight Riders,field,Chennai Super Kings
1359490,Delhi Capitals,Mumbai Indians,"Arun Jaitley Stadium, Delhi",2023-04-11,Mumbai Indians,field,Mumbai Indians
1529267,Mumbai Indians,Punjab Kings,"Wankhede Stadium, Mumbai",2026-04-16,Punjab Kings,field,Punjab Kings
733975,Delhi Daredevils,Rajasthan Royals,Feroz Shah Kotla,2014-05-03,Rajasthan Royals,field,Rajasthan Royals
598002,Chennai Super Kings,Mumbai Indians,"MA Chidambaram Stadium, Chepauk",2013-04-06,Mumbai Indians,bat,Mumbai Indians
1359532,Sunrisers Hyderabad,Lucknow Super Giants,"Rajiv Gandhi International Stadium, Uppal, Hyderabad",2023-05-13,Sunrisers Hyderabad,bat,Lucknow Super Giants
598057,Kolkata Knight Riders,Royal Challengers Bangalore,JSCA International Stadium Complex,2013-05-12,Kolkata Knight Riders,field,Kolkata Knight Riders
501247,Royal Challengers Bangalore,Kochi Tuskers Kerala,M Chinnaswamy Stadium,2011-05-08,Kochi Tuskers Kerala,bat,Royal Challengers Bangalore
419133,Chennai Super Kings,Royal Challengers Bangalore,"MA Chidambaram Stadium, Chepauk",2010-03-31,Royal Challengers Bangalore,bat,Chennai Super Kings
1473485,Kolkata Knight Riders,Delhi Capitals,"Arun Jaitley Stadium, Delhi",2025-04-29,Delhi Capitals,field,Kolkata Knight Riders
980923,Sunrisers Hyderabad,Mumbai Indians,"Rajiv Gandhi International Stadium, Uppal",2016-04-18,Sunrisers Hyderabad,field,Sunrisers Hyderabad
981001,Gujarat Lions,Kolkata Knight Riders,Green Park,2016-05-19,Gujarat Lions,field,Gujarat Lions
1136562,Delhi Daredevils,Kings XI Punjab,Punjab Cricket Association IS Bindra Stadium,2018-04-08,Kings XI Punjab,field,Kings XI Punjab
1254058,Mumbai Indians,Royal Challengers Bangalore,"MA Chidambaram Stadium, Chepauk, Chennai",2021-04-09,Royal Challengers Bangalore,field,Royal Challengers Bangalore
1136579,Delhi Daredevils,Royal Challengers Bangalore,M.Chinnaswamy Stadium,2018-04-21,Royal Challengers Bangalore,field,Royal Challengers Bangalore
501255,Royal Challengers Bangalore,Kolkata Knight Riders,M Chinnaswamy Stadium,2011-05-14,Royal Challengers Bangalore,field,Royal Challengers Bangalore
1082616,Gujarat Lions,Kings XI Punjab,Saurashtra Cricket Association Stadium,2017-04-23,Gujarat Lions,field,Kings XI Punjab
1216541,Mumbai Indians,Rajasthan Royals,Sheikh Zayed Stadium,2020-10-25,Mumbai Indians,bat,Rajasthan Royals
336009,Delhi Daredevils,Chennai Super Kings,Feroz Shah Kotla,2008-05-08,Chennai Super Kings,field,Chennai Super Kings
335990,Deccan Chargers,Rajasthan Royals,"Rajiv Gandhi International Stadium, Uppal",2008-04-24,Rajasthan Royals,field,Rajasthan Royals
1473440,Mumbai Indians,Chennai Super Kings,"MA Chidambaram Stadium, Chepauk, Chennai",2025-03-23,Chennai Super Kings,field,Chennai Super Kings
1473442,Punjab Kings,Gujarat Titans,"Narendra Modi Stadium, Ahmedabad",2025-03-25,Gujarat Titans,field,Punjab Kings
1304074,Punjab Kings,Sunrisers Hyderabad,"Dr DY Patil Sports Academy, Mumbai",2022-04-17,Sunrisers Hyderabad,field,Sunrisers Hyderabad
1178400,Rajasthan Royals,Chennai Super Kings,Sawai Mansingh Stadium,2019-04-11,Chennai Super Kings,field,Chennai Super Kings
1359492,Punjab Kings,Gujarat Titans,"Punjab Cricket Association IS Bindra Stadium, Mohali, Chandigarh",2023-04-13,Gujarat Titans,field,Gujarat Titans
1136615,Delhi Daredevils,Mumbai Indians,Arun Jaitley Stadium,2018-05-20,Delhi Daredevils,bat,Delhi Daredevils
1136580,Chennai Super Kings,Sunrisers Hyderabad,Rajiv Gandhi International Stadium,2018-04-22,Sunrisers Hyderabad,field,Chennai Super Kings
1359493,Sunrisers Hyderabad,Kolkata Knight Riders,"Eden Gardens, Kolkata",2023-04-14,Kolkata Knight Riders,field,Sunrisers Hyderabad
1082638,Sunrisers Hyderabad,Mumbai Indians,"Rajiv Gandhi International Stadium, Uppal",2017-05-08,Mumbai Indians,bat,Sunrisers Hyderabad
1082597,Mumbai Indians,Kolkata Knight Riders,Wankhede Stadium,2017-04-09,Mumbai Indians,field,Mumbai Indians
1136611,Royal Challengers Bangalore,Sunrisers Hyderabad,M.Chinnaswamy Stadium,2018-05-17,Sunrisers Hyderabad,field,Royal Challengers Bangalore
501241,Pune Warriors,Mumbai Indians,Dr DY Patil Sports Academy,2011-05-04,Pune Warriors,field,Mumbai Indians
548328,Kings XI Punjab,Kolkata Knight Riders,"Punjab Cricket Association Stadium, Mohali",2012-04-18,Kings XI Punjab,bat,Kolkata Knight Riders
1254114,Delhi Capitals,Chennai Super Kings,Dubai International Cricket Stadium,2021-10-10,Chennai Super Kings,field,Chennai Super Kings
548354,Kings XI Punjab,Rajasthan Royals,"Punjab Cricket Association Stadium, Mohali",2012-05-05,Rajasthan Royals,bat,Rajasthan Royals
336004,Mumbai Indians,Delhi Daredevils,Dr DY Patil Sports Academy,2008-05-04,Delhi Daredevils,field,Mumbai Indians
1304080,Rajasthan Royals,Delhi Capitals,"Wankhede Stadium, Mumbai",2022-04-22,Delhi Capitals,field,Rajasthan Royals
548359,Deccan Chargers,Kings XI Punjab,"Rajiv Gandhi International Stadium, Uppal",2012-05-08,Deccan Chargers,field,Kings XI Punjab
1527691,Chennai Super Kings,Delhi Capitals,"MA Chidambaram Stadium, Chepauk, Chennai",2026-04-11,Delhi Capitals,field,Chennai Super Kings
1216544,Royal Challengers Bangalore,Chennai Super Kings,Dubai International Cricket Stadium,2020-10-25,Royal Challengers Bangalore,bat,Chennai Super Kings
336021,Mumbai Indians,Kolkata Knight Riders,Wankhede Stadium,2008-05-16,Mumbai Indians,field,Mumbai Indians
548342,Delhi Daredevils,Mumbai Indians,Feroz Shah Kotla,2012-04-27,Mumbai Indians,field,Delhi Daredevils
597998,Kolkata Knight Riders,Delhi Daredevils,Eden Gardens,2013-04-03,Kolkata Knight Riders,field,Kolkata Knight Riders
1254060,Kolkata Knight Riders,Sunrisers Hyderabad,"MA Chidambaram Stadium, Chepauk, Chennai",2021-04-11,Sunrisers Hyderabad,field,Kolkata Knight Riders
598025,Kings XI Punjab,Pune Warriors,"Punjab Cricket Association Stadium, Mohali",2013-04-21,Kings XI Punjab,field,Kings XI Punjab
734027,Kolkata Knight Riders,Royal Challengers Bangalore,Eden Gardens,2014-05-22,Royal Challengers Bangalore,field,Kolkata Knight Riders
729281,Delhi Daredevils,Royal Challengers Bangalore,Sharjah Cricket Stadium,2014-04-17,Royal Challengers Bangalore,field,Royal Challengers Bangalore
1216508,Mumbai Indians,Kolkata Knight Riders,Sheikh Zayed Stadium,2020-09-23,Kolkata Knight Riders,field,Mumbai Indians
1529303,Kolkata Knight Riders,Gujarat Titans,"Eden Gardens, Kolkata",2026-05-16,Gujarat Titans,field,Kolkata Knight Riders
1136587,Chennai Super Kings,Mumbai Indians,Maharashtra Cricket Association Stadium,2018-04-28,Mumbai Indians,field,Mumbai Indians
1359510,Kolkata Knight Riders,Royal Challengers Bangalore,"M Chinnaswamy Stadium, Bengaluru",2023-04-26,Royal Challengers Bangalore,field,Kolkata Knight Riders
598006,Mumbai Indians,Delhi Daredevils,Wankhede Stadium,2013-04-09,Mumbai Indians,bat,Mumbai Indians
734011,Rajasthan Royals,Delhi Daredevils,"Sardar Patel Stadium, Motera",2014-05-15,Delhi Daredevils,field,Rajasthan Royals
1254080,Sunrisers Hyderabad,Chennai Super Kings,"Arun Jaitley Stadium, Delhi",2021-04-28,Sunrisers Hyderabad,bat,Chennai Super Kings
729299,Royal Challengers Bangalore,Kolkata Knight Riders,Sharjah Cricket Stadium,2014-04-24,Royal Challengers Bangalore,field,Kolkata Knight Riders
980913,Delhi Daredevils,Kings XI Punjab,Feroz Shah Kotla,2016-04-15,Delhi Daredevils,field,Delhi Daredevils
336036,Rajasthan Royals,Mumbai Indians,Sawai Mansingh Stadium,2008-05-26,Rajasthan Royals,field,Rajasthan Royals
548367,Royal Challengers Bangalore,Mumbai Indians,M Chinnaswamy Stadium,2012-05-14,Mumbai Indians,field,Mumbai Indians
1178397,Sunrisers Hyderabad,Kings XI Punjab,Punjab Cricket Association IS Bindra Stadium,2019-04-08,Kings XI Punjab,field,Kings XI Punjab
1254077,Delhi Capitals,Sunrisers Hyderabad,"MA Chidambaram Stadium, Chepauk, Chennai",2021-04-25,Delhi Capitals,bat,No Result
1082647,Mumbai Indians,Rising Pune Supergiant,Wankhede Stadium,2017-05-16,Mumbai Indians,field,Rising Pune Supergiant
1527675,Kolkata Knight Riders,Mumbai Indians,"Wankhede Stadium, Mumbai",2026-03-29,Mumbai Indians,field,Mumbai Indians
829779,Chennai Super Kings,Royal Challengers Bangalore,"MA Chidambaram Stadium, Chepauk",2015-05-04,Chennai Super Kings,bat,Chennai Super Kings
1529270,Sunrisers Hyderabad,Chennai Super Kings,"Rajiv Gandhi International Stadium, Uppal, Hyderabad",2026-04-18,Chennai Super Kings,field,Sunrisers Hyderabad
1426298,Kolkata Knight Riders,Mumbai Indians,"Eden Gardens, Kolkata",2024-05-11,Mumbai Indians,field,Kolkata Knight Riders
1216538,Mumbai Indians,Sunrisers Hyderabad,Sharjah Cricket Stadium,2020-10-04,Mumbai Indians,bat,Mumbai Indians
598070,Chennai Super Kings,Mumbai Indians,Feroz Shah Kotla,2013-05-21,Chennai Super Kings,bat,Chennai Super Kings
1304077,Royal Challengers Bangalore,Lucknow Super Giants,"Dr DY Patil Sports Academy, Mumbai",2022-04-19,Lucknow Super Giants,field,Royal Challengers Bangalore
980929,Gujarat Lions,Sunrisers Hyderabad,Saurashtra Cricket Association Stadium,2016-04-21,Sunrisers Hyderabad,field,Sunrisers Hyderabad
1136601,Mumbai Indians,Kolkata Knight Riders,Eden Gardens,2018-05-09,Kolkata Knight Riders,field,Mumbai Indians
419135,Kolkata Knight Riders,Deccan Chargers,Eden Gardens,2010-04-01,Kolkata Knight Riders,bat,Kolkata Knight Riders
336033,Chennai Super Kings,Rajasthan Royals,"MA Chidambaram Stadium, Chepauk",2008-05-24,Rajasthan Royals,bat,Rajasthan Royals
419127,Kings XI Punjab,Kolkata Knight Riders,"Punjab Cricket Association Stadium, Mohali",2010-03-27,Kolkata Knight Riders,bat,Kolkata Knight Riders
733973,Mumbai Indians,Kings XI Punjab,Wankhede Stadium,2014-05-03,Kings XI Punjab,bat,Mumbai Indians
1254096,Mumbai Indians,Kolkata Knight Riders,"Zayed Cricket Stadium, Abu Dhabi",2021-09-23,Kolkata Knight Riders,field,Kolkata Knight Riders
1473456,Lucknow Super Giants,Kolkata Knight Riders,"Eden Gardens, Kolkata",2025-04-08,Kolkata Knight Riders,field,Lucknow Super Giants
335997,Kolkata Knight Riders,Mumbai Indians,Eden Gardens,2008-04-29,Kolkata Knight Riders,bat,Mumbai Indians
1216512,Kolkata Knight Riders,Sunrisers Hyderabad,Sheikh Zayed Stadium,2020-10-18,Sunrisers Hyderabad,field,No Result
419155,Chennai Super Kings,Delhi Daredevils,"MA Chidambaram Stadium, Chepauk",2010-04-15,Chennai Super Kings,bat,Delhi Daredevils
1426285,Delhi Capitals,Kolkata Knight Riders,"Eden Gardens, Kolkata",2024-04-29,Delhi Capitals,bat,Kolkata Knight Riders
419110,Chennai Super Kings,Deccan Chargers,"MA Chidambaram Stadium, Chepauk",2010-03-14,Deccan Chargers,bat,Deccan Chargers
1473500,Chennai Super Kings,Rajasthan Royals,"Arun Jaitley Stadium, Delhi",2025-05-20,Rajasthan Royals,field,Rajasthan Royals
1473481,Punjab Kings,Kolkata Knight Riders,"Eden Gardens, Kolkata",2025-04-26,Punjab Kings,bat,No Result
1304099,Lucknow Super Giants,Kolkata Knight Riders,"Maharashtra Cricket Association Stadium, Pune",2022-05-07,Kolkata Knight Riders,field,Lucknow Super Giants
1216542,Sunrisers Hyderabad,Kings XI Punjab,Dubai International Cricket Stadium,2020-10-08,Sunrisers Hyderabad,bat,Sunrisers Hyderabad
548341,Pune Warriors,Deccan Chargers,Subrata Roy Sahara Stadium,2012-04-26,Deccan Chargers,bat,Deccan Chargers
548319,Kings XI Punjab,Pune Warriors,"Punjab Cricket Association Stadium, Mohali",2012-04-12,Kings XI Punjab,field,Kings XI Punjab
734021,Sunrisers Hyderabad,Royal Challengers Bangalore,"Rajiv Gandhi International Stadium, Uppal",2014-05-20,Royal Challengers Bangalore,bat,Sunrisers Hyderabad
392206,Chennai Super Kings,Delhi Daredevils,New Wanderers Stadium,2009-05-02,Delhi Daredevils,field,Chennai Super Kings
1422120,Delhi Capitals,Punjab Kings,"Maharaja Yadavindra Singh International Cricket Stadium, Mullanpur",2024-03-23,Punjab Kings,field,Punjab Kings
1426292,Kolkata Knight Riders,Lucknow Super Giants,"Bharat Ratna Shri Atal Bihari Vajpayee Ekana Cricket Stadium, Lucknow",2024-05-05,Lucknow Super Giants,field,Kolkata Knight Riders
829725,Kings XI Punjab,Delhi Daredevils,Maharashtra Cricket Association Stadium,2015-04-15,Kings XI Punjab,bat,Delhi Daredevils
336000,Rajasthan Royals,Kolkata Knight Riders,Sawai Mansingh Stadium,2008-05-01,Rajasthan Royals,bat,Rajasthan Royals
1178429,Sunrisers Hyderabad,Royal Challengers Bangalore,M.Chinnaswamy Stadium,2019-05-04,Royal Challengers Bangalore,field,Royal Challengers Bangalore
598060,Mumbai Indians,Sunrisers Hyderabad,Wankhede Stadium,2013-05-13,Sunrisers Hyderabad,bat,Mumbai Indians
1529265,Chennai Super Kings,Kolkata Knight Riders,"MA Chidambaram Stadium, Chepauk, Chennai",2026-04-14,Kolkata Knight Riders,field,Chennai Super Kings
1473502,Lucknow Super Giants,Gujarat Titans,"Narendra Modi Stadium, Ahmedabad",2025-05-22,Gujarat Titans,field,Lucknow Super Giants
1082608,Delhi Daredevils,Kolkata Knight Riders,Feroz Shah Kotla,2017-04-17,Delhi Daredevils,bat,Kolkata Knight Riders
419134,Delhi Daredevils,Rajasthan Royals,Feroz Shah Kotla,2010-03-31,Delhi Daredevils,bat,Delhi Daredevils
1473511,Royal Challengers Bengaluru,Punjab Kings,"Narendra Modi Stadium, Ahmedabad",2025-06-03,Punjab Kings,field,Royal Challengers Bengaluru
980953,Sunrisers Hyderabad,Royal Challengers Bangalore,"Rajiv Gandhi International Stadium, Uppal",2016-04-30,Royal Challengers Bangalore,field,Sunrisers Hyderabad
501214,Kolkata Knight Riders,Rajasthan Royals,Eden Gardens,2011-04-17,Kolkata Knight Riders,field,Kolkata Knight Riders
1254087,Royal Challengers Bangalore,Kolkata Knight Riders,"Zayed Cricket Stadium, Abu Dhabi",2021-09-20,Royal Challengers Bangalore,bat,Kolkata Knight Riders
392191,Royal Challengers Bangalore,Kings XI Punjab,Kingsmead,2009-04-24,Royal Challengers Bangalore,bat,Kings XI Punjab
1254076,Chennai Super Kings,Royal Challengers Bangalore,"Wankhede Stadium, Mumbai",2021-04-25,Chennai Super Kings,bat,Chennai Super Kings
548347,Chennai Super Kings,Kolkata Knight Riders,"MA Chidambaram Stadium, Chepauk",2012-04-30,Chennai Super Kings,bat,Kolkata Knight Riders
1216499,Royal Challengers Bangalore,Mumbai Indians,Sheikh Zayed Stadium,2020-10-28,Mumbai Indians,field,Mumbai Indians
598031,Kolkata Knight Riders,Kings XI Punjab,Eden Gardens,2013-04-26,Kings XI Punjab,bat,Kolkata Knight Riders
335991,Kings XI Punjab,Mumbai Indians,"Punjab Cricket Association Stadium, Mohali",2008-04-25,Mumbai Indians,field,Kings XI Punjab
336039,Chennai Super Kings,Kings XI Punjab,Wankhede Stadium,2008-05-31,Kings XI Punjab,bat,Chennai Super Kings
829731,Sunrisers Hyderabad,Delhi Daredevils,Dr. Y.S. Rajasekhara Reddy ACA-VDCA Cricket Stadium,2015-04-18,Delhi Daredevils,bat,Delhi Daredevils
1473479,Royal Challengers Bengaluru,Rajasthan Royals,"M Chinnaswamy Stadium, Bengaluru",2025-04-24,Rajasthan Royals,field,Royal Challengers Bengaluru
1473501,Mumbai Indians,Delhi Capitals,"Wankhede Stadium, Mumbai",2025-05-21,Delhi Capitals,field,Mumbai Indians
1359519,Lucknow Super Giants,Chennai Super Kings,"Bharat Ratna Shri Atal Bihari Vajpayee Ekana Cricket Stadium, Lucknow",2023-05-03,Chennai Super Kings,field,No Result
1304095,Royal Challengers Bangalore,Chennai Super Kings,"Maharashtra Cricket Association Stadium, Pune",2022-05-04,Chennai Super Kings,field,Royal Challengers Bangalore
1422136,Chennai Super Kings,Sunrisers Hyderabad,"Rajiv Gandhi International Stadium, Uppal, Hyderabad",2024-04-05,Sunrisers Hyderabad,field,Sunrisers Hyderabad
1082615,Rising Pune Supergiant,Sunrisers Hyderabad,Maharashtra Cricket Association Stadium,2017-04-22,Rising Pune Supergiant,field,Rising Pune Supergiant
733977,Royal Challengers Bangalore,Sunrisers Hyderabad,M Chinnaswamy Stadium,2014-05-04,Royal Challengers Bangalore,field,Royal Challengers Bangalore
1082640,Gujarat Lions,Delhi Daredevils,Green Park,2017-05-10,Delhi Daredevils,field,Delhi Daredevils
598043,Kolkata Knight Riders,Rajasthan Royals,Eden Gardens,2013-05-03,Rajasthan Royals,bat,Kolkata Knight Riders
1527685,Kolkata Knight Riders,Punjab Kings,"Eden Gardens, Kolkata",2026-04-06,Kolkata Knight Riders,bat,No Result
829727,Sunrisers Hyderabad,Rajasthan Royals,Dr. Y.S. Rajasekhara Reddy ACA-VDCA Cricket Stadium,2015-04-16,Rajasthan Royals,field,Rajasthan Royals
981005,Rising Pune Supergiants,Kings XI Punjab,Dr. Y.S. Rajasekhara Reddy ACA-VDCA Cricket Stadium,2016-05-21,Kings XI Punjab,bat,Rising Pune Supergiants
548353,Kolkata Knight Riders,Pune Warriors,Eden Gardens,2012-05-05,Kolkata Knight Riders,bat,Kolkata Knight Riders
1216498,Kings XI Punjab,Sunrisers Hyderabad,Dubai International Cricket Stadium,2020-10-24,Sunrisers Hyderabad,field,Kings XI Punjab
392192,Deccan Chargers,Mumbai Indians,Kingsmead,2009-04-25,Deccan Chargers,bat,Deccan Chargers
1527682,Rajasthan Royals,Gujarat Titans,"Narendra Modi Stadium, Ahmedabad",2026-04-04,Rajasthan Royals,bat,Rajasthan Royals
501225,Rajasthan Royals,Kochi Tuskers Kerala,Sawai Mansingh Stadium,2011-04-24,Rajasthan Royals,field,Rajasthan Royals
1082593,Gujarat Lions,Kolkata Knight Riders,Saurashtra Cricket Association Stadium,2017-04-07,Kolkata Knight Riders,field,Kolkata Knight Riders
829737,Royal Challengers Bangalore,Mumbai Indians,M Chinnaswamy Stadium,2015-04-19,Royal Challengers Bangalore,field,Mumbai Indians
336038,Delhi Daredevils,Rajasthan Royals,Wankhede Stadium,2008-05-30,Delhi Daredevils,field,Rajasthan Royals
733991,Royal Challengers Bangalore,Kings XI Punjab,M Chinnaswamy Stadium,2014-05-09,Royal Challengers Bangalore,field,Kings XI Punjab
829733,Kings XI Punjab,Kolkata Knight Riders,Maharashtra Cricket Association Stadium,2015-04-18,Kolkata Knight Riders,field,Kolkata Knight Riders
1426267,Chennai Super Kings,Mumbai Indians,"Wankhede Stadium, Mumbai",2024-04-14,Mumbai Indians,field,Chennai Super Kings
981015,Sunrisers Hyderabad,Kolkata Knight Riders,Feroz Shah Kotla,2016-05-25,Kolkata Knight Riders,field,Sunrisers Hyderabad
1473453,Lucknow Super Giants,Mumbai Indians,"Bharat Ratna Shri Atal Bihari Vajpayee Ekana Cricket Stadium, Lucknow",2025-04-04,Mumbai Indians,field,Lucknow Super Giants
733999,Royal Challengers Bangalore,Rajasthan Royals,M Chinnaswamy Stadium,2014-05-11,Royal Challengers Bangalore,bat,Rajasthan Royals
336015,Rajasthan Royals,Delhi Daredevils,Sawai Mansingh Stadium,2008-05-11,Rajasthan Royals,field,Rajasthan Royals
548325,Mumbai Indians,Delhi Daredevils,Wankhede Stadium,2012-04-16,Delhi Daredevils,field,Delhi Daredevils
501228,Pune Warriors,Chennai Super Kings,Dr DY Patil Sports Academy,2011-04-27,Pune Warriors,bat,Chennai Super Kings
1426268,Sunrisers Hyderabad,Royal Challengers Bengaluru,"M Chinnaswamy Stadium, Bengaluru",2024-04-15,Royal Challengers Bengaluru,field,Sunrisers Hyderabad
980935,Sunrisers Hyderabad,Kings XI Punjab,"Rajiv Gandhi International Stadium, Uppal",2016-04-23,Sunrisers Hyderabad,field,Sunrisers Hyderabad
419109,Kolkata Knight Riders,Royal Challengers Bangalore,Eden Gardens,2010-03-14,Kolkata Knight Riders,field,Kolkata Knight Riders
1082635,Delhi Daredevils,Mumbai Indians,Feroz Shah Kotla,2017-05-06,Delhi Daredevils,field,Mumbai Indians
419156,Kings XI Punjab,Deccan Chargers,Himachal Pradesh Cricket Association Stadium,2010-04-16,Deccan Chargers,field,Deccan Chargers
1178430,Chennai Super Kings,Kings XI Punjab,Punjab Cricket Association IS Bindra Stadium,2019-05-05,Kings XI Punjab,field,Kings XI Punjab
419130,Deccan Chargers,Mumbai Indians,Dr DY Patil Sports Academy,2010-03-28,Deccan Chargers,field,Mumbai Indians
548378,Delhi Daredevils,Kolkata Knight Riders,Subrata Roy Sahara Stadium,2012-05-22,Kolkata Knight Riders,bat,Kolkata Knight Riders
1473505,Sunrisers Hyderabad,Kolkata Knight Riders,"Arun Jaitley Stadium, Delhi",2025-05-25,Sunrisers Hyderabad,bat,Sunrisers Hyderabad
548330,Chennai Super Kings,Pune Warriors,"MA Chidambaram Stadium, Chepauk",2012-04-19,Pune Warriors,field,Chennai Super Kings
1473483,Delhi Capitals,Royal Challengers Bengaluru,"Arun Jaitley Stadium, Delhi",2025-04-27,Royal Challengers Bengaluru,field,Royal Challengers Bengaluru
1529272,Punjab Kings,Lucknow Super Giants,"Maharaja Yadavindra Singh International Cricket Stadium, New Chandigarh",2026-04-19,Lucknow Super Giants,field,Punjab Kings
1312199,Royal Challengers Bangalore,Rajasthan Royals,"Narendra Modi Stadium, Ahmedabad",2022-05-27,Rajasthan Royals,field,Rajasthan Royals
1426287,Chennai Super Kings,Punjab Kings,"MA Chidambaram Stadium, Chepauk, Chennai",2024-05-01,Punjab Kings,field,Punjab Kings
598022,Kolkata Knight Riders,Chennai Super Kings,Eden Gardens,2013-04-20,Kolkata Knight Riders,bat,Chennai Super Kings
1254107,Punjab Kings,Sunrisers Hyderabad,Sharjah Cricket Stadium,2021-09-25,Sunrisers Hyderabad,field,Punjab Kings
980927,Mumbai Indians,Royal Challengers Bangalore,Wankhede Stadium,2016-04-20,Mumbai Indians,field,Mumbai Indians
1254085,Rajasthan Royals,Sunrisers Hyderabad,"Arun Jaitley Stadium, Delhi",2021-05-02,Sunrisers Hyderabad,field,Rajasthan Royals
1178405,Delhi Capitals,Sunrisers Hyderabad,Rajiv Gandhi International Stadium,2019-04-14,Sunrisers Hyderabad,field,Delhi Capitals
1473444,Sunrisers Hyderabad,Lucknow Super Giants,"Rajiv Gandhi International Stadium, Uppal, Hyderabad",2025-03-27,Lucknow Super Giants,field,Lucknow Super Giants
419119,Mumbai Indians,Royal Challengers Bangalore,Brabourne Stadium,2010-03-20,Mumbai Indians,bat,Royal Challengers Bangalore
729293,Chennai Super Kings,Delhi Daredevils,Sheikh Zayed Stadium,2014-04-21,Chennai Super Kings,bat,Chennai Super Kings
733971,Chennai Super Kings,Kolkata Knight Riders,JSCA International Stadium Complex,2014-05-02,Chennai Super Kings,bat,Chennai Super Kings
501210,Mumbai Indians,Kochi Tuskers Kerala,Wankhede Stadium,2011-04-15,Kochi Tuskers Kerala,field,Kochi Tuskers Kerala
598036,Rajasthan Royals,Royal Challengers Bangalore,Sawai Mansingh Stadium,2013-04-29,Rajasthan Royals,field,Rajasthan Royals
335992,Royal Challengers Bangalore,Rajasthan Royals,M Chinnaswamy Stadium,2008-04-26,Rajasthan Royals,field,Rajasthan Royals
1473480,Chennai Super Kings,Sunrisers Hyderabad,"MA Chidambaram Stadium, Chepauk, Chennai",2025-04-25,Sunrisers Hyderabad,field,Sunrisers Hyderabad
1216517,Mumbai Indians,Kings XI Punjab,Dubai International Cricket Stadium,2020-10-18,Mumbai Indians,bat,No Result
981013,Gujarat Lions,Royal Challengers Bangalore,M Chinnaswamy Stadium,2016-05-24,Royal Challengers Bangalore,field,Royal Challengers Bangalore
548379,Chennai Super Kings,Mumbai Indians,M Chinnaswamy Stadium,2012-05-23,Mumbai Indians,field,Chennai Super Kings
980945,Delhi Daredevils,Gujarat Lions,Feroz Shah Kotla,2016-04-27,Delhi Daredevils,field,Gujarat Lions
733981,Delhi Daredevils,Chennai Super Kings,Feroz Shah Kotla,2014-05-05,Chennai Super Kings,field,Chennai Super Kings
1216543,Delhi Capitals,Rajasthan Royals,Dubai International Cricket Stadium,2020-10-14,Delhi Capitals,bat,Delhi Capitals
1304094,Gujarat Titans,Punjab Kings,"Dr DY Patil Sports Academy, Mumbai",2022-05-03,Gujarat Titans,bat,Punjab Kings
1178399,Kings XI Punjab,Mumbai Indians,Wankhede Stadium,2019-04-10,Mumbai Indians,field,Mumbai Indians
598020,Delhi Daredevils,Chennai Super Kings,Feroz Shah Kotla,2013-04-18,Chennai Super Kings,bat,Chennai Super Kings
501263,Mumbai Indians,Rajasthan Royals,Wankhede Stadium,2011-05-20,Mumbai Indians,bat,Rajasthan Royals
1359514,Sunrisers Hyderabad,Delhi Capitals,"Arun Jaitley Stadium, Delhi",2023-04-29,Sunrisers Hyderabad,bat,Sunrisers Hyderabad
501265,Delhi Daredevils,Pune Warriors,Feroz Shah Kotla,2011-05-21,Delhi Daredevils,bat,No Result
1473474,Punjab Kings,Royal Challengers Bengaluru,"Maharaja Yadavindra Singh International Cricket Stadium, Mullanpur",2025-04-20,Royal Challengers Bengaluru,field,Royal Challengers Bengaluru
729291,Rajasthan Royals,Kings XI Punjab,Sharjah Cricket Stadium,2014-04-20,Kings XI Punjab,field,Kings XI Punjab
1136584,Royal Challengers Bangalore,Chennai Super Kings,M.Chinnaswamy Stadium,2018-04-25,Chennai Super Kings,field,Chennai Super Kings
1529298,Punjab Kings,Delhi Capitals,"Himachal Pradesh Cricket Association Stadium, Dharamsala",2026-05-11,Delhi Capitals,field,Delhi Capitals
1254103,Rajasthan Royals,Royal Challengers Bangalore,Dubai International Cricket Stadium,2021-09-29,Royal Challengers Bangalore,field,Royal Challengers Bangalore
829813,Royal Challengers Bangalore,Delhi Daredevils,M Chinnaswamy Stadium,2015-05-17,Royal Challengers Bangalore,field,No Result
1237178,Royal Challengers Bangalore,Sunrisers Hyderabad,Sheikh Zayed Stadium,2020-11-06,Sunrisers Hyderabad,field,Sunrisers Hyderabad
1529277,Gujarat Titans,Royal Challengers Bengaluru,"M Chinnaswamy Stadium, Bengaluru",2026-04-24,Royal Challengers Bengaluru,field,Royal Challengers Bengaluru
1082626,Kings XI Punjab,Delhi Daredevils,"Punjab Cricket Association IS Bindra Stadium, Mohali",2017-04-30,Kings XI Punjab,field,Kings XI Punjab
829709,Kings XI Punjab,Rajasthan Royals,Maharashtra Cricket Association Stadium,2015-04-10,Kings XI Punjab,field,Rajasthan Royals
501257,Kings XI Punjab,Delhi Daredevils,Himachal Pradesh Cricket Association Stadium,2011-05-15,Delhi Daredevils,field,Kings XI Punjab
1216547,Royal Challengers Bangalore,Mumbai Indians,Dubai International Cricket Stadium,2020-09-28,Mumbai Indians,field,No Result
981007,Gujarat Lions,Mumbai Indians,Green Park,2016-05-21,Gujarat Lions,field,Gujarat Lions
598029,Kolkata Knight Riders,Mumbai Indians,Eden Gardens,2013-04-24,Kolkata Knight Riders,bat,Mumbai Indians
734003,Chennai Super Kings,Rajasthan Royals,JSCA International Stadium Complex,2014-05-13,Rajasthan Royals,bat,Chennai Super Kings
1359500,Lucknow Super Giants,Rajasthan Royals,"Sawai Mansingh Stadium, Jaipur",2023-04-19,Rajasthan Royals,field,Lucknow Super Giants
548375,Pune Warriors,Kolkata Knight Riders,Subrata Roy Sahara Stadium,2012-05-19,Kolkata Knight Riders,bat,Kolkata Knight Riders
1359538,Delhi Capitals,Punjab Kings,"Himachal Pradesh Cricket Association Stadium, Dharamsala",2023-05-17,Punjab Kings,field,Delhi Capitals
1178408,Chennai Super Kings,Sunrisers Hyderabad,Rajiv Gandhi International Stadium,2019-04-17,Chennai Super Kings,bat,Sunrisers Hyderabad
392217,Chennai Super Kings,Rajasthan Royals,De Beers Diamond Oval,2009-05-09,Rajasthan Royals,bat,Chennai Super Kings
1175358,Delhi Capitals,Mumbai Indians,Wankhede Stadium,2019-03-24,Mumbai Indians,field,Delhi Capitals
548358,Pune Warriors,Rajasthan Royals,Subrata Roy Sahara Stadium,2012-05-08,Pune Warriors,bat,Rajasthan Royals
1082637,Kings XI Punjab,Gujarat Lions,"Punjab Cricket Association IS Bindra Stadium, Mohali",2017-05-07,Gujarat Lions,field,Gujarat Lions
335996,Royal Challengers Bangalore,Chennai Super Kings,M Chinnaswamy Stadium,2008-04-28,Chennai Super Kings,bat,Chennai Super Kings
598035,Delhi Daredevils,Pune Warriors,Shaheed Veer Narayan Singh International Stadium,2013-04-28,Pune Warriors,field,Delhi Daredevils
501219,Kolkata Knight Riders,Kochi Tuskers Kerala,Eden Gardens,2011-04-20,Kolkata Knight Riders,field,Kochi Tuskers Kerala
1082650,Mumbai Indians,Rising Pune Supergiant,"Rajiv Gandhi International Stadium, Uppal",2017-05-21,Mumbai Indians,bat,Mumbai Indians
980963,Kolkata Knight Riders,Kings XI Punjab,Eden Gardens,2016-05-04,Kings XI Punjab,field,Kolkata Knight Riders
733985,Delhi Daredevils,Kolkata Knight Riders,Feroz Shah Kotla,2014-05-07,Delhi Daredevils,bat,Kolkata Knight Riders
501269,Mumbai Indians,Kolkata Knight Riders,Wankhede Stadium,2011-05-25,Mumbai Indians,field,Mumbai Indians
336037,Deccan Chargers,Chennai Super Kings,"Rajiv Gandhi International Stadium, Uppal",2008-05-27,Deccan Chargers,bat,Chennai Super Kings
1304075,Chennai Super Kings,Gujarat Titans,"Maharashtra Cricket Association Stadium, Pune",2022-04-17,Gujarat Titans,field,Gujarat Titans
1304056,Gujarat Titans,Delhi Capitals,"Maharashtra Cricket Association Stadium, Pune",2022-04-02,Delhi Capitals,field,Gujarat Titans
1254116,Delhi Capitals,Kolkata Knight Riders,Sharjah Cricket Stadium,2021-10-13,Kolkata Knight Riders,field,Kolkata Knight Riders
1216514,Rajasthan Royals,Royal Challengers Bangalore,Sheikh Zayed Stadium,2020-10-03,Rajasthan Royals,bat,Royal Challengers Bangalore
419111,Rajasthan Royals,Delhi Daredevils,"Sardar Patel Stadium, Motera",2010-03-15,Delhi Daredevils,field,Delhi Daredevils
1178421,Delhi Capitals,Royal Challengers Bangalore,Arun Jaitley Stadium,2019-04-28,Delhi Capitals,bat,Delhi Capitals
829803,Kings XI Punjab,Royal Challengers Bangalore,"Punjab Cricket Association Stadium, Mohali",2015-05-13,Royal Challengers Bangalore,field,Kings XI Punjab
1216504,Kolkata Knight Riders,Rajasthan Royals,Dubai International Cricket Stadium,2020-09-30,Rajasthan Royals,field,Kolkata Knight Riders
1082617,Kolkata Knight Riders,Royal Challengers Bangalore,Eden Gardens,2017-04-23,Royal Challengers Bangalore,field,Kolkata Knight Riders
1254088,Mumbai Indians,Sunrisers Hyderabad,"Zayed Cricket Stadium, Abu Dhabi",2021-10-08,Mumbai Indians,bat,Mumbai Indians
1529284,Mumbai Indians,Sunrisers Hyderabad,"Wankhede Stadium, Mumbai",2026-04-29,Mumbai Indians,bat,Sunrisers Hyderabad
1422129,Lucknow Super Giants,Punjab Kings,"Bharat Ratna Shri Atal Bihari Vajpayee Ekana Cricket Stadium, Lucknow",2024-03-30,Lucknow Super Giants,bat,Lucknow Super Giants
548331,Kings XI Punjab,Royal Challengers Bangalore,"Punjab Cricket Association Stadium, Mohali",2012-04-20,Royal Challengers Bangalore,field,Royal Challengers Bangalore
419121,Chennai Super Kings,Kings XI Punjab,"MA Chidambaram Stadium, Chepauk",2010-03-21,Chennai Super Kings,field,No Result
1136602,Delhi Daredevils,Sunrisers Hyderabad,Arun Jaitley Stadium,2018-05-10,Delhi Daredevils,bat,Sunrisers Hyderabad
1181767,Delhi Capitals,Chennai Super Kings,Dr. Y.S. Rajasekhara Reddy ACA-VDCA Cricket Stadium,2019-05-10,Chennai Super Kings,field,Chennai Super Kings
1473494,Kolkata Knight Riders,Chennai Super Kings,"Eden Gardens, Kolkata",2025-05-07,Kolkata Knight Riders,bat,Chennai Super Kings
1254069,Chennai Super Kings,Rajasthan Royals,"Wankhede Stadium, Mumbai",2021-04-19,Rajasthan Royals,field,Chennai Super Kings
980937,Gujarat Lions,Royal Challengers Bangalore,Saurashtra Cricket Association Stadium,2016-04-24,Royal Challengers Bangalore,bat,Gujarat Lions
980901,Mumbai Indians,Rising Pune Supergiants,Wankhede Stadium,2016-04-09,Mumbai Indians,bat,Rising Pune Supergiants
980983,Sunrisers Hyderabad,Delhi Daredevils,"Rajiv Gandhi International Stadium, Uppal",2016-05-12,Delhi Daredevils,field,Delhi Daredevils
1082605,Delhi Daredevils,Kings XI Punjab,Feroz Shah Kotla,2017-04-15,Delhi Daredevils,bat,Delhi Daredevils
1304097,Mumbai Indians,Gujarat Titans,"Brabourne Stadium, Mumbai",2022-05-06,Gujarat Titans,field,Mumbai Indians
1082632,Delhi Daredevils,Gujarat Lions,Feroz Shah Kotla,2017-05-04,Delhi Daredevils,field,Delhi Daredevils
392202,Chennai Super Kings,Rajasthan Royals,SuperSport Park,2009-04-30,Rajasthan Royals,field,Chennai Super Kings
335999,Deccan Chargers,Kings XI Punjab,"Rajiv Gandhi International Stadium, Uppal",2008-05-01,Kings XI Punjab,field,Kings XI Punjab
1422122,Rajasthan Royals,Lucknow Super Giants,"Sawai Mansingh Stadium, Jaipur",2024-03-24,Rajasthan Royals,bat,Rajasthan Royals
1216535,Delhi Capitals,Mumbai Indians,Dubai International Cricket Stadium,2020-10-31,Mumbai Indians,field,Mumbai Indians
733989,Rajasthan Royals,Sunrisers Hyderabad,"Sardar Patel Stadium, Motera",2014-05-08,Rajasthan Royals,field,Sunrisers Hyderabad
1529289,Punjab Kings,Gujarat Titans,"Narendra Modi Stadium, Ahmedabad",2026-05-03,Gujarat Titans,field,Gujarat Titans
829805,Mumbai Indians,Kolkata Knight Riders,Wankhede Stadium,2015-05-14,Kolkata Knight Riders,field,Mumbai Indians
548316,Delhi Daredevils,Chennai Super Kings,Feroz Shah Kotla,2012-04-10,Delhi Daredevils,field,Delhi Daredevils
1082628,Mumbai Indians,Royal Challengers Bangalore,Wankhede Stadium,2017-05-01,Royal Challengers Bangalore,bat,Mumbai Indians
1254092,Delhi Capitals,Kolkata Knight Riders,Sharjah Cricket Stadium,2021-09-28,Kolkata Knight Riders,field,Kolkata Knight Riders
1254070,Mumbai Indians,Delhi Capitals,"MA Chidambaram Stadium, Chepauk, Chennai",2021-04-20,Mumbai Indians,bat,Delhi Capitals
1082636,Royal Challengers Bangalore,Kolkata Knight Riders,M Chinnaswamy Stadium,2017-05-07,Kolkata Knight Riders,field,Kolkata Knight Riders
335984,Delhi Daredevils,Rajasthan Royals,Feroz Shah Kotla,2008-04-19,Rajasthan Royals,bat,Delhi Daredevils
336040,Chennai Super Kings,Rajasthan Royals,Dr DY Patil Sports Academy,2008-06-01,Rajasthan Royals,field,Rajasthan Royals
1473451,Royal Challengers Bengaluru,Gujarat Titans,"M Chinnaswamy Stadium, Bengaluru",2025-04-02,Gujarat Titans,field,Gujarat Titans
501227,Delhi Daredevils,Royal Challengers Bangalore,Feroz Shah Kotla,2011-04-26,Royal Challengers Bangalore,field,Royal Challengers Bangalore
1136609,Rajasthan Royals,Kolkata Knight Riders,Eden Gardens,2018-05-15,Kolkata Knight Riders,field,Kolkata Knight Riders
829711,Chennai Super Kings,Sunrisers Hyderabad,"MA Chidambaram Stadium, Chepauk",2015-04-11,Chennai Super Kings,bat,Chennai Super Kings
1529291,Delhi Capitals,Chennai Super Kings,"Arun Jaitley Stadium, Delhi",2026-05-05,Delhi Capitals,bat,Chennai Super Kings
1473495,Punjab Kings,Delhi Capitals,"Himachal Pradesh Cricket Association Stadium, Dharamsala",2025-05-08,Punjab Kings,bat,No Result
1359501,Royal Challengers Bangalore,Punjab Kings,"Punjab Cricket Association IS Bindra Stadium, Mohali, Chandigarh",2023-04-20,Punjab Kings,field,Royal Challengers Bangalore
335985,Mumbai Indians,Royal Challengers Bangalore,Wankhede Stadium,2008-04-20,Mumbai Indians,bat,Royal Challengers Bangalore
1473462,Chennai Super Kings,Kolkata Knight Riders,"MA Chidambaram Stadium, Chepauk, Chennai",2025-04-11,Kolkata Knight Riders,field,Kolkata Knight Riders
548333,Delhi Daredevils,Pune Warriors,Feroz Shah Kotla,2012-04-21,Delhi Daredevils,field,Pune Warriors
1304063,Chennai Super Kings,Sunrisers Hyderabad,"Dr DY Patil Sports Academy, Mumbai",2022-04-09,Sunrisers Hyderabad,field,Sunrisers Hyderabad
1254063,Royal Challengers Bangalore,Sunrisers Hyderabad,"MA Chidambaram Stadium, Chepauk, Chennai",2021-04-14,Sunrisers Hyderabad,field,Royal Challengers Bangalore
335989,Chennai Super Kings,Mumbai Indians,"MA Chidambaram Stadium, Chepauk",2008-04-23,Mumbai Indians,field,Chennai Super Kings
597999,Royal Challengers Bangalore,Mumbai Indians,M Chinnaswamy Stadium,2013-04-04,Mumbai Indians,field,Royal Challengers Bangalore
1082604,Kolkata Knight Riders,Sunrisers Hyderabad,Eden Gardens,2017-04-15,Sunrisers Hyderabad,field,Kolkata Knight Riders
1422131,Delhi Capitals,Chennai Super Kings,"Dr. Y.S. Rajasekhara Reddy ACA-VDCA Cricket Stadium, Visakhapatnam",2024-03-31,Delhi Capitals,bat,Delhi Capitals
392184,Deccan Chargers,Kolkata Knight Riders,Newlands,2009-04-19,Kolkata Knight Riders,bat,Deccan Chargers
501206,Kings XI Punjab,Chennai Super Kings,"Punjab Cricket Association Stadium, Mohali",2011-04-13,Kings XI Punjab,field,Kings XI Punjab
1473488,Gujarat Titans,Sunrisers Hyderabad,"Narendra Modi Stadium, Ahmedabad",2025-05-02,Sunrisers Hyderabad,field,Gujarat Titans
1473476,Gujarat Titans,Kolkata Knight Riders,"Eden Gardens, Kolkata",2025-04-21,Kolkata Knight Riders,field,Gujarat Titans
1527680,Chennai Super Kings,Punjab Kings,"MA Chidambaram Stadium, Chepauk, Chennai",2026-04-03,Punjab Kings,field,Punjab Kings
981017,Gujarat Lions,Sunrisers Hyderabad,Feroz Shah Kotla,2016-05-27,Sunrisers Hyderabad,field,Sunrisers Hyderabad
1216533,Chennai Super Kings,Rajasthan Royals,Sheikh Zayed Stadium,2020-10-19,Chennai Super Kings,bat,Rajasthan Royals
1304051,Rajasthan Royals,Sunrisers Hyderabad,"Maharashtra Cricket Association Stadium, Pune",2022-03-29,Sunrisers Hyderabad,field,Rajasthan Royals
548352,Chennai Super Kings,Deccan Chargers,"MA Chidambaram Stadium, Chepauk",2012-05-04,Chennai Super Kings,bat,Chennai Super Kings
501230,Delhi Daredevils,Kolkata Knight Riders,Feroz Shah Kotla,2011-04-28,Delhi Daredevils,field,Kolkata Knight Riders
1304069,Punjab Kings,Mumbai Indians,"Maharashtra Cricket Association Stadium, Pune",2022-04-13,Mumbai Indians,field,Punjab Kings
1304084,Punjab Kings,Chennai Super Kings,"Wankhede Stadium, Mumbai",2022-04-25,Chennai Super Kings,field,Punjab Kings
392181,Chennai Super Kings,Mumbai Indians,Newlands,2009-04-18,Chennai Super Kings,field,Mumbai Indians
1473463,Gujarat Titans,Lucknow Super Giants,"Bharat Ratna Shri Atal Bihari Vajpayee Ekana Cricket Stadium, Lucknow",2025-04-12,Lucknow Super Giants,field,Lucknow Super Giants
1082631,Kolkata Knight Riders,Rising Pune Supergiant,Eden Gardens,2017-05-03,Rising Pune Supergiant,field,Rising Pune Supergiant
734007,Sunrisers Hyderabad,Kings XI Punjab,"Rajiv Gandhi International Stadium, Uppal",2014-05-14,Kings XI Punjab,field,Kings XI Punjab
1426273,Sunrisers Hyderabad,Delhi Capitals,"Arun Jaitley Stadium, Delhi",2024-04-20,Delhi Capitals,field,Sunrisers Hyderabad
1422130,Sunrisers Hyderabad,Gujarat Titans,"Narendra Modi Stadium, Ahmedabad",2024-03-31,Sunrisers Hyderabad,bat,Gujarat Titans
598027,Royal Challengers Bangalore,Pune Warriors,M Chinnaswamy Stadium,2013-04-23,Pune Warriors,field,Royal Challengers Bangalore
1254062,Mumbai Indians,Kolkata Knight Riders,"MA Chidambaram Stadium, Chepauk, Chennai",2021-04-13,Kolkata Knight Riders,field,Mumbai Indians
1359483,Kolkata Knight Riders,Royal Challengers Bangalore,"Eden Gardens, Kolkata",2023-04-06,Royal Challengers Bangalore,field,Kolkata Knight Riders
392238,Royal Challengers Bangalore,Chennai Super Kings,New Wanderers Stadium,2009-05-23,Royal Challengers Bangalore,field,Royal Challengers Bangalore
392201,Deccan Chargers,Delhi Daredevils,SuperSport Park,2009-04-30,Delhi Daredevils,field,Delhi Daredevils
548365,Rajasthan Royals,Pune Warriors,Sawai Mansingh Stadium,2012-05-13,Rajasthan Royals,bat,Rajasthan Royals
1136620,Sunrisers Hyderabad,Chennai Super Kings,Wankhede Stadium,2018-05-27,Chennai Super Kings,field,Chennai Super Kings
598037,Mumbai Indians,Kings XI Punjab,Wankhede Stadium,2013-04-29,Mumbai Indians,bat,Mumbai Indians
392211,Delhi Daredevils,Kolkata Knight Riders,Kingsmead,2009-05-05,Kolkata Knight Riders,bat,Delhi Daredevils
1216529,Delhi Capitals,Mumbai Indians,Sheikh Zayed Stadium,2020-10-11,Delhi Capitals,bat,Mumbai Indians
1254094,Chennai Super Kings,Punjab Kings,Dubai International Cricket Stadium,2021-10-07,Punjab Kings,field,Punjab Kings
598068,Royal Challengers Bangalore,Chennai Super Kings,M Chinnaswamy Stadium,2013-05-18,Chennai Super Kings,field,Royal Challengers Bangalore
1254106,Kolkata Knight Riders,Rajasthan Royals,Sharjah Cricket Stadium,2021-10-07,Rajasthan Royals,field,Kolkata Knight Riders
1304112,Lucknow Super Giants,Kolkata Knight Riders,"Dr DY Patil Sports Academy, Mumbai",2022-05-18,Lucknow Super Giants,bat,Lucknow Super Giants
501258,Kochi Tuskers Kerala,Rajasthan Royals,Holkar Cricket Stadium,2011-05-15,Kochi Tuskers Kerala,field,Kochi Tuskers Kerala
392200,Kings XI Punjab,Mumbai Indians,Kingsmead,2009-04-29,Kings XI Punjab,bat,Kings XI Punjab
1178396,Rajasthan Royals,Kolkata Knight Riders,Sawai Mansingh Stadium,2019-04-07,Kolkata Knight Riders,field,Kolkata Knight Riders
1422135,Gujarat Titans,Punjab Kings,"Narendra Modi Stadium, Ahmedabad",2024-04-04,Punjab Kings,field,Punjab Kings
980991,Kings XI Punjab,Sunrisers Hyderabad,"Punjab Cricket Association IS Bindra Stadium, Mohali",2016-05-15,Kings XI Punjab,bat,Sunrisers Hyderabad
598026,Chennai Super Kings,Rajasthan Royals,"MA Chidambaram Stadium, Chepauk",2013-04-22,Rajasthan Royals,bat,Chennai Super Kings
1312197,Rajasthan Royals,Gujarat Titans,"Eden Gardens, Kolkata",2022-05-24,Gujarat Titans,field,Gujarat Titans
729315,Kolkata Knight Riders,Rajasthan Royals,Sheikh Zayed Stadium,2014-04-29,Rajasthan Royals,bat,No Result
598018,Pune Warriors,Sunrisers Hyderabad,Maharashtra Cricket Association Stadium,2013-04-17,Pune Warriors,field,Sunrisers Hyderabad
392186,Kings XI Punjab,Kolkata Knight Riders,Kingsmead,2009-04-21,Kolkata Knight Riders,field,Kolkata Knight Riders
598063,Mumbai Indians,Rajasthan Royals,Wankhede Stadium,2013-05-15,Rajasthan Royals,field,Mumbai Indians
1426309,Sunrisers Hyderabad,Kolkata Knight Riders,"Narendra Modi Stadium, Ahmedabad",2024-05-21,Sunrisers Hyderabad,bat,Kolkata Knight Riders
1473460,Gujarat Titans,Rajasthan Royals,"Narendra Modi Stadium, Ahmedabad",2025-04-09,Rajasthan Royals,field,Gujarat Titans
1082591,Sunrisers Hyderabad,Royal Challengers Bangalore,"Rajiv Gandhi International Stadium, Uppal",2017-04-05,Royal Challengers Bangalore,field,Sunrisers Hyderabad
501216,Delhi Daredevils,Deccan Chargers,Feroz Shah Kotla,2011-04-19,Deccan Chargers,bat,Deccan Chargers
1136619,Sunrisers Hyderabad,Kolkata Knight Riders,Eden Gardens,2018-05-25,Kolkata Knight Riders,field,Sunrisers Hyderabad
1426295,Lucknow Super Giants,Sunrisers Hyderabad,"Rajiv Gandhi International Stadium, Uppal, Hyderabad",2024-05-08,Lucknow Super Giants,bat,Sunrisers Hyderabad
419158,Kolkata Knight Riders,Rajasthan Royals,Eden Gardens,2010-04-17,Rajasthan Royals,bat,Kolkata Knight Riders
1216531,Royal Challengers Bangalore,Kings XI Punjab,Sharjah Cricket Stadium,2020-10-15,Royal Challengers Bangalore,bat,Kings XI Punjab
1359515,Chennai Super Kings,Punjab Kings,"MA Chidambaram Stadium, Chepauk, Chennai",2023-04-30,Chennai Super Kings,bat,Punjab Kings
1304103,Gujarat Titans,Lucknow Super Giants,"Maharashtra Cricket Association Stadium, Pune",2022-05-10,Gujarat Titans,bat,Gujarat Titans
1359539,Sunrisers Hyderabad,Royal Challengers Bangalore,"Rajiv Gandhi International Stadium, Uppal, Hyderabad",2023-05-18,Royal Challengers Bangalore,field,Royal Challengers Bangalore
1426278,Delhi Capitals,Gujarat Titans,"Arun Jaitley Stadium, Delhi",2024-04-24,Gujarat Titans,field,Delhi Capitals
501246,Mumbai Indians,Delhi Daredevils,Wankhede Stadium,2011-05-07,Delhi Daredevils,field,Mumbai Indians
1082627,Sunrisers Hyderabad,Kolkata Knight Riders,"Rajiv Gandhi International Stadium, Uppal",2017-04-30,Kolkata Knight Riders,field,Sunrisers Hyderabad
1359543,Sunrisers Hyderabad,Mumbai Indians,"Wankhede Stadium, Mumbai",2023-05-21,Mumbai Indians,field,Mumbai Indians
1216546,Delhi Capitals,Kings XI Punjab,Dubai International Cricket Stadium,2020-10-20,Delhi Capitals,bat,Kings XI Punjab
1082623,Kings XI Punjab,Sunrisers Hyderabad,"Punjab Cricket Association IS Bindra Stadium, Mohali",2017-04-28,Kings XI Punjab,field,Sunrisers Hyderabad
1216539,Delhi Capitals,Chennai Super Kings,Dubai International Cricket Stadium,2020-09-25,Chennai Super Kings,field,Delhi Capitals
548345,Delhi Daredevils,Rajasthan Royals,Feroz Shah Kotla,2012-04-29,Delhi Daredevils,bat,Delhi Daredevils
1473499,Lucknow Super Giants,Sunrisers Hyderabad,"Bharat Ratna Shri Atal Bihari Vajpayee Ekana Cricket Stadium, Lucknow",2025-05-19,Sunrisers Hyderabad,field,Sunrisers Hyderabad
1254066,Mumbai Indians,Sunrisers Hyderabad,"MA Chidambaram Stadium, Chepauk, Chennai",2021-04-17,Mumbai Indians,bat,Mumbai Indians
1359512,Lucknow Super Giants,Punjab Kings,"Punjab Cricket Association IS Bindra Stadium, Mohali, Chandigarh",2023-04-28,Punjab Kings,field,Lucknow Super Giants
829759,Kings XI Punjab,Sunrisers Hyderabad,"Punjab Cricket Association Stadium, Mohali",2015-04-27,Kings XI Punjab,field,Sunrisers Hyderabad
1237177,Mumbai Indians,Delhi Capitals,Dubai International Cricket Stadium,2020-11-05,Delhi Capitals,field,Mumbai Indians
733997,Kings XI Punjab,Kolkata Knight Riders,Barabati Stadium,2014-05-11,Kolkata Knight Riders,field,Kolkata Knight Riders
829745,Royal Challengers Bangalore,Chennai Super Kings,M Chinnaswamy Stadium,2015-04-22,Royal Challengers Bangalore,field,Chennai Super Kings
336017,Kolkata Knight Riders,Delhi Daredevils,Eden Gardens,2008-05-13,Kolkata Knight Riders,bat,Kolkata Knight Riders
1473493,Mumbai Indians,Gujarat Titans,"Wankhede Stadium, Mumbai",2025-05-06,Gujarat Titans,field,Gujarat Titans
829771,Royal Challengers Bangalore,Kolkata Knight Riders,M Chinnaswamy Stadium,2015-05-02,Royal Challengers Bangalore,field,Royal Challengers Bangalore
1359513,Kolkata Knight Riders,Gujarat Titans,"Eden Gardens, Kolkata",2023-04-29,Gujarat Titans,field,Gujarat Titans
980933,Delhi Daredevils,Mumbai Indians,Feroz Shah Kotla,2016-04-23,Mumbai Indians,field,Delhi Daredevils
1254089,Chennai Super Kings,Rajasthan Royals,"Zayed Cricket Stadium, Abu Dhabi",2021-10-02,Rajasthan Royals,field,Rajasthan Royals
419154,Rajasthan Royals,Royal Challengers Bangalore,Sawai Mansingh Stadium,2010-04-14,Rajasthan Royals,bat,Royal Challengers Bangalore
1473490,Kolkata Knight Riders,Rajasthan Royals,"Eden Gardens, Kolkata",2025-05-04,Kolkata Knight Riders,bat,Kolkata Knight Riders
501249,Rajasthan Royals,Chennai Super Kings,Sawai Mansingh Stadium,2011-05-09,Rajasthan Royals,field,Chennai Super Kings
1359486,Mumbai Indians,Chennai Super Kings,"Wankhede Stadium, Mumbai",2023-04-08,Chennai Super Kings,field,Chennai Super Kings
1136572,Kings XI Punjab,Chennai Super Kings,Punjab Cricket Association IS Bindra Stadium,2018-04-15,Chennai Super Kings,field,Kings XI Punjab
548310,Royal Challengers Bangalore,Delhi Daredevils,M Chinnaswamy Stadium,2012-04-07,Delhi Daredevils,field,Royal Challengers Bangalore
1426271,Mumbai Indians,Punjab Kings,"Maharaja Yadavindra Singh International Cricket Stadium, Mullanpur",2024-04-18,Punjab Kings,field,Mumbai Indians
829739,Delhi Daredevils,Kolkata Knight Riders,Feroz Shah Kotla,2015-04-20,Kolkata Knight Riders,field,Kolkata Knight Riders
598003,Pune Warriors,Kings XI Punjab,Subrata Roy Sahara Stadium,2013-04-07,Pune Warriors,bat,Kings XI Punjab
419123,Royal Challengers Bangalore,Chennai Super Kings,M Chinnaswamy Stadium,2010-03-23,Chennai Super Kings,field,Royal Challengers Bangalore
1254079,Royal Challengers Bangalore,Delhi Capitals,"Narendra Modi Stadium, Ahmedabad",2021-04-27,Delhi Capitals,field,Royal Challengers Bangalore
548327,Royal Challengers Bangalore,Pune Warriors,M Chinnaswamy Stadium,2012-04-17,Pune Warriors,bat,Royal Challengers Bangalore
1527678,Lucknow Super Giants,Delhi Capitals,"Bharat Ratna Shri Atal Bihari Vajpayee Ekana Cricket Stadium, Lucknow",2026-04-01,Delhi Capitals,field,Delhi Capitals
1216532,Sunrisers Hyderabad,Delhi Capitals,Sheikh Zayed Stadium,2020-09-29,Delhi Capitals,field,Sunrisers Hyderabad
419114,Delhi Daredevils,Mumbai Indians,Feroz Shah Kotla,2010-03-17,Delhi Daredevils,field,Mumbai Indians
501251,Kings XI Punjab,Mumbai Indians,"Punjab Cricket Association Stadium, Mohali",2011-05-10,Mumbai Indians,field,Kings XI Punjab
829735,Rajasthan Royals,Chennai Super Kings,"Sardar Patel Stadium, Motera",2015-04-19,Chennai Super Kings,bat,Rajasthan Royals
1473461,Royal Challengers Bengaluru,Delhi Capitals,"M Chinnaswamy Stadium, Bengaluru",2025-04-10,Delhi Capitals,field,Delhi Capitals
419150,Rajasthan Royals,Mumbai Indians,Sawai Mansingh Stadium,2010-04-11,Rajasthan Royals,field,Mumbai Indians
501244,Royal Challengers Bangalore,Kings XI Punjab,M Chinnaswamy Stadium,2011-05-06,Kings XI Punjab,field,Royal Challengers Bangalore
598061,Kolkata Knight Riders,Pune Warriors,JSCA International Stadium Complex,2013-05-15,Kolkata Knight Riders,field,Pune Warriors
598053,Pune Warriors,Kolkata Knight Riders,Subrata Roy Sahara Stadium,2013-05-09,Kolkata Knight Riders,bat,Kolkata Knight Riders
548337,Pune Warriors,Delhi Daredevils,Subrata Roy Sahara Stadium,2012-04-24,Pune Warriors,bat,Delhi Daredevils
1529297,Mumbai Indians,Royal Challengers Bengaluru,"Shaheed Veer Narayan Singh International Stadium, Raipur",2026-05-10,Royal Challengers Bengaluru,field,Royal Challengers Bengaluru
1426281,Delhi Capitals,Mumbai Indians,"Arun Jaitley Stadium, Delhi",2024-04-27,Mumbai Indians,field,Delhi Capitals
419160,Delhi Daredevils,Deccan Chargers,Feroz Shah Kotla,2010-04-18,Deccan Chargers,bat,Deccan Chargers
1304104,Rajasthan Royals,Delhi Capitals,"Dr DY Patil Sports Academy, Mumbai",2022-05-11,Delhi Capitals,field,Delhi Capitals
501252,Rajasthan Royals,Royal Challengers Bangalore,Sawai Mansingh Stadium,2011-05-11,Royal Challengers Bangalore,field,Royal Challengers Bangalore
1473466,Mumbai Indians,Delhi Capitals,"Arun Jaitley Stadium, Delhi",2025-04-13,Delhi Capitals,field,Mumbai Indians
392226,Delhi Daredevils,Kings XI Punjab,OUTsurance Oval,2009-05-15,Kings XI Punjab,field,Kings XI Punjab
419122,Mumbai Indians,Kolkata Knight Riders,Brabourne Stadium,2010-03-22,Kolkata Knight Riders,bat,Mumbai Indians
1254083,Punjab Kings,Royal Challengers Bangalore,"Narendra Modi Stadium, Ahmedabad",2021-04-30,Royal Challengers Bangalore,field,Punjab Kings
1426293,Sunrisers Hyderabad,Mumbai Indians,"Wankhede Stadium, Mumbai",2024-05-06,Mumbai Indians,field,Mumbai Indians
1422132,Mumbai Indians,Rajasthan Royals,"Wankhede Stadium, Mumbai",2024-04-01,Rajasthan Royals,field,Rajasthan Royals
598021,Sunrisers Hyderabad,Kings XI Punjab,"Rajiv Gandhi International Stadium, Uppal",2013-04-19,Kings XI Punjab,bat,Sunrisers Hyderabad
548372,Delhi Daredevils,Royal Challengers Bangalore,Feroz Shah Kotla,2012-05-17,Delhi Daredevils,field,Royal Challengers Bangalore
1473470,Sunrisers Hyderabad,Mumbai Indians,"Wankhede Stadium, Mumbai",2025-04-17,Mumbai Indians,field,Mumbai Indians
501253,Chennai Super Kings,Delhi Daredevils,"MA Chidambaram Stadium, Chepauk",2011-05-12,Chennai Super Kings,bat,Chennai Super Kings
1359495,Lucknow Super Giants,Punjab Kings,"Bharat Ratna Shri Atal Bihari Vajpayee Ekana Cricket Stadium, Lucknow",2023-04-15,Punjab Kings,field,Punjab Kings
335993,Chennai Super Kings,Kolkata Knight Riders,"MA Chidambaram Stadium, Chepauk",2008-04-26,Kolkata Knight Riders,bat,Chennai Super Kings
1529264,Sunrisers Hyderabad,Rajasthan Royals,"Rajiv Gandhi International Stadium, Uppal, Hyderabad",2026-04-13,Rajasthan Royals,field,Sunrisers Hyderabad
419129,Rajasthan Royals,Chennai Super Kings,"Sardar Patel Stadium, Motera",2010-03-28,Rajasthan Royals,bat,Rajasthan Royals
501208,Deccan Chargers,Royal Challengers Bangalore,"Rajiv Gandhi International Stadium, Uppal",2011-04-14,Royal Challengers Bangalore,field,Deccan Chargers
1178394,Mumbai Indians,Sunrisers Hyderabad,Rajiv Gandhi International Stadium,2019-04-06,Sunrisers Hyderabad,field,Mumbai Indians
734005,Royal Challengers Bangalore,Delhi Daredevils,M Chinnaswamy Stadium,2014-05-13,Delhi Daredevils,field,Royal Challengers Bangalore
1082634,Sunrisers Hyderabad,Rising Pune Supergiant,"Rajiv Gandhi International Stadium, Uppal",2017-05-06,Sunrisers Hyderabad,field,Rising Pune Supergiant
1216537,Kings XI Punjab,Rajasthan Royals,Sheikh Zayed Stadium,2020-10-30,Rajasthan Royals,field,Rajasthan Royals
1178426,Mumbai Indians,Sunrisers Hyderabad,Wankhede Stadium,2019-05-02,Mumbai Indians,bat,No Result
1175356,Royal Challengers Bangalore,Chennai Super Kings,MA Chidambaram Stadium,2019-03-23,Chennai Super Kings,field,Chennai Super Kings
548351,Pune Warriors,Mumbai Indians,Subrata Roy Sahara Stadium,2012-05-03,Mumbai Indians,bat,Mumbai Indians
980939,Rising Pune Supergiants,Kolkata Knight Riders,Maharashtra Cricket Association Stadium,2016-04-24,Kolkata Knight Riders,field,Kolkata Knight Riders
1529279,Rajasthan Royals,Sunrisers Hyderabad,"Sawai Mansingh Stadium, Jaipur",2026-04-25,Sunrisers Hyderabad,field,Sunrisers Hyderabad
981009,Kolkata Knight Riders,Sunrisers Hyderabad,Eden Gardens,2016-05-22,Sunrisers Hyderabad,field,Kolkata Knight Riders
1254115,Royal Challengers Bangalore,Kolkata Knight Riders,Sharjah Cricket Stadium,2021-10-11,Royal Challengers Bangalore,bat,Kolkata Knight Riders
419143,Rajasthan Royals,Kings XI Punjab,Sawai Mansingh Stadium,2010-04-07,Kings XI Punjab,bat,Rajasthan Royals
1529293,Lucknow Super Giants,Royal Challengers Bengaluru,"Bharat Ratna Shri Atal Bihari Vajpayee Ekana Cricket Stadium, Lucknow",2026-05-07,Royal Challengers Bengaluru,field,Lucknow Super Giants
829723,Kolkata Knight Riders,Chennai Super Kings,Eden Gardens,2015-04-30,Kolkata Knight Riders,field,Kolkata Knight Riders
419136,Kings XI Punjab,Royal Challengers Bangalore,"Punjab Cricket Association Stadium, Mohali",2010-04-02,Kings XI Punjab,bat,Royal Challengers Bangalore
419153,Chennai Super Kings,Kolkata Knight Riders,"MA Chidambaram Stadium, Chepauk",2010-04-13,Kolkata Knight Riders,bat,Chennai Super Kings
1473467,Lucknow Super Giants,Chennai Super Kings,"Bharat Ratna Shri Atal Bihari Vajpayee Ekana Cricket Stadium, Lucknow",2025-04-14,Chennai Super Kings,field,Chennai Super Kings
598008,Royal Challengers Bangalore,Kolkata Knight Riders,M Chinnaswamy Stadium,2013-04-11,Royal Challengers Bangalore,field,Royal Challengers Bangalore
1473449,Kolkata Knight Riders,Mumbai Indians,"Wankhede Stadium, Mumbai",2025-03-31,Mumbai Indians,field,Mumbai Indians
1359488,Punjab Kings,Sunrisers Hyderabad,"Rajiv Gandhi International Stadium, Uppal, Hyderabad",2023-04-09,Sunrisers Hyderabad,field,Sunrisers Hyderabad
419161,Kolkata Knight Riders,Mumbai Indians,Eden Gardens,2010-04-19,Mumbai Indians,bat,Kolkata Knight Riders
1529299,Gujarat Titans,Sunrisers Hyderabad,"Narendra Modi Stadium, Ahmedabad",2026-05-12,Sunrisers Hyderabad,field,Gujarat Titans
1082600,Mumbai Indians,Sunrisers Hyderabad,Wankhede Stadium,2017-04-12,Mumbai Indians,field,Mumbai Indians
501212,Deccan Chargers,Kings XI Punjab,"Rajiv Gandhi International Stadium, Uppal",2011-04-16,Kings XI Punjab,field,Kings XI Punjab
419164,Royal Challengers Bangalore,Deccan Chargers,Dr DY Patil Sports Academy,2010-04-24,Deccan Chargers,bat,Royal Challengers Bangalore
335982,Royal Challengers Bangalore,Kolkata Knight Riders,M Chinnaswamy Stadium,2008-04-18,Royal Challengers Bangalore,field,Kolkata Knight Riders
548309,Rajasthan Royals,Kings XI Punjab,Sawai Mansingh Stadium,2012-04-06,Kings XI Punjab,field,Rajasthan Royals
392221,Royal Challengers Bangalore,Kolkata Knight Riders,SuperSport Park,2009-05-12,Royal Challengers Bangalore,field,Royal Challengers Bangalore
1359537,Lucknow Super Giants,Mumbai Indians,"Bharat Ratna Shri Atal Bihari Vajpayee Ekana Cricket Stadium, Lucknow",2023-05-16,Mumbai Indians,field,Lucknow Super Giants
392230,Delhi Daredevils,Rajasthan Royals,OUTsurance Oval,2009-05-17,Delhi Daredevils,bat,Delhi Daredevils
980917,Mumbai Indians,Gujarat Lions,Wankhede Stadium,2016-04-16,Gujarat Lions,field,Gujarat Lions
392215,Delhi Daredevils,Mumbai Indians,Buffalo Park,2009-05-08,Mumbai Indians,bat,Delhi Daredevils
501201,Delhi Daredevils,Mumbai Indians,Feroz Shah Kotla,2011-04-10,Delhi Daredevils,bat,Mumbai Indians
734019,Delhi Daredevils,Kings XI Punjab,Feroz Shah Kotla,2014-05-19,Kings XI Punjab,field,Kings XI Punjab
1359509,Gujarat Titans,Mumbai Indians,"Narendra Modi Stadium, Ahmedabad",2023-04-25,Mumbai Indians,field,Gujarat Titans
829809,Kings XI Punjab,Chennai Super Kings,"Punjab Cricket Association Stadium, Mohali",2015-05-16,Kings XI Punjab,bat,Chennai Super Kings
1304107,Kolkata Knight Riders,Sunrisers Hyderabad,"Maharashtra Cricket Association Stadium, Pune",2022-05-14,Kolkata Knight Riders,bat,Kolkata Knight Riders
1359522,Rajasthan Royals,Gujarat Titans,"Sawai Mansingh Stadium, Jaipur",2023-05-05,Rajasthan Royals,bat,Gujarat Titans
392239,Royal Challengers Bangalore,Deccan Chargers,New Wanderers Stadium,2009-05-24,Royal Challengers Bangalore,field,Deccan Chargers
419124,Kings XI Punjab,Rajasthan Royals,"Punjab Cricket Association Stadium, Mohali",2010-03-24,Kings XI Punjab,field,Rajasthan Royals
1304066,Rajasthan Royals,Lucknow Super Giants,"Wankhede Stadium, Mumbai",2022-04-10,Lucknow Super Giants,field,Rajasthan Royals
1359498,Chennai Super Kings,Royal Challengers Bangalore,"M Chinnaswamy Stadium, Bengaluru",2023-04-17,Royal Challengers Bangalore,field,Chennai Super Kings
548357,Delhi Daredevils,Kolkata Knight Riders,Feroz Shah Kotla,2012-05-07,Delhi Daredevils,bat,Kolkata Knight Riders
729301,Sunrisers Hyderabad,Delhi Daredevils,Dubai International Cricket Stadium,2014-04-25,Sunrisers Hyderabad,bat,Sunrisers Hyderabad
501261,Chennai Super Kings,Kochi Tuskers Kerala,"MA Chidambaram Stadium, Chepauk",2011-05-18,Chennai Super Kings,bat,Chennai Super Kings
1426274,Kolkata Knight Riders,Royal Challengers Bengaluru,"Eden Gardens, Kolkata",2024-04-21,Royal Challengers Bengaluru,field,Kolkata Knight Riders
980941,Kings XI Punjab,Mumbai Indians,"Punjab Cricket Association IS Bindra Stadium, Mohali",2016-04-25,Kings XI Punjab,field,Mumbai Indians
1178412,Kings XI Punjab,Delhi Capitals,Arun Jaitley Stadium,2019-04-20,Delhi Capitals,field,Delhi Capitals
336032,Delhi Daredevils,Mumbai Indians,Feroz Shah Kotla,2008-05-24,Delhi Daredevils,field,Delhi Daredevils
1422119,Royal Challengers Bengaluru,Chennai Super Kings,"MA Chidambaram Stadium, Chepauk, Chennai",2024-03-22,Royal Challengers Bengaluru,bat,Chennai Super Kings
548326,Rajasthan Royals,Deccan Chargers,Sawai Mansingh Stadium,2012-04-17,Deccan Chargers,bat,Rajasthan Royals
733983,Mumbai Indians,Royal Challengers Bangalore,Wankhede Stadium,2014-05-06,Royal Challengers Bangalore,field,Mumbai Indians
1304072,Lucknow Super Giants,Mumbai Indians,"Brabourne Stadium, Mumbai",2022-04-16,Mumbai Indians,field,Lucknow Super Giants
598001,Delhi Daredevils,Rajasthan Royals,Feroz Shah Kotla,2013-04-06,Rajasthan Royals,bat,Rajasthan Royals
548312,Rajasthan Royals,Kolkata Knight Riders,Sawai Mansingh Stadium,2012-04-08,Kolkata Knight Riders,field,Rajasthan Royals
336022,Delhi Daredevils,Kings XI Punjab,Feroz Shah Kotla,2008-05-17,Delhi Daredevils,bat,Kings XI Punjab
1254099,Punjab Kings,Mumbai Indians,"Zayed Cricket Stadium, Abu Dhabi",2021-09-28,Mumbai Indians,field,Mumbai Indians
598047,Rajasthan Royals,Pune Warriors,Sawai Mansingh Stadium,2013-05-05,Pune Warriors,bat,Rajasthan Royals
548307,Kolkata Knight Riders,Delhi Daredevils,Eden Gardens,2012-04-05,Delhi Daredevils,field,Delhi Daredevils
1178420,Sunrisers Hyderabad,Rajasthan Royals,Sawai Mansingh Stadium,2019-04-27,Rajasthan Royals,field,Rajasthan Royals
548306,Chennai Super Kings,Mumbai Indians,"MA Chidambaram Stadium, Chepauk",2012-04-04,Mumbai Indians,field,Mumbai Indians
336013,Chennai Super Kings,Kings XI Punjab,"MA Chidambaram Stadium, Chepauk",2008-05-10,Kings XI Punjab,field,Chennai Super Kings
419159,Kings XI Punjab,Chennai Super Kings,Himachal Pradesh Cricket Association Stadium,2010-04-18,Chennai Super Kings,field,Chennai Super Kings
1304092,Chennai Super Kings,Sunrisers Hyderabad,"Maharashtra Cricket Association Stadium, Pune",2022-05-01,Sunrisers Hyderabad,field,Chennai Super Kings
1216530,Kolkata Knight Riders,Rajasthan Royals,Dubai International Cricket Stadium,2020-11-01,Rajasthan Royals,field,Kolkata Knight Riders
1082598,Kings XI Punjab,Royal Challengers Bangalore,Holkar Cricket Stadium,2017-04-10,Royal Challengers Bangalore,bat,Kings XI Punjab
1304079,Mumbai Indians,Chennai Super Kings,"Dr DY Patil Sports Academy, Mumbai",2022-04-21,Chennai Super Kings,field,Chennai Super Kings
980981,Royal Challengers Bangalore,Mumbai Indians,M Chinnaswamy Stadium,2016-05-11,Mumbai Indians,field,Mumbai Indians
734029,Chennai Super Kings,Sunrisers Hyderabad,JSCA International Stadium Complex,2014-05-22,Sunrisers Hyderabad,field,Sunrisers Hyderabad
419125,Chennai Super Kings,Mumbai Indians,"Brabourne Stadium, Mumbai",2010-03-25,Mumbai Indians,field,Mumbai Indians
1422121,Kolkata Knight Riders,Sunrisers Hyderabad,"Eden Gardens, Kolkata",2024-03-23,Sunrisers Hyderabad,field,Kolkata Knight Riders
1082599,Rising Pune Supergiant,Delhi Daredevils,Maharashtra Cricket Association Stadium,2017-04-11,Rising Pune Supergiant,field,Delhi Daredevils
729303,Chennai Super Kings,Mumbai Indians,Dubai International Cricket Stadium,2014-04-25,Mumbai Indians,bat,Chennai Super Kings
1529275,Rajasthan Royals,Lucknow Super Giants,"Bharat Ratna Shri Atal Bihari Vajpayee Ekana Cricket Stadium, Lucknow",2026-04-22,Lucknow Super Giants,field,Rajasthan Royals
980947,Mumbai Indians,Kolkata Knight Riders,Wankhede Stadium,2016-04-28,Mumbai Indians,field,Mumbai Indians
1529281,Kolkata Knight Riders,Lucknow Super Giants,"Bharat Ratna Shri Atal Bihari Vajpayee Ekana Cricket Stadium, Lucknow",2026-04-26,Lucknow Super Giants,field,No Result
1422138,Mumbai Indians,Delhi Capitals,"Wankhede Stadium, Mumbai",2024-04-07,Delhi Capitals,field,Mumbai Indians
419113,Kolkata Knight Riders,Chennai Super Kings,Eden Gardens,2010-03-16,Chennai Super Kings,bat,Chennai Super Kings
1254102,Kolkata Knight Riders,Punjab Kings,Dubai International Cricket Stadium,2021-10-01,Punjab Kings,field,Punjab Kings
548334,Mumbai Indians,Kings XI Punjab,Wankhede Stadium,2012-04-22,Mumbai Indians,bat,Kings XI Punjab
501254,Kochi Tuskers Kerala,Kings XI Punjab,Holkar Cricket Stadium,2011-05-13,Kings XI Punjab,field,Kings XI Punjab
1473486,Chennai Super Kings,Punjab Kings,"MA Chidambaram Stadium, Chepauk, Chennai",2025-04-30,Punjab Kings,field,Punjab Kings
419162,Royal Challengers Bangalore,Mumbai Indians,Dr DY Patil Sports Academy,2010-04-21,Mumbai Indians,bat,Mumbai Indians
1426280,Kolkata Knight Riders,Punjab Kings,"Eden Gardens, Kolkata",2024-04-26,Punjab Kings,field,Punjab Kings
1136592,Delhi Daredevils,Rajasthan Royals,Arun Jaitley Stadium,2018-05-02,Rajasthan Royals,field,Delhi Daredevils
829769,Mumbai Indians,Rajasthan Royals,Wankhede Stadium,2015-05-01,Rajasthan Royals,field,Mumbai Indians
1136583,Sunrisers Hyderabad,Mumbai Indians,Wankhede Stadium,2018-04-24,Mumbai Indians,field,Sunrisers Hyderabad
734043,Kings XI Punjab,Kolkata Knight Riders,Eden Gardens,2014-05-27,Kings XI Punjab,field,Kolkata Knight Riders
1473503,Sunrisers Hyderabad,Royal Challengers Bengaluru,"Bharat Ratna Shri Atal Bihari Vajpayee Ekana Cricket Stadium, Lucknow",2025-05-23,Royal Challengers Bengaluru,field,Sunrisers Hyderabad
598030,Chennai Super Kings,Sunrisers Hyderabad,"MA Chidambaram Stadium, Chepauk",2013-04-25,Sunrisers Hyderabad,bat,Chennai Super Kings
1254075,Kolkata Knight Riders,Rajasthan Royals,"Wankhede Stadium, Mumbai",2021-04-24,Rajasthan Royals,field,Rajasthan Royals
548376,Deccan Chargers,Royal Challengers Bangalore,"Rajiv Gandhi International Stadium, Uppal",2012-05-20,Royal Challengers Bangalore,field,Deccan Chargers
419132,Mumbai Indians,Kings XI Punjab,Brabourne Stadium,2010-03-30,Mumbai Indians,field,Mumbai Indians
1422124,Punjab Kings,Royal Challengers Bengaluru,"M Chinnaswamy Stadium, Bengaluru",2024-03-25,Royal Challengers Bengaluru,field,Royal Challengers Bengaluru
598023,Royal Challengers Bangalore,Rajasthan Royals,M Chinnaswamy Stadium,2013-04-20,Royal Challengers Bangalore,field,Royal Challengers Bangalore
980949,Rising Pune Supergiants,Gujarat Lions,Maharashtra Cricket Association Stadium,2016-04-29,Gujarat Lions,field,Gujarat Lions
733995,Mumbai Indians,Chennai Super Kings,Wankhede Stadium,2014-05-10,Chennai Super Kings,field,Chennai Super Kings
598051,Sunrisers Hyderabad,Chennai Super Kings,"Rajiv Gandhi International Stadium, Uppal",2013-05-08,Sunrisers Hyderabad,field,Chennai Super Kings
548374,Kings XI Punjab,Delhi Daredevils,Himachal Pradesh Cricket Association Stadium,2012-05-19,Delhi Daredevils,field,Delhi Daredevils
501238,Delhi Daredevils,Kochi Tuskers Kerala,Feroz Shah Kotla,2011-05-02,Kochi Tuskers Kerala,field,Kochi Tuskers Kerala
501223,Delhi Daredevils,Kings XI Punjab,Feroz Shah Kotla,2011-04-23,Kings XI Punjab,field,Delhi Daredevils
1254072,Chennai Super Kings,Kolkata Knight Riders,"Wankhede Stadium, Mumbai",2021-04-21,Kolkata Knight Riders,field,Chennai Super Kings
1527684,Royal Challengers Bengaluru,Chennai Super Kings,"M Chinnaswamy Stadium, Bengaluru",2026-04-05,Chennai Super Kings,field,Royal Challengers Bengaluru
1473507,Lucknow Super Giants,Royal Challengers Bengaluru,"Bharat Ratna Shri Atal Bihari Vajpayee Ekana Cricket Stadium, Lucknow",2025-05-27,Royal Challengers Bengaluru,field,Royal Challengers Bengaluru
501235,Rajasthan Royals,Pune Warriors,Sawai Mansingh Stadium,2011-05-01,Rajasthan Royals,field,Rajasthan Royals
392183,Delhi Daredevils,Kings XI Punjab,Newlands,2009-04-19,Delhi Daredevils,field,Delhi Daredevils
1527677,Gujarat Titans,Punjab Kings,"Maharaja Yadavindra Singh International Cricket Stadium, New Chandigarh",2026-03-31,Punjab Kings,field,Punjab Kings
501236,Chennai Super Kings,Deccan Chargers,"MA Chidambaram Stadium, Chepauk",2011-05-01,Chennai Super Kings,bat,Chennai Super Kings
1178398,Kolkata Knight Riders,Chennai Super Kings,MA Chidambaram Stadium,2019-04-09,Chennai Super Kings,field,Chennai Super Kings
419128,Royal Challengers Bangalore,Delhi Daredevils,M Chinnaswamy Stadium,2010-03-25,Royal Challengers Bangalore,field,Delhi Daredevils
419107,Mumbai Indians,Rajasthan Royals,Brabourne Stadium,2010-03-13,Mumbai Indians,bat,Mumbai Indians
829807,Sunrisers Hyderabad,Royal Challengers Bangalore,"Rajiv Gandhi International Stadium, Uppal",2015-05-15,Sunrisers Hyderabad,bat,Royal Challengers Bangalore
1216516,Sunrisers Hyderabad,Chennai Super Kings,Dubai International Cricket Stadium,2020-10-02,Sunrisers Hyderabad,bat,Sunrisers Hyderabad
419141,Deccan Chargers,Rajasthan Royals,"Vidarbha Cricket Association Stadium, Jamtha",2010-04-05,Rajasthan Royals,bat,Rajasthan Royals
1216524,Sunrisers Hyderabad,Delhi Capitals,Dubai International Cricket Stadium,2020-10-27,Delhi Capitals,field,Sunrisers Hyderabad
1359524,Royal Challengers Bangalore,Delhi Capitals,"Arun Jaitley Stadium, Delhi",2023-05-06,Royal Challengers Bangalore,bat,Delhi Capitals
335986,Kolkata Knight Riders,Deccan Chargers,Eden Gardens,2008-04-20,Deccan Chargers,bat,Kolkata Knight Riders
548369,Delhi Daredevils,Kings XI Punjab,Feroz Shah Kotla,2012-05-15,Kings XI Punjab,bat,Delhi Daredevils
1527679,Sunrisers Hyderabad,Kolkata Knight Riders,"Eden Gardens, Kolkata",2026-04-02,Kolkata Knight Riders,field,Sunrisers Hyderabad
598004,Sunrisers Hyderabad,Royal Challengers Bangalore,"Rajiv Gandhi International Stadium, Uppal",2013-04-07,Royal Challengers Bangalore,bat,No Result
1082620,Rising Pune Supergiant,Kolkata Knight Riders,Maharashtra Cricket Association Stadium,2017-04-26,Kolkata Knight Riders,field,Kolkata Knight Riders
1178401,Kolkata Knight Riders,Delhi Capitals,Eden Gardens,2019-04-12,Delhi Capitals,field,Delhi Capitals
1426277,Chennai Super Kings,Lucknow Super Giants,"MA Chidambaram Stadium, Chepauk, Chennai",2024-04-23,Lucknow Super Giants,field,Lucknow Super Giants
1254071,Punjab Kings,Sunrisers Hyderabad,"MA Chidambaram Stadium, Chepauk, Chennai",2021-04-21,Punjab Kings,bat,Sunrisers Hyderabad
1359476,Punjab Kings,Kolkata Knight Riders,"Punjab Cricket Association IS Bindra Stadium, Mohali, Chandigarh",2023-04-01,Kolkata Knight Riders,field,Punjab Kings
980985,Mumbai Indians,Kings XI Punjab,Dr. Y.S. Rajasekhara Reddy ACA-VDCA Cricket Stadium,2016-05-13,Mumbai Indians,bat,Kings XI Punjab
1304067,Gujarat Titans,Sunrisers Hyderabad,"Dr DY Patil Sports Academy, Mumbai",2022-04-11,Sunrisers Hyderabad,field,Sunrisers Hyderabad
598034,Chennai Super Kings,Kolkata Knight Riders,"MA Chidambaram Stadium, Chepauk",2013-04-28,Kolkata Knight Riders,field,Chennai Super Kings
1370350,Chennai Super Kings,Gujarat Titans,"MA Chidambaram Stadium, Chepauk, Chennai",2023-05-23,Gujarat Titans,field,Chennai Super Kings
336003,Kings XI Punjab,Kolkata Knight Riders,"Punjab Cricket Association Stadium, Mohali",2008-05-03,Kings XI Punjab,bat,Kings XI Punjab
598016,Kings XI Punjab,Kolkata Knight Riders,"Punjab Cricket Association Stadium, Mohali",2013-04-16,Kolkata Knight Riders,field,Kings XI Punjab
1529292,Sunrisers Hyderabad,Punjab Kings,"Rajiv Gandhi International Stadium, Uppal, Hyderabad",2026-05-06,Punjab Kings,field,Sunrisers Hyderabad
548377,Rajasthan Royals,Mumbai Indians,Sawai Mansingh Stadium,2012-05-20,Rajasthan Royals,bat,Mumbai Indians
392196,Chennai Super Kings,Deccan Chargers,Kingsmead,2009-04-27,Deccan Chargers,field,Deccan Chargers
1136591,Royal Challengers Bangalore,Mumbai Indians,M.Chinnaswamy Stadium,2018-05-01,Mumbai Indians,field,Royal Challengers Bangalore
829717,Mumbai Indians,Kings XI Punjab,Wankhede Stadium,2015-04-12,Mumbai Indians,field,Kings XI Punjab
392213,Royal Challengers Bangalore,Rajasthan Royals,SuperSport Park,2009-05-07,Rajasthan Royals,field,Rajasthan Royals
980931,Rising Pune Supergiants,Royal Challengers Bangalore,Maharashtra Cricket Association Stadium,2016-04-22,Rising Pune Supergiants,field,Royal Challengers Bangalore
501260,Kings XI Punjab,Royal Challengers Bangalore,Himachal Pradesh Cricket Association Stadium,2011-05-17,Kings XI Punjab,bat,Kings XI Punjab
1136589,Royal Challengers Bangalore,Kolkata Knight Riders,M.Chinnaswamy Stadium,2018-04-29,Kolkata Knight Riders,field,Kolkata Knight Riders
829721,Rajasthan Royals,Mumbai Indians,"Sardar Patel Stadium, Motera",2015-04-14,Mumbai Indians,bat,Rajasthan Royals
1426299,Rajasthan Royals,Chennai Super Kings,"MA Chidambaram Stadium, Chepauk, Chennai",2024-05-12,Rajasthan Royals,bat,Chennai Super Kings
1082611,Sunrisers Hyderabad,Delhi Daredevils,"Rajiv Gandhi International Stadium, Uppal",2017-04-19,Sunrisers Hyderabad,bat,Sunrisers Hyderabad
1175360,Delhi Capitals,Chennai Super Kings,Arun Jaitley Stadium,2019-03-26,Delhi Capitals,bat,Chennai Super Kings
1136594,Kings XI Punjab,Mumbai Indians,Holkar Cricket Stadium,2018-05-04,Mumbai Indians,field,Mumbai Indians
1304090,Rajasthan Royals,Mumbai Indians,"Dr DY Patil Sports Academy, Mumbai",2022-04-30,Mumbai Indians,field,Mumbai Indians
1082594,Kings XI Punjab,Rising Pune Supergiant,Holkar Cricket Stadium,2017-04-08,Kings XI Punjab,field,Kings XI Punjab
1422139,Lucknow Super Giants,Gujarat Titans,"Bharat Ratna Shri Atal Bihari Vajpayee Ekana Cricket Stadium, Lucknow",2024-04-07,Lucknow Super Giants,bat,Lucknow Super Giants
829753,Chennai Super Kings,Kings XI Punjab,"MA Chidambaram Stadium, Chepauk",2015-04-25,Chennai Super Kings,bat,Chennai Super Kings
1216494,Kolkata Knight Riders,Royal Challengers Bangalore,Sheikh Zayed Stadium,2020-10-21,Kolkata Knight Riders,bat,Royal Challengers Bangalore
392182,Royal Challengers Bangalore,Rajasthan Royals,Newlands,2009-04-18,Royal Challengers Bangalore,bat,Royal Challengers Bangalore
1422127,Rajasthan Royals,Delhi Capitals,"Sawai Mansingh Stadium, Jaipur",2024-03-28,Delhi Capitals,field,Rajasthan Royals
548318,Chennai Super Kings,Royal Challengers Bangalore,"MA Chidambaram Stadium, Chepauk",2012-04-12,Royal Challengers Bangalore,bat,Chennai Super Kings
1359482,Punjab Kings,Rajasthan Royals,"Barsapara Cricket Stadium, Guwahati",2023-04-05,Rajasthan Royals,field,Punjab Kings
598048,Royal Challengers Bangalore,Sunrisers Hyderabad,M Chinnaswamy Stadium,2013-04-09,Sunrisers Hyderabad,bat,Royal Challengers Bangalore
392198,Delhi Daredevils,Rajasthan Royals,SuperSport Park,2009-04-28,Delhi Daredevils,bat,Rajasthan Royals
501218,Mumbai Indians,Pune Warriors,Wankhede Stadium,2011-04-20,Pune Warriors,bat,Mumbai Indians
392235,Delhi Daredevils,Mumbai Indians,SuperSport Park,2009-05-21,Delhi Daredevils,field,Delhi Daredevils
1529302,Chennai Super Kings,Lucknow Super Giants,"Bharat Ratna Shri Atal Bihari Vajpayee Ekana Cricket Stadium, Lucknow",2026-05-15,Lucknow Super Giants,field,Lucknow Super Giants
1473504,Chennai Super Kings,Gujarat Titans,"Narendra Modi Stadium, Ahmedabad",2025-05-25,Chennai Super Kings,bat,Chennai Super Kings
1304096,Delhi Capitals,Sunrisers Hyderabad,"Brabourne Stadium, Mumbai",2022-05-05,Sunrisers Hyderabad,field,Delhi Capitals
548371,Kings XI Punjab,Chennai Super Kings,Himachal Pradesh Cricket Association Stadium,2012-05-17,Kings XI Punjab,field,Kings XI Punjab
1473446,Gujarat Titans,Mumbai Indians,"Narendra Modi Stadium, Ahmedabad",2025-03-29,Mumbai Indians,field,Gujarat Titans
1178414,Royal Challengers Bangalore,Chennai Super Kings,M.Chinnaswamy Stadium,2019-04-21,Chennai Super Kings,field,Royal Challengers Bangalore
1254108,Royal Challengers Bangalore,Mumbai Indians,Dubai International Cricket Stadium,2021-09-26,Mumbai Indians,field,Royal Challengers Bangalore
598056,Kings XI Punjab,Sunrisers Hyderabad,"Punjab Cricket Association Stadium, Mohali",2013-05-11,Kings XI Punjab,field,Sunrisers Hyderabad
1359541,Chennai Super Kings,Delhi Capitals,"Arun Jaitley Stadium, Delhi",2023-05-20,Chennai Super Kings,bat,Chennai Super Kings
1082613,Kolkata Knight Riders,Gujarat Lions,Eden Gardens,2017-04-21,Gujarat Lions,field,Gujarat Lions
1359542,Lucknow Super Giants,Kolkata Knight Riders,"Eden Gardens, Kolkata",2023-05-20,Kolkata Knight Riders,field,Lucknow Super Giants
829743,Sunrisers Hyderabad,Kolkata Knight Riders,Dr. Y.S. Rajasekhara Reddy ACA-VDCA Cricket Stadium,2015-04-22,Kolkata Knight Riders,field,Sunrisers Hyderabad
548349,Rajasthan Royals,Delhi Daredevils,Sawai Mansingh Stadium,2012-05-01,Rajasthan Royals,bat,Delhi Daredevils
1216493,Delhi Capitals,Kings XI Punjab,Dubai International Cricket Stadium,2020-09-20,Kings XI Punjab,field,No Result
829801,Delhi Daredevils,Chennai Super Kings,Shaheed Veer Narayan Singh International Stadium,2015-05-12,Chennai Super Kings,bat,Delhi Daredevils
392222,Kings XI Punjab,Mumbai Indians,SuperSport Park,2009-05-12,Kings XI Punjab,bat,Mumbai Indians
598064,Kings XI Punjab,Royal Challengers Bangalore,"Punjab Cricket Association Stadium, Mohali",2013-05-06,Kings XI Punjab,field,Kings XI Punjab
1082595,Royal Challengers Bangalore,Delhi Daredevils,M.Chinnaswamy Stadium,2017-04-08,Royal Challengers Bangalore,bat,Royal Challengers Bangalore
1082618,Mumbai Indians,Rising Pune Supergiant,Wankhede Stadium,2017-04-24,Mumbai Indians,field,Rising Pune Supergiant
1254105,Sunrisers Hyderabad,Delhi Capitals,Dubai International Cricket Stadium,2021-09-22,Sunrisers Hyderabad,bat,Delhi Capitals
1082622,Kolkata Knight Riders,Delhi Daredevils,Eden Gardens,2017-04-28,Kolkata Knight Riders,field,Kolkata Knight Riders
729289,Kolkata Knight Riders,Delhi Daredevils,Dubai International Cricket Stadium,2014-04-19,Kolkata Knight Riders,bat,Delhi Daredevils
598019,Rajasthan Royals,Mumbai Indians,Sawai Mansingh Stadium,2013-04-17,Rajasthan Royals,bat,Rajasthan Royals
1136582,Kings XI Punjab,Delhi Daredevils,Arun Jaitley Stadium,2018-04-23,Delhi Daredevils,field,Kings XI Punjab
548362,Pune Warriors,Royal Challengers Bangalore,Subrata Roy Sahara Stadium,2012-05-11,Pune Warriors,field,Royal Challengers Bangalore
548381,Kolkata Knight Riders,Chennai Super Kings,"MA Chidambaram Stadium, Chepauk",2012-05-27,Chennai Super Kings,bat,Kolkata Knight Riders
1529269,Royal Challengers Bengaluru,Delhi Capitals,"M Chinnaswamy Stadium, Bengaluru",2026-04-18,Delhi Capitals,field,Delhi Capitals
1422125,Chennai Super Kings,Gujarat Titans,"MA Chidambaram Stadium, Chepauk, Chennai",2024-03-26,Gujarat Titans,field,Chennai Super Kings
981003,Delhi Daredevils,Sunrisers Hyderabad,Shaheed Veer Narayan Singh International Stadium,2016-05-20,Delhi Daredevils,field,Delhi Daredevils
335994,Mumbai Indians,Deccan Chargers,Dr DY Patil Sports Academy,2008-04-27,Deccan Chargers,field,Deccan Chargers
1312200,Rajasthan Royals,Gujarat Titans,"Narendra Modi Stadium, Ahmedabad",2022-05-29,Rajasthan Royals,bat,Gujarat Titans
1136575,Rajasthan Royals,Kolkata Knight Riders,Sawai Mansingh Stadium,2018-04-18,Kolkata Knight Riders,field,Kolkata Knight Riders
1529271,Rajasthan Royals,Kolkata Knight Riders,"Eden Gardens, Kolkata",2026-04-19,Rajasthan Royals,bat,Kolkata Knight Riders
1527681,Mumbai Indians,Delhi Capitals,"Arun Jaitley Stadium, Delhi",2026-04-04,Delhi Capitals,field,Delhi Capitals
1473447,Sunrisers Hyderabad,Delhi Capitals,"Dr. Y.S. Rajasekhara Reddy ACA-VDCA Cricket Stadium, Visakhapatnam",2025-03-30,Sunrisers Hyderabad,bat,Delhi Capitals
598046,Mumbai Indians,Chennai Super Kings,Wankhede Stadium,2013-05-05,Mumbai Indians,bat,Mumbai Indians
1529282,Delhi Capitals,Royal Challengers Bengaluru,"Arun Jaitley Stadium, Delhi",2026-04-27,Royal Challengers Bengaluru,field,Royal Challengers Bengaluru
548335,Deccan Chargers,Kolkata Knight Riders,Barabati Stadium,2012-04-22,Kolkata Knight Riders,field,Kolkata Knight Riders
829789,Chennai Super Kings,Mumbai Indians,"MA Chidambaram Stadium, Chepauk",2015-05-08,Chennai Super Kings,bat,Mumbai Indians
1304062,Punjab Kings,Gujarat Titans,"Brabourne Stadium, Mumbai",2022-04-08,Gujarat Titans,field,Gujarat Titans
734017,Rajasthan Royals,Mumbai Indians,"Sardar Patel Stadium, Motera",2014-05-19,Mumbai Indians,bat,Mumbai Indians
980993,Mumbai Indians,Delhi Daredevils,Dr. Y.S. Rajasekhara Reddy ACA-VDCA Cricket Stadium,2016-05-15,Delhi Daredevils,field,Mumbai Indians
1529295,Gujarat Titans,Rajasthan Royals,"Sawai Mansingh Stadium, Jaipur",2026-05-09,Rajasthan Royals,field,Gujarat Titans
1426300,Royal Challengers Bengaluru,Delhi Capitals,"M Chinnaswamy Stadium, Bengaluru",2024-05-12,Delhi Capitals,field,Royal Challengers Bengaluru
598000,Sunrisers Hyderabad,Pune Warriors,"Rajiv Gandhi International Stadium, Uppal",2013-04-05,Pune Warriors,field,Sunrisers Hyderabad
1136606,Sunrisers Hyderabad,Chennai Super Kings,Maharashtra Cricket Association Stadium,2018-05-13,Chennai Super Kings,field,Chennai Super Kings
419137,Chennai Super Kings,Rajasthan Royals,"MA Chidambaram Stadium, Chepauk",2010-04-03,Chennai Super Kings,bat,Chennai Super Kings
598007,Kings XI Punjab,Chennai Super Kings,"Punjab Cricket Association Stadium, Mohali",2013-04-10,Chennai Super Kings,field,Chennai Super Kings
419149,Delhi Daredevils,Kings XI Punjab,Feroz Shah Kotla,2010-04-11,Delhi Daredevils,bat,Kings XI Punjab
1216540,Royal Challengers Bangalore,Kolkata Knight Riders,Sharjah Cricket Stadium,2020-10-12,Royal Challengers Bangalore,bat,Royal Challengers Bangalore
1175363,Rajasthan Royals,Sunrisers Hyderabad,Rajiv Gandhi International Stadium,2019-03-29,Rajasthan Royals,bat,Sunrisers Hyderabad
980967,Sunrisers Hyderabad,Gujarat Lions,"Rajiv Gandhi International Stadium, Uppal",2016-05-06,Sunrisers Hyderabad,field,Sunrisers Hyderabad
1359529,Chennai Super Kings,Delhi Capitals,"MA Chidambaram Stadium, Chepauk, Chennai",2023-05-10,Chennai Super Kings,bat,Chennai Super Kings
336035,Kolkata Knight Riders,Kings XI Punjab,Eden Gardens,2008-05-25,Kings XI Punjab,bat,Kolkata Knight Riders
419152,Mumbai Indians,Delhi Daredevils,Brabourne Stadium,2010-04-13,Mumbai Indians,bat,Mumbai Indians
1426303,Rajasthan Royals,Punjab Kings,"Barsapara Cricket Stadium, Guwahati",2024-05-15,Rajasthan Royals,bat,Punjab Kings
729307,Kolkata Knight Riders,Kings XI Punjab,Sheikh Zayed Stadium,2014-04-26,Kolkata Knight Riders,field,Kings XI Punjab
1529274,Sunrisers Hyderabad,Delhi Capitals,"Rajiv Gandhi International Stadium, Uppal, Hyderabad",2026-04-21,Delhi Capitals,field,Sunrisers Hyderabad
1254111,Rajasthan Royals,Punjab Kings,Dubai International Cricket Stadium,2021-09-21,Punjab Kings,field,Rajasthan Royals
598055,Pune Warriors,Mumbai Indians,Subrata Roy Sahara Stadium,2013-05-11,Pune Warriors,bat,Mumbai Indians
829811,Rajasthan Royals,Kolkata Knight Riders,Brabourne Stadium,2015-05-16,Rajasthan Royals,bat,Rajasthan Royals
734025,Kings XI Punjab,Mumbai Indians,"Punjab Cricket Association Stadium, Mohali",2014-05-21,Mumbai Indians,field,Mumbai Indians
1136578,Kolkata Knight Riders,Kings XI Punjab,Eden Gardens,2018-04-21,Kings XI Punjab,field,Kings XI Punjab
980959,Royal Challengers Bangalore,Kolkata Knight Riders,M Chinnaswamy Stadium,2016-05-02,Kolkata Knight Riders,field,Kolkata Knight Riders
1254090,Royal Challengers Bangalore,Punjab Kings,Sharjah Cricket Stadium,2021-10-03,Royal Challengers Bangalore,bat,Royal Challengers Bangalore
829767,Delhi Daredevils,Kings XI Punjab,Feroz Shah Kotla,2015-05-01,Delhi Daredevils,field,Delhi Daredevils
1473455,Rajasthan Royals,Punjab Kings,"Maharaja Yadavindra Singh International Cricket Stadium, Mullanpur",2025-04-05,Punjab Kings,field,Rajasthan Royals
1426288,Sunrisers Hyderabad,Rajasthan Royals,"Rajiv Gandhi International Stadium, Uppal, Hyderabad",2024-05-02,Sunrisers Hyderabad,bat,Sunrisers Hyderabad
598009,Pune Warriors,Rajasthan Royals,Subrata Roy Sahara Stadium,2013-04-11,Rajasthan Royals,bat,Pune Warriors
829715,Delhi Daredevils,Rajasthan Royals,Feroz Shah Kotla,2015-04-12,Rajasthan Royals,field,Rajasthan Royals
501234,Kolkata Knight Riders,Kings XI Punjab,Eden Gardens,2011-04-30,Kolkata Knight Riders,field,Kolkata Knight Riders
1473438,Kolkata Knight Riders,Royal Challengers Bengaluru,"Eden Gardens, Kolkata",2025-03-22,Royal Challengers Bengaluru,field,Royal Challengers Bengaluru
1304106,Punjab Kings,Royal Challengers Bangalore,"Brabourne Stadium, Mumbai",2022-05-13,Royal Challengers Bangalore,field,Punjab Kings
1082639,Kings XI Punjab,Kolkata Knight Riders,"Punjab Cricket Association IS Bindra Stadium, Mohali",2017-05-09,Kolkata Knight Riders,field,Kings XI Punjab
1304047,Chennai Super Kings,Kolkata Knight Riders,"Wankhede Stadium, Mumbai",2022-03-26,Kolkata Knight Riders,field,Kolkata Knight Riders
1254100,Rajasthan Royals,Sunrisers Hyderabad,Dubai International Cricket Stadium,2021-09-27,Rajasthan Royals,bat,Sunrisers Hyderabad
1473492,Delhi Capitals,Sunrisers Hyderabad,"Rajiv Gandhi International Stadium, Uppal, Hyderabad",2025-05-05,Sunrisers Hyderabad,field,No Result
1426265,Punjab Kings,Rajasthan Royals,"Maharaja Yadavindra Singh International Cricket Stadium, Mullanpur",2024-04-13,Rajasthan Royals,field,Rajasthan Royals
980965,Delhi Daredevils,Rising Pune Supergiants,Feroz Shah Kotla,2016-05-05,Rising Pune Supergiants,field,Rising Pune Supergiants
598011,Mumbai Indians,Pune Warriors,Wankhede Stadium,2013-04-13,Mumbai Indians,bat,Mumbai Indians
1359477,Lucknow Super Giants,Delhi Capitals,"Bharat Ratna Shri Atal Bihari Vajpayee Ekana Cricket Stadium, Lucknow",2023-04-01,Delhi Capitals,field,Lucknow Super Giants
419163,Chennai Super Kings,Deccan Chargers,Dr DY Patil Sports Academy,2010-04-22,Chennai Super Kings,bat,Chennai Super Kings
392188,Royal Challengers Bangalore,Deccan Chargers,Newlands,2009-04-22,Deccan Chargers,bat,Deccan Chargers
1254081,Rajasthan Royals,Mumbai Indians,"Arun Jaitley Stadium, Delhi",2021-04-29,Mumbai Indians,field,Mumbai Indians
392204,Royal Challengers Bangalore,Kings XI Punjab,Kingsmead,2009-05-01,Royal Challengers Bangalore,bat,Royal Challengers Bangalore
1426276,Mumbai Indians,Rajasthan Royals,"Sawai Mansingh Stadium, Jaipur",2024-04-22,Mumbai Indians,bat,Rajasthan Royals
1254082,Kolkata Knight Riders,Delhi Capitals,"Narendra Modi Stadium, Ahmedabad",2021-04-29,Delhi Capitals,field,Delhi Capitals
1181766,Sunrisers Hyderabad,Delhi Capitals,Dr. Y.S. Rajasekhara Reddy ACA-VDCA Cricket Stadium,2019-05-08,Delhi Capitals,field,Delhi Capitals
1426307,Punjab Kings,Sunrisers Hyderabad,"Rajiv Gandhi International Stadium, Uppal, Hyderabad",2024-05-19,Punjab Kings,bat,Sunrisers Hyderabad
548355,Mumbai Indians,Chennai Super Kings,Wankhede Stadium,2012-05-06,Mumbai Indians,field,Mumbai Indians
1473472,Delhi Capitals,Gujarat Titans,"Narendra Modi Stadium, Ahmedabad",2025-04-19,Gujarat Titans,field,Gujarat Titans
829751,Mumbai Indians,Sunrisers Hyderabad,Wankhede Stadium,2015-04-25,Mumbai Indians,bat,Mumbai Indians
336026,Royal Challengers Bangalore,Delhi Daredevils,M Chinnaswamy Stadium,2008-05-19,Delhi Daredevils,field,Delhi Daredevils
729287,Royal Challengers Bangalore,Mumbai Indians,Dubai International Cricket Stadium,2014-04-19,Royal Challengers Bangalore,field,Royal Challengers Bangalore
1359520,Punjab Kings,Mumbai Indians,"Punjab Cricket Association IS Bindra Stadium, Mohali, Chandigarh",2023-05-03,Mumbai Indians,field,Mumbai Indians
501239,Deccan Chargers,Kolkata Knight Riders,"Rajiv Gandhi International Stadium, Uppal",2011-05-03,Deccan Chargers,field,Kolkata Knight Riders
1426282,Lucknow Super Giants,Rajasthan Royals,"Bharat Ratna Shri Atal Bihari Vajpayee Ekana Cricket Stadium, Lucknow",2024-04-27,Rajasthan Royals,field,Rajasthan Royals
1304108,Chennai Super Kings,Gujarat Titans,"Wankhede Stadium, Mumbai",2022-05-15,Chennai Super Kings,bat,Gujarat Titans
829793,Delhi Daredevils,Sunrisers Hyderabad,Shaheed Veer Narayan Singh International Stadium,2015-05-09,Sunrisers Hyderabad,bat,Sunrisers Hyderabad
1304050,Lucknow Super Giants,Gujarat Titans,"Wankhede Stadium, Mumbai",2022-03-28,Gujarat Titans,field,Gujarat Titans
1426305,Lucknow Super Giants,Mumbai Indians,"Wankhede Stadium, Mumbai",2024-05-17,Mumbai Indians,field,Lucknow Super Giants
1082592,Rising Pune Supergiant,Mumbai Indians,Maharashtra Cricket Association Stadium,2017-04-06,Rising Pune Supergiant,field,Rising Pune Supergiant
980915,Sunrisers Hyderabad,Kolkata Knight Riders,"Rajiv Gandhi International Stadium, Uppal",2016-04-16,Sunrisers Hyderabad,bat,Kolkata Knight Riders
734001,Sunrisers Hyderabad,Mumbai Indians,"Rajiv Gandhi International Stadium, Uppal",2014-05-12,Sunrisers Hyderabad,bat,Mumbai Indians
1426306,Royal Challengers Bengaluru,Chennai Super Kings,"M Chinnaswamy Stadium, Bengaluru",2024-05-18,Chennai Super Kings,field,Royal Challengers Bengaluru
1304083,Lucknow Super Giants,Mumbai Indians,"Wankhede Stadium, Mumbai",2022-04-24,Mumbai Indians,field,Lucknow Super Giants
1426269,Kolkata Knight Riders,Rajasthan Royals,"Eden Gardens, Kolkata",2024-04-16,Rajasthan Royals,field,Rajasthan Royals
419126,Rajasthan Royals,Deccan Chargers,"Sardar Patel Stadium, Motera",2010-03-26,Deccan Chargers,bat,Rajasthan Royals
548373,Deccan Chargers,Rajasthan Royals,"Rajiv Gandhi International Stadium, Uppal",2012-05-18,Rajasthan Royals,bat,Deccan Chargers
1216505,Royal Challengers Bangalore,Delhi Capitals,Sheikh Zayed Stadium,2020-11-02,Delhi Capitals,field,Delhi Capitals
1082614,Mumbai Indians,Delhi Daredevils,Wankhede Stadium,2017-04-22,Delhi Daredevils,field,Mumbai Indians
1304082,Royal Challengers Bangalore,Sunrisers Hyderabad,"Brabourne Stadium, Mumbai",2022-04-23,Sunrisers Hyderabad,field,Sunrisers Hyderabad
729317,Mumbai Indians,Sunrisers Hyderabad,Dubai International Cricket Stadium,2014-04-30,Mumbai Indians,field,Sunrisers Hyderabad
829785,Royal Challengers Bangalore,Kings XI Punjab,M Chinnaswamy Stadium,2015-05-06,Kings XI Punjab,field,Royal Challengers Bangalore
1529306,Chennai Super Kings,Sunrisers Hyderabad,"MA Chidambaram Stadium, Chepauk, Chennai",2026-05-18,Chennai Super Kings,bat,Sunrisers Hyderabad
598041,Chennai Super Kings,Kings XI Punjab,"MA Chidambaram Stadium, Chepauk",2013-05-02,Chennai Super Kings,bat,Chennai Super Kings
1136593,Chennai Super Kings,Kolkata Knight Riders,Eden Gardens,2018-05-03,Kolkata Knight Riders,field,Kolkata Knight Riders
829741,Rajasthan Royals,Kings XI Punjab,"Sardar Patel Stadium, Motera",2015-04-21,Kings XI Punjab,field,No Result
1216520,Kolkata Knight Riders,Kings XI Punjab,Sharjah Cricket Stadium,2020-10-26,Kings XI Punjab,field,Kings XI Punjab
1359494,Royal Challengers Bangalore,Delhi Capitals,"M Chinnaswamy Stadium, Bengaluru",2023-04-15,Delhi Capitals,field,Royal Challengers Bangalore
335998,Delhi Daredevils,Royal Challengers Bangalore,Feroz Shah Kotla,2008-04-30,Royal Challengers Bangalore,field,Delhi Daredevils
1254068,Punjab Kings,Delhi Capitals,"Wankhede Stadium, Mumbai",2021-04-18,Delhi Capitals,field,Delhi Capitals
1178413,Kolkata Knight Riders,Sunrisers Hyderabad,Rajiv Gandhi International Stadium,2019-04-21,Sunrisers Hyderabad,field,Sunrisers Hyderabad
1082603,Gujarat Lions,Rising Pune Supergiant,Saurashtra Cricket Association Stadium,2017-04-14,Gujarat Lions,field,Gujarat Lions
1082649,Mumbai Indians,Kolkata Knight Riders,M Chinnaswamy Stadium,2017-05-19,Mumbai Indians,field,Mumbai Indians
1529304,Royal Challengers Bengaluru,Punjab Kings,"Himachal Pradesh Cricket Association Stadium, Dharamsala",2026-05-17,Punjab Kings,field,Royal Challengers Bengaluru
1527692,Lucknow Super Giants,Gujarat Titans,"Bharat Ratna Shri Atal Bihari Vajpayee Ekana Cricket Stadium, Lucknow",2026-04-12,Gujarat Titans,field,Gujarat Titans
980977,Kings XI Punjab,Royal Challengers Bangalore,"Punjab Cricket Association IS Bindra Stadium, Mohali",2016-05-09,Kings XI Punjab,field,Royal Challengers Bangalore
548368,Kolkata Knight Riders,Chennai Super Kings,Eden Gardens,2012-05-14,Chennai Super Kings,field,Chennai Super Kings
1216518,Rajasthan Royals,Sunrisers Hyderabad,Dubai International Cricket Stadium,2020-10-22,Sunrisers Hyderabad,field,Sunrisers Hyderabad
548339,Kings XI Punjab,Mumbai Indians,"Punjab Cricket Association Stadium, Mohali",2012-04-25,Kings XI Punjab,bat,Mumbai Indians
980919,Kings XI Punjab,Rising Pune Supergiants,"Punjab Cricket Association IS Bindra Stadium, Mohali",2016-04-17,Rising Pune Supergiants,bat,Kings XI Punjab
1216501,Kolkata Knight Riders,Chennai Super Kings,Sheikh Zayed Stadium,2020-10-07,Kolkata Knight Riders,bat,Kolkata Knight Riders
1529268,Kolkata Knight Riders,Gujarat Titans,"Narendra Modi Stadium, Ahmedabad",2026-04-17,Kolkata Knight Riders,bat,Gujarat Titans
1529307,Lucknow Super Giants,Rajasthan Royals,"Sawai Mansingh Stadium, Jaipur",2026-05-19,Rajasthan Royals,field,Rajasthan Royals
392185,Royal Challengers Bangalore,Chennai Super Kings,St George's Park,2009-04-20,Chennai Super Kings,bat,Chennai Super Kings
1304068,Chennai Super Kings,Royal Challengers Bangalore,"Dr DY Patil Sports Academy, Mumbai",2022-04-12,Royal Challengers Bangalore,field,Chennai Super Kings
1136565,Kolkata Knight Riders,Chennai Super Kings,MA Chidambaram Stadium,2018-04-10,Chennai Super Kings,field,Chennai Super Kings
1136612,Delhi Daredevils,Chennai Super Kings,Arun Jaitley Stadium,2018-05-18,Chennai Super Kings,field,Delhi Daredevils
734023,Kolkata Knight Riders,Chennai Super Kings,Eden Gardens,2014-05-20,Kolkata Knight Riders,field,Kolkata Knight Riders
1136616,Kings XI Punjab,Chennai Super Kings,Maharashtra Cricket Association Stadium,2018-05-20,Chennai Super Kings,field,Chennai Super Kings
336031,Kings XI Punjab,Deccan Chargers,"Punjab Cricket Association Stadium, Mohali",2008-05-23,Kings XI Punjab,field,Kings XI Punjab
1216522,Rajasthan Royals,Royal Challengers Bangalore,Dubai International Cricket Stadium,2020-10-17,Rajasthan Royals,bat,Royal Challengers Bangalore
1136586,Delhi Daredevils,Kolkata Knight Riders,Arun Jaitley Stadium,2018-04-27,Kolkata Knight Riders,field,Delhi Daredevils
1359497,Gujarat Titans,Rajasthan Royals,"Narendra Modi Stadium, Ahmedabad",2023-04-16,Rajasthan Royals,field,Rajasthan Royals
1178427,Kings XI Punjab,Kolkata Knight Riders,Punjab Cricket Association IS Bindra Stadium,2019-05-03,Kolkata Knight Riders,field,Kolkata Knight Riders
419151,Deccan Chargers,Royal Challengers Bangalore,"Vidarbha Cricket Association Stadium, Jamtha",2010-04-12,Royal Challengers Bangalore,field,Deccan Chargers
1082633,Royal Challengers Bangalore,Kings XI Punjab,M Chinnaswamy Stadium,2017-05-05,Royal Challengers Bangalore,field,Kings XI Punjab
335995,Kings XI Punjab,Delhi Daredevils,"Punjab Cricket Association Stadium, Mohali",2008-04-27,Delhi Daredevils,bat,Kings XI Punjab
729309,Delhi Daredevils,Mumbai Indians,Sharjah Cricket Stadium,2014-04-27,Mumbai Indians,bat,Delhi Daredevils
598050,Mumbai Indians,Kolkata Knight Riders,Wankhede Stadium,2013-05-07,Mumbai Indians,bat,Mumbai Indians
419146,Kings XI Punjab,Mumbai Indians,"Punjab Cricket Association Stadium, Mohali",2010-04-09,Mumbai Indians,bat,Kings XI Punjab
1082644,Kolkata Knight Riders,Mumbai Indians,Eden Gardens,2017-05-13,Kolkata Knight Riders,field,Mumbai Indians
1254064,Delhi Capitals,Rajasthan Royals,"Wankhede Stadium, Mumbai",2021-04-15,Rajasthan Royals,field,Rajasthan Royals
392195,Kings XI Punjab,Rajasthan Royals,Newlands,2009-04-26,Kings XI Punjab,bat,Kings XI Punjab
1304071,Kolkata Knight Riders,Sunrisers Hyderabad,"Brabourne Stadium, Mumbai",2022-04-15,Sunrisers Hyderabad,field,Sunrisers Hyderabad
548370,Mumbai Indians,Kolkata Knight Riders,Wankhede Stadium,2012-05-16,Mumbai Indians,field,Kolkata Knight Riders
419131,Delhi Daredevils,Kolkata Knight Riders,Feroz Shah Kotla,2010-03-29,Delhi Daredevils,bat,Delhi Daredevils
548336,Rajasthan Royals,Royal Challengers Bangalore,Sawai Mansingh Stadium,2012-04-23,Rajasthan Royals,field,Royal Challengers Bangalore
1473497,Punjab Kings,Rajasthan Royals,"Sawai Mansingh Stadium, Jaipur",2025-05-18,Punjab Kings,bat,Punjab Kings
829787,Rajasthan Royals,Sunrisers Hyderabad,Brabourne Stadium,2015-05-07,Rajasthan Royals,field,Sunrisers Hyderabad
1136605,Delhi Daredevils,Royal Challengers Bangalore,Arun Jaitley Stadium,2018-05-12,Royal Challengers Bangalore,field,Royal Challengers Bangalore
548348,Deccan Chargers,Pune Warriors,Barabati Stadium,2012-05-01,Deccan Chargers,bat,Deccan Chargers
734009,Kolkata Knight Riders,Mumbai Indians,Barabati Stadium,2014-05-14,Kolkata Knight Riders,field,Kolkata Knight Riders
1304048,Mumbai Indians,Delhi Capitals,"Brabourne Stadium, Mumbai",2022-03-27,Delhi Capitals,field,Delhi Capitals
1426312,Sunrisers Hyderabad,Kolkata Knight Riders,"MA Chidambaram Stadium, Chepauk, Chennai",2024-05-26,Sunrisers Hyderabad,bat,Kolkata Knight Riders
1473450,Lucknow Super Giants,Punjab Kings,"Bharat Ratna Shri Atal Bihari Vajpayee Ekana Cricket Stadium, Lucknow",2025-04-01,Punjab Kings,field,Punjab Kings
336024,Deccan Chargers,Mumbai Indians,"Rajiv Gandhi International Stadium, Uppal",2008-05-18,Deccan Chargers,field,Mumbai Indians
1473509,Mumbai Indians,Gujarat Titans,"Maharaja Yadavindra Singh International Cricket Stadium, New Chandigarh",2025-05-30,Mumbai Indians,bat,Mumbai Indians
598069,Sunrisers Hyderabad,Kolkata Knight Riders,"Rajiv Gandhi International Stadium, Uppal",2013-05-19,Kolkata Knight Riders,bat,Sunrisers Hyderabad
1178422,Kolkata Knight Riders,Mumbai Indians,Eden Gardens,2019-04-28,Mumbai Indians,field,Kolkata Knight Riders
1178395,Royal Challengers Bangalore,Delhi Capitals,M.Chinnaswamy Stadium,2019-04-07,Delhi Capitals,field,Delhi Capitals
501231,Rajasthan Royals,Mumbai Indians,Sawai Mansingh Stadium,2011-04-29,Rajasthan Royals,field,Rajasthan Royals
1136581,Mumbai Indians,Rajasthan Royals,Sawai Mansingh Stadium,2018-04-22,Mumbai Indians,bat,Rajasthan Royals
392203,Kolkata Knight Riders,Mumbai Indians,Buffalo Park,2009-05-01,Mumbai Indians,bat,Mumbai Indians
1175357,Sunrisers Hyderabad,Kolkata Knight Riders,Eden Gardens,2019-03-24,Kolkata Knight Riders,field,Kolkata Knight Riders
598005,Rajasthan Royals,Kolkata Knight Riders,Sawai Mansingh Stadium,2013-04-08,Kolkata Knight Riders,field,Rajasthan Royals
729305,Rajasthan Royals,Royal Challengers Bangalore,Sheikh Zayed Stadium,2014-04-26,Rajasthan Royals,field,Rajasthan Royals
980961,Gujarat Lions,Delhi Daredevils,Saurashtra Cricket Association Stadium,2016-05-03,Delhi Daredevils,field,Delhi Daredevils
1304058,Lucknow Super Giants,Sunrisers Hyderabad,"Dr DY Patil Sports Academy, Mumbai",2022-04-04,Sunrisers Hyderabad,field,Lucknow Super Giants
1216496,Rajasthan Royals,Chennai Super Kings,Sharjah Cricket Stadium,2020-09-22,Chennai Super Kings,field,Rajasthan Royals
1216545,Sunrisers Hyderabad,Kolkata Knight Riders,Sheikh Zayed Stadium,2020-09-26,Sunrisers Hyderabad,bat,Kolkata Knight Riders
392210,Kings XI Punjab,Rajasthan Royals,Kingsmead,2009-05-05,Kings XI Punjab,field,Rajasthan Royals
729283,Chennai Super Kings,Kings XI Punjab,Sheikh Zayed Stadium,2014-04-18,Chennai Super Kings,bat,Kings XI Punjab
1529283,Punjab Kings,Rajasthan Royals,"Maharaja Yadavindra Singh International Cricket Stadium, New Chandigarh",2026-04-28,Rajasthan Royals,field,Rajasthan Royals
501232,Royal Challengers Bangalore,Pune Warriors,M Chinnaswamy Stadium,2011-04-29,Pune Warriors,field,Royal Challengers Bangalore
1304052,Kolkata Knight Riders,Royal Challengers Bangalore,"Dr DY Patil Sports Academy, Mumbai",2022-03-30,Royal Challengers Bangalore,field,Royal Challengers Bangalore
1359540,Punjab Kings,Rajasthan Royals,"Himachal Pradesh Cricket Association Stadium, Dharamsala",2023-05-19,Rajasthan Royals,field,Rajasthan Royals
1178411,Mumbai Indians,Rajasthan Royals,Sawai Mansingh Stadium,2019-04-20,Rajasthan Royals,field,Rajasthan Royals
501203,Kolkata Knight Riders,Deccan Chargers,Eden Gardens,2011-04-11,Kolkata Knight Riders,bat,Kolkata Knight Riders
392197,Kolkata Knight Riders,Mumbai Indians,St George's Park,2009-04-27,Mumbai Indians,bat,Mumbai Indians
336007,Chennai Super Kings,Deccan Chargers,"MA Chidambaram Stadium, Chepauk",2008-05-06,Deccan Chargers,field,Deccan Chargers
1359533,Punjab Kings,Delhi Capitals,"Arun Jaitley Stadium, Delhi",2023-05-13,Delhi Capitals,field,Punjab Kings
1473459,Punjab Kings,Chennai Super Kings,"Maharaja Yadavindra Singh International Cricket Stadium, Mullanpur",2025-04-08,Punjab Kings,bat,Punjab Kings
1254109,Sunrisers Hyderabad,Kolkata Knight Riders,Dubai International Cricket Stadium,2021-10-03,Sunrisers Hyderabad,bat,Kolkata Knight Riders
829799,Sunrisers Hyderabad,Kings XI Punjab,"Rajiv Gandhi International Stadium, Uppal",2015-05-11,Sunrisers Hyderabad,bat,Sunrisers Hyderabad
829777,Rajasthan Royals,Delhi Daredevils,Brabourne Stadium,2015-05-03,Delhi Daredevils,field,Rajasthan Royals
548323,Kolkata Knight Riders,Kings XI Punjab,Eden Gardens,2012-04-15,Kolkata Knight Riders,field,Kings XI Punjab
1370353,Gujarat Titans,Chennai Super Kings,"Narendra Modi Stadium, Ahmedabad",2023-05-29,Chennai Super Kings,field,Chennai Super Kings
1304054,Punjab Kings,Kolkata Knight Riders,"Wankhede Stadium, Mumbai",2022-04-01,Kolkata Knight Riders,field,Kolkata Knight Riders
1304087,Kolkata Knight Riders,Delhi Capitals,"Wankhede Stadium, Mumbai",2022-04-28,Delhi Capitals,field,Delhi Capitals
1136603,Chennai Super Kings,Rajasthan Royals,Sawai Mansingh Stadium,2018-05-11,Chennai Super Kings,bat,Rajasthan Royals
1136573,Kolkata Knight Riders,Delhi Daredevils,Eden Gardens,2018-04-16,Delhi Daredevils,field,Kolkata Knight Riders
1359531,Mumbai Indians,Gujarat Titans,"Wankhede Stadium, Mumbai",2023-05-12,Gujarat Titans,field,Mumbai Indians
1473469,Delhi Capitals,Rajasthan Royals,"Arun Jaitley Stadium, Delhi",2025-04-16,Rajasthan Royals,field,No Result
1178419,Mumbai Indians,Chennai Super Kings,MA Chidambaram Stadium,2019-04-26,Chennai Super Kings,field,Mumbai Indians
980903,Kolkata Knight Riders,Delhi Daredevils,Eden Gardens,2016-04-10,Kolkata Knight Riders,field,Kolkata Knight Riders
1175359,Kings XI Punjab,Rajasthan Royals,Sawai Mansingh Stadium,2019-03-25,Rajasthan Royals,field,Kings XI Punjab
598066,Kings XI Punjab,Mumbai Indians,Himachal Pradesh Cricket Association Stadium,2013-05-18,Mumbai Indians,field,Kings XI Punjab
392219,Delhi Daredevils,Kolkata Knight Riders,New Wanderers Stadium,2009-05-10,Delhi Daredevils,field,Delhi Daredevils
1181768,Mumbai Indians,Chennai Super Kings,Rajiv Gandhi International Stadium,2019-05-12,Mumbai Indians,bat,Mumbai Indians
1304109,Rajasthan Royals,Lucknow Super Giants,"Brabourne Stadium, Mumbai",2022-05-15,Rajasthan Royals,bat,Rajasthan Royals
1473465,Rajasthan Royals,Royal Challengers Bengaluru,"Sawai Mansingh Stadium, Jaipur",2025-04-13,Royal Challengers Bengaluru,field,Royal Challengers Bengaluru
1254104,Chennai Super Kings,Mumbai Indians,Dubai International Cricket Stadium,2021-09-19,Chennai Super Kings,bat,Chennai Super Kings
1175365,Kolkata Knight Riders,Delhi Capitals,Arun Jaitley Stadium,2019-03-30,Delhi Capitals,field,No Result
501229,Kochi Tuskers Kerala,Deccan Chargers,Nehru Stadium,2011-04-27,Kochi Tuskers Kerala,field,Deccan Chargers
501250,Deccan Chargers,Pune Warriors,"Rajiv Gandhi International Stadium, Uppal",2011-05-10,Deccan Chargers,bat,Pune Warriors
336012,Royal Challengers Bangalore,Mumbai Indians,M Chinnaswamy Stadium,2008-05-28,Mumbai Indians,field,Mumbai Indians
1473468,Punjab Kings,Kolkata Knight Riders,"Maharaja Yadavindra Singh International Cricket Stadium, Mullanpur",2025-04-15,Punjab Kings,bat,Punjab Kings
1359523,Mumbai Indians,Chennai Super Kings,"MA Chidambaram Stadium, Chepauk, Chennai",2023-05-06,Chennai Super Kings,field,Chennai Super Kings
1082596,Sunrisers Hyderabad,Gujarat Lions,"Rajiv Gandhi International Stadium, Uppal",2017-04-09,Sunrisers Hyderabad,field,Sunrisers Hyderabad
1359504,Gujarat Titans,Lucknow Super Giants,"Bharat Ratna Shri Atal Bihari Vajpayee Ekana Cricket Stadium, Lucknow",2023-04-22,Gujarat Titans,bat,Gujarat Titans
1136576,Kings XI Punjab,Sunrisers Hyderabad,Punjab Cricket Association IS Bindra Stadium,2018-04-19,Kings XI Punjab,bat,Kings XI Punjab
336001,Chennai Super Kings,Delhi Daredevils,"MA Chidambaram Stadium, Chepauk",2008-05-02,Chennai Super Kings,bat,Delhi Daredevils
1178410,Royal Challengers Bangalore,Kolkata Knight Riders,Eden Gardens,2019-04-19,Kolkata Knight Riders,field,Royal Challengers Bangalore
1359491,Rajasthan Royals,Chennai Super Kings,"MA Chidambaram Stadium, Chepauk, Chennai",2023-04-12,Chennai Super Kings,field,Rajasthan Royals
1359521,Kolkata Knight Riders,Sunrisers Hyderabad,"Rajiv Gandhi International Stadium, Uppal, Hyderabad",2023-05-04,Kolkata Knight Riders,bat,Kolkata Knight Riders
419145,Royal Challengers Bangalore,Deccan Chargers,M Chinnaswamy Stadium,2010-04-08,Deccan Chargers,field,Deccan Chargers
1426302,Delhi Capitals,Lucknow Super Giants,"Arun Jaitley Stadium, Delhi",2024-05-14,Lucknow Super Giants,field,Delhi Capitals
392212,Deccan Chargers,Mumbai Indians,SuperSport Park,2009-05-06,Deccan Chargers,bat,Deccan Chargers
829763,Royal Challengers Bangalore,Rajasthan Royals,M Chinnaswamy Stadium,2015-04-29,Rajasthan Royals,field,No Result
501202,Pune Warriors,Kings XI Punjab,Dr DY Patil Sports Academy,2011-04-10,Kings XI Punjab,bat,Pune Warriors
980971,Kings XI Punjab,Delhi Daredevils,"Punjab Cricket Association IS Bindra Stadium, Mohali",2016-05-07,Delhi Daredevils,field,Kings XI Punjab
1254101,Delhi Capitals,Royal Challengers Bangalore,Dubai International Cricket Stadium,2021-10-08,Royal Challengers Bangalore,field,Royal Challengers Bangalore
1304093,Rajasthan Royals,Kolkata Knight Riders,"Wankhede Stadium, Mumbai",2022-05-02,Kolkata Knight Riders,field,Kolkata Knight Riders
501256,Mumbai Indians,Deccan Chargers,Wankhede Stadium,2011-05-14,Deccan Chargers,bat,Deccan Chargers
980925,Kings XI Punjab,Kolkata Knight Riders,"Punjab Cricket Association IS Bindra Stadium, Mohali",2016-04-19,Kolkata Knight Riders,field,Kolkata Knight Riders
501209,Rajasthan Royals,Kolkata Knight Riders,Sawai Mansingh Stadium,2011-04-15,Kolkata Knight Riders,field,Kolkata Knight Riders
1370351,Mumbai Indians,Lucknow Super Giants,"MA Chidambaram Stadium, Chepauk, Chennai",2023-05-24,Mumbai Indians,bat,Mumbai Indians
419144,Kolkata Knight Riders,Delhi Daredevils,Eden Gardens,2010-04-07,Kolkata Knight Riders,bat,Kolkata Knight Riders
1216521,Chennai Super Kings,Mumbai Indians,Sharjah Cricket Stadium,2020-10-23,Mumbai Indians,field,Mumbai Indians
980979,Rising Pune Supergiants,Sunrisers Hyderabad,Dr. Y.S. Rajasekhara Reddy ACA-VDCA Cricket Stadium,2016-05-10,Sunrisers Hyderabad,bat,Sunrisers Hyderabad
1254095,Sunrisers Hyderabad,Royal Challengers Bangalore,"Zayed Cricket Stadium, Abu Dhabi",2021-10-06,Royal Challengers Bangalore,field,Sunrisers Hyderabad
598044,Sunrisers Hyderabad,Delhi Daredevils,"Rajiv Gandhi International Stadium, Uppal",2013-05-04,Delhi Daredevils,bat,Sunrisers Hyderabad
1359505,Punjab Kings,Mumbai Indians,"Wankhede Stadium, Mumbai",2023-04-22,Mumbai Indians,field,Punjab Kings
829713,Kolkata Knight Riders,Royal Challengers Bangalore,Eden Gardens,2015-04-11,Royal Challengers Bangalore,field,Royal Challengers Bangalore
829791,Kolkata Knight Riders,Kings XI Punjab,Eden Gardens,2015-05-09,Kings XI Punjab,bat,Kolkata Knight Riders
1304088,Lucknow Super Giants,Punjab Kings,"Maharashtra Cricket Association Stadium, Pune",2022-04-29,Punjab Kings,field,Lucknow Super Giants
598033,Mumbai Indians,Royal Challengers Bangalore,Wankhede Stadium,2013-04-27,Mumbai Indians,bat,Mumbai Indians
1254061,Punjab Kings,Rajasthan Royals,"Wankhede Stadium, Mumbai",2021-04-12,Rajasthan Royals,field,Punjab Kings
1254084,Chennai Super Kings,Mumbai Indians,"Arun Jaitley Stadium, Delhi",2021-05-01,Mumbai Indians,field,Mumbai Indians
1254117,Chennai Super Kings,Kolkata Knight Riders,Dubai International Cricket Stadium,2021-10-15,Kolkata Knight Riders,field,Chennai Super Kings
734037,Kolkata Knight Riders,Sunrisers Hyderabad,Eden Gardens,2014-05-24,Kolkata Knight Riders,field,Kolkata Knight Riders
1136600,Rajasthan Royals,Kings XI Punjab,Sawai Mansingh Stadium,2018-05-08,Rajasthan Royals,bat,Rajasthan Royals
392228,Deccan Chargers,Kolkata Knight Riders,New Wanderers Stadium,2009-05-16,Deccan Chargers,field,Deccan Chargers
1175364,Mumbai Indians,Kings XI Punjab,Punjab Cricket Association IS Bindra Stadium,2019-03-30,Kings XI Punjab,field,Kings XI Punjab
734035,Royal Challengers Bangalore,Chennai Super Kings,M Chinnaswamy Stadium,2014-05-24,Chennai Super Kings,field,Chennai Super Kings
1304101,Chennai Super Kings,Delhi Capitals,"Dr DY Patil Sports Academy, Mumbai",2022-05-08,Delhi Capitals,field,Chennai Super Kings
501271,Chennai Super Kings,Royal Challengers Bangalore,"MA Chidambaram Stadium, Chepauk",2011-05-28,Chennai Super Kings,bat,Chennai Super Kings
598013,Kolkata Knight Riders,Sunrisers Hyderabad,Eden Gardens,2013-04-14,Kolkata Knight Riders,bat,Kolkata Knight Riders
1529288,Sunrisers Hyderabad,Kolkata Knight Riders,"Rajiv Gandhi International Stadium, Uppal, Hyderabad",2026-05-03,Sunrisers Hyderabad,bat,Kolkata Knight Riders
829729,Mumbai Indians,Chennai Super Kings,Wankhede Stadium,2015-04-17,Mumbai Indians,bat,Chennai Super Kings
598039,Sunrisers Hyderabad,Mumbai Indians,"Rajiv Gandhi International Stadium, Uppal",2013-05-01,Mumbai Indians,bat,Sunrisers Hyderabad
980951,Delhi Daredevils,Kolkata Knight Riders,Feroz Shah Kotla,2016-04-30,Kolkata Knight Riders,field,Delhi Daredevils
1359530,Kolkata Knight Riders,Rajasthan Royals,"Eden Gardens, Kolkata",2023-05-11,Rajasthan Royals,field,Rajasthan Royals
1359502,Kolkata Knight Riders,Delhi Capitals,"Arun Jaitley Stadium, Delhi",2023-04-20,Delhi Capitals,field,Delhi Capitals
419118,Rajasthan Royals,Kolkata Knight Riders,"Sardar Patel Stadium, Motera",2010-03-20,Rajasthan Royals,bat,Rajasthan Royals
501204,Rajasthan Royals,Delhi Daredevils,Sawai Mansingh Stadium,2011-04-12,Delhi Daredevils,bat,Rajasthan Royals
1216525,Royal Challengers Bangalore,Chennai Super Kings,Dubai International Cricket Stadium,2020-10-10,Royal Challengers Bangalore,bat,Royal Challengers Bangalore
1136567,Mumbai Indians,Sunrisers Hyderabad,Rajiv Gandhi International Stadium,2018-04-12,Sunrisers Hyderabad,field,Sunrisers Hyderabad
980905,Kings XI Punjab,Gujarat Lions,"Punjab Cricket Association IS Bindra Stadium, Mohali",2016-04-11,Gujarat Lions,field,Gujarat Lions
1426290,Gujarat Titans,Royal Challengers Bengaluru,"M Chinnaswamy Stadium, Bengaluru",2024-05-04,Royal Challengers Bengaluru,field,Royal Challengers Bengaluru
829795,Mumbai Indians,Royal Challengers Bangalore,Wankhede Stadium,2015-05-10,Royal Challengers Bangalore,bat,Royal Challengers Bangalore
1426262,Rajasthan Royals,Gujarat Titans,"Sawai Mansingh Stadium, Jaipur",2024-04-10,Gujarat Titans,field,Gujarat Titans
1359496,Kolkata Knight Riders,Mumbai Indians,"Wankhede Stadium, Mumbai",2023-04-16,Mumbai Indians,field,Mumbai Indians
734031,Mumbai Indians,Delhi Daredevils,Wankhede Stadium,2014-05-23,Delhi Daredevils,field,Mumbai Indians
336011,Rajasthan Royals,Deccan Chargers,Sawai Mansingh Stadium,2008-05-09,Rajasthan Royals,field,Rajasthan Royals
734045,Chennai Super Kings,Mumbai Indians,Brabourne Stadium,2014-05-28,Chennai Super Kings,field,Chennai Super Kings
1254073,Rajasthan Royals,Royal Challengers Bangalore,"Wankhede Stadium, Mumbai",2021-04-22,Royal Challengers Bangalore,field,Royal Challengers Bangalore
1237181,Delhi Capitals,Mumbai Indians,Dubai International Cricket Stadium,2020-11-10,Delhi Capitals,bat,Mumbai Indians
392236,Royal Challengers Bangalore,Deccan Chargers,SuperSport Park,2009-05-21,Royal Challengers Bangalore,bat,Royal Challengers Bangalore
335983,Kings XI Punjab,Chennai Super Kings,"Punjab Cricket Association Stadium, Mohali",2008-04-19,Chennai Super Kings,bat,Chennai Super Kings
548363,Kolkata Knight Riders,Mumbai Indians,Eden Gardens,2012-05-12,Mumbai Indians,bat,Mumbai Indians
1473473,Lucknow Super Giants,Rajasthan Royals,"Sawai Mansingh Stadium, Jaipur",2025-04-19,Lucknow Super Giants,bat,Lucknow Super Giants
1426264,Lucknow Super Giants,Delhi Capitals,"Bharat Ratna Shri Atal Bihari Vajpayee Ekana Cricket Stadium, Lucknow",2024-04-12,Lucknow Super Giants,bat,Delhi Capitals
1082643,Gujarat Lions,Sunrisers Hyderabad,Green Park,2017-05-13,Sunrisers Hyderabad,field,Sunrisers Hyderabad
1136561,Mumbai Indians,Chennai Super Kings,Wankhede Stadium,2018-04-07,Chennai Super Kings,field,Chennai Super Kings
1216513,Kings XI Punjab,Chennai Super Kings,Dubai International Cricket Stadium,2020-10-04,Kings XI Punjab,bat,Chennai Super Kings
598014,Rajasthan Royals,Kings XI Punjab,Sawai Mansingh Stadium,2013-04-14,Rajasthan Royals,field,Rajasthan Royals
829761,Kolkata Knight Riders,Delhi Daredevils,Eden Gardens,2015-05-07,Kolkata Knight Riders,bat,Kolkata Knight Riders
980955,Gujarat Lions,Kings XI Punjab,Saurashtra Cricket Association Stadium,2016-05-01,Gujarat Lions,field,Kings XI Punjab
1136571,Rajasthan Royals,Royal Challengers Bangalore,M.Chinnaswamy Stadium,2018-04-15,Royal Challengers Bangalore,field,Rajasthan Royals
1304102,Kolkata Knight Riders,Mumbai Indians,"Dr DY Patil Sports Academy, Mumbai",2022-05-09,Mumbai Indians,field,Kolkata Knight Riders
1304111,Sunrisers Hyderabad,Mumbai Indians,"Wankhede Stadium, Mumbai",2022-05-17,Mumbai Indians,field,Sunrisers Hyderabad
1304100,Royal Challengers Bangalore,Sunrisers Hyderabad,"Wankhede Stadium, Mumbai",2022-05-08,Royal Challengers Bangalore,bat,Royal Challengers Bangalore
598054,Delhi Daredevils,Royal Challengers Bangalore,Feroz Shah Kotla,2013-05-10,Delhi Daredevils,field,Royal Challengers Bangalore
1136570,Kolkata Knight Riders,Sunrisers Hyderabad,Eden Gardens,2018-04-14,Sunrisers Hyderabad,field,Sunrisers Hyderabad
729313,Kings XI Punjab,Royal Challengers Bangalore,Dubai International Cricket Stadium,2014-04-28,Kings XI Punjab,field,Kings XI Punjab
1473498,Delhi Capitals,Gujarat Titans,"Arun Jaitley Stadium, Delhi",2025-05-18,Gujarat Titans,field,Gujarat Titans
1529287,Mumbai Indians,Chennai Super Kings,"MA Chidambaram Stadium, Chepauk, Chennai",2026-05-02,Mumbai Indians,bat,Chennai Super Kings
1136597,Mumbai Indians,Kolkata Knight Riders,Wankhede Stadium,2018-05-06,Kolkata Knight Riders,field,Mumbai Indians
1529305,Rajasthan Royals,Delhi Capitals,"Arun Jaitley Stadium, Delhi",2026-05-17,Delhi Capitals,field,Delhi Capitals
1304098,Punjab Kings,Rajasthan Royals,"Wankhede Stadium, Mumbai",2022-05-07,Punjab Kings,bat,Rajasthan Royals
1136599,Sunrisers Hyderabad,Royal Challengers Bangalore,Rajiv Gandhi International Stadium,2018-05-07,Royal Challengers Bangalore,field,Sunrisers Hyderabad
501243,Deccan Chargers,Delhi Daredevils,"Rajiv Gandhi International Stadium, Uppal",2011-05-05,Delhi Daredevils,field,Delhi Daredevils
548361,Rajasthan Royals,Chennai Super Kings,Sawai Mansingh Stadium,2012-05-10,Chennai Super Kings,field,Chennai Super Kings
1136614,Sunrisers Hyderabad,Kolkata Knight Riders,Rajiv Gandhi International Stadium,2018-05-19,Sunrisers Hyderabad,bat,Kolkata Knight Riders
336002,Deccan Chargers,Royal Challengers Bangalore,"Rajiv Gandhi International Stadium, Uppal",2008-05-25,Deccan Chargers,bat,Royal Challengers Bangalore
1181764,Chennai Super Kings,Mumbai Indians,MA Chidambaram Stadium,2019-05-07,Chennai Super Kings,bat,Mumbai Indians
392216,Deccan Chargers,Kings XI Punjab,De Beers Diamond Oval,2009-05-09,Kings XI Punjab,field,Kings XI Punjab
419115,Royal Challengers Bangalore,Rajasthan Royals,M Chinnaswamy Stadium,2010-03-18,Royal Challengers Bangalore,field,Royal Challengers Bangalore
598062,Chennai Super Kings,Delhi Daredevils,"MA Chidambaram Stadium, Chepauk",2013-05-14,Chennai Super Kings,bat,Chennai Super Kings
1422137,Royal Challengers Bengaluru,Rajasthan Royals,"Sawai Mansingh Stadium, Jaipur",2024-04-06,Rajasthan Royals,field,Rajasthan Royals
1082607,Royal Challengers Bangalore,Rising Pune Supergiant,M Chinnaswamy Stadium,2017-04-16,Royal Challengers Bangalore,field,Rising Pune Supergiant
1426263,Royal Challengers Bengaluru,Mumbai Indians,"Wankhede Stadium, Mumbai",2024-04-11,Mumbai Indians,field,Mumbai Indians
980969,Royal Challengers Bangalore,Rising Pune Supergiants,M Chinnaswamy Stadium,2016-05-07,Royal Challengers Bangalore,field,Royal Challengers Bangalore
1082602,Royal Challengers Bangalore,Mumbai Indians,M Chinnaswamy Stadium,2017-04-14,Mumbai Indians,field,Mumbai Indians
1136617,Sunrisers Hyderabad,Chennai Super Kings,Wankhede Stadium,2018-05-22,Chennai Super Kings,field,Chennai Super Kings
829819,Royal Challengers Bangalore,Rajasthan Royals,Maharashtra Cricket Association Stadium,2015-05-20,Royal Challengers Bangalore,bat,Royal Challengers Bangalore
501268,Royal Challengers Bangalore,Chennai Super Kings,Wankhede Stadium,2011-05-24,Chennai Super Kings,field,Chennai Super Kings
1216503,Mumbai Indians,Kings XI Punjab,Sheikh Zayed Stadium,2020-10-01,Kings XI Punjab,field,Mumbai Indians
980911,Gujarat Lions,Rising Pune Supergiants,Saurashtra Cricket Association Stadium,2016-04-14,Rising Pune Supergiants,bat,Gujarat Lions
392231,Chennai Super Kings,Kolkata Knight Riders,SuperSport Park,2009-05-18,Chennai Super Kings,bat,Kolkata Knight Riders
1082609,Sunrisers Hyderabad,Kings XI Punjab,"Rajiv Gandhi International Stadium, Uppal",2017-04-17,Kings XI Punjab,field,Sunrisers Hyderabad
1136598,Rajasthan Royals,Kings XI Punjab,Holkar Cricket Stadium,2018-05-06,Kings XI Punjab,field,Kings XI Punjab
598072,Mumbai Indians,Rajasthan Royals,Eden Gardens,2013-05-24,Rajasthan Royals,bat,Mumbai Indians
336023,Rajasthan Royals,Royal Challengers Bangalore,Sawai Mansingh Stadium,2008-05-17,Royal Challengers Bangalore,field,Rajasthan Royals
1175361,Kolkata Knight Riders,Kings XI Punjab,Eden Gardens,2019-03-27,Kings XI Punjab,field,Kolkata Knight Riders
419157,Royal Challengers Bangalore,Mumbai Indians,M Chinnaswamy Stadium,2010-04-17,Royal Challengers Bangalore,field,Mumbai Indians
419139,Kolkata Knight Riders,Kings XI Punjab,Eden Gardens,2010-04-04,Kolkata Knight Riders,bat,Kings XI Punjab
598065,Sunrisers Hyderabad,Rajasthan Royals,"Rajiv Gandhi International Stadium, Uppal",2013-05-17,Sunrisers Hyderabad,bat,Sunrisers Hyderabad
1136577,Chennai Super Kings,Rajasthan Royals,Maharashtra Cricket Association Stadium,2018-04-20,Rajasthan Royals,field,Chennai Super Kings
1216492,Mumbai Indians,Chennai Super Kings,Sheikh Zayed Stadium,2020-09-19,Chennai Super Kings,field,Chennai Super Kings
1178404,Kolkata Knight Riders,Chennai Super Kings,Eden Gardens,2019-04-14,Chennai Super Kings,field,Chennai Super Kings
548313,Pune Warriors,Kings XI Punjab,Subrata Roy Sahara Stadium,2012-04-08,Pune Warriors,bat,Pune Warriors
392207,Kings XI Punjab,Kolkata Knight Riders,St George's Park,2009-05-03,Kolkata Knight Riders,bat,Kings XI Punjab
829747,Delhi Daredevils,Mumbai Indians,Feroz Shah Kotla,2015-04-23,Mumbai Indians,field,Delhi Daredevils
392233,Kolkata Knight Riders,Rajasthan Royals,Kingsmead,2009-05-20,Kolkata Knight Riders,field,Kolkata Knight Riders
829705,Kolkata Knight Riders,Mumbai Indians,Eden Gardens,2015-04-08,Kolkata Knight Riders,field,Kolkata Knight Riders
1426294,Delhi Capitals,Rajasthan Royals,"Arun Jaitley Stadium, Delhi",2024-05-07,Rajasthan Royals,field,Delhi Capitals
1178407,Kings XI Punjab,Rajasthan Royals,Punjab Cricket Association IS Bindra Stadium,2019-04-16,Rajasthan Royals,field,Kings XI Punjab
1359506,Royal Challengers Bangalore,Rajasthan Royals,"M Chinnaswamy Stadium, Bengaluru",2023-04-23,Rajasthan Royals,field,Royal Challengers Bangalore
1082641,Mumbai Indians,Kings XI Punjab,Wankhede Stadium,2017-05-11,Mumbai Indians,field,Kings XI Punjab
1216527,Kings XI Punjab,Rajasthan Royals,Sharjah Cricket Stadium,2020-09-27,Rajasthan Royals,field,Rajasthan Royals
1312198,Royal Challengers Bangalore,Lucknow Super Giants,"Eden Gardens, Kolkata",2022-05-25,Lucknow Super Giants,field,Royal Challengers Bangalore
501242,Kochi Tuskers Kerala,Kolkata Knight Riders,Nehru Stadium,2011-05-05,Kolkata Knight Riders,field,Kochi Tuskers Kerala
598038,Pune Warriors,Chennai Super Kings,Subrata Roy Sahara Stadium,2013-04-30,Chennai Super Kings,bat,Chennai Super Kings
501267,Kolkata Knight Riders,Mumbai Indians,Eden Gardens,2011-05-22,Mumbai Indians,field,Mumbai Indians
980921,Royal Challengers Bangalore,Delhi Daredevils,M Chinnaswamy Stadium,2016-04-17,Delhi Daredevils,field,Delhi Daredevils
1136563,Royal Challengers Bangalore,Kolkata Knight Riders,Eden Gardens,2018-04-08,Kolkata Knight Riders,field,Kolkata Knight Riders
1359499,Mumbai Indians,Sunrisers Hyderabad,"Rajiv Gandhi International Stadium, Uppal, Hyderabad",2023-04-18,Sunrisers Hyderabad,field,Mumbai Indians
1359479,Mumbai Indians,Royal Challengers Bangalore,"M Chinnaswamy Stadium, Bengaluru",2023-04-02,Royal Challengers Bangalore,field,Royal Challengers Bangalore
548380,Delhi Daredevils,Chennai Super Kings,"MA Chidambaram Stadium, Chepauk",2012-05-25,Delhi Daredevils,field,Chennai Super Kings
501248,Kings XI Punjab,Pune Warriors,"Punjab Cricket Association Stadium, Mohali",2011-05-08,Kings XI Punjab,bat,Pune Warriors
1473471,Royal Challengers Bengaluru,Punjab Kings,"M Chinnaswamy Stadium, Bengaluru",2025-04-18,Punjab Kings,field,Punjab Kings
1136613,Rajasthan Royals,Royal Challengers Bangalore,Sawai Mansingh Stadium,2018-05-19,Rajasthan Royals,bat,Rajasthan Royals
1178418,Kolkata Knight Riders,Rajasthan Royals,Eden Gardens,2019-04-25,Rajasthan Royals,field,Rajasthan Royals
1426286,Mumbai Indians,Lucknow Super Giants,"Bharat Ratna Shri Atal Bihari Vajpayee Ekana Cricket Stadium, Lucknow",2024-04-30,Lucknow Super Giants,field,Lucknow Super Giants
734049,Kolkata Knight Riders,Kings XI Punjab,M Chinnaswamy Stadium,2014-06-01,Kolkata Knight Riders,field,Kolkata Knight Riders
1422126,Sunrisers Hyderabad,Mumbai Indians,"Rajiv Gandhi International Stadium, Uppal, Hyderabad",2024-03-27,Mumbai Indians,field,Sunrisers Hyderabad
501245,Kolkata Knight Riders,Chennai Super Kings,Eden Gardens,2011-05-07,Chennai Super Kings,bat,Kolkata Knight Riders
734033,Kings XI Punjab,Rajasthan Royals,"Punjab Cricket Association Stadium, Mohali",2014-05-23,Rajasthan Royals,field,Kings XI Punjab
1178428,Rajasthan Royals,Delhi Capitals,Arun Jaitley Stadium,2019-05-04,Rajasthan Royals,bat,Delhi Capitals
829815,Sunrisers Hyderabad,Mumbai Indians,"Rajiv Gandhi International Stadium, Uppal",2015-05-17,Sunrisers Hyderabad,bat,Mumbai Indians
734041,Mumbai Indians,Rajasthan Royals,Wankhede Stadium,2014-05-25,Mumbai Indians,field,Mumbai Indians
1359481,Delhi Capitals,Gujarat Titans,"Arun Jaitley Stadium, Delhi",2023-04-04,Gujarat Titans,field,Gujarat Titans
598040,Delhi Daredevils,Kolkata Knight Riders,Shaheed Veer Narayan Singh International Stadium,2013-05-01,Kolkata Knight Riders,bat,Delhi Daredevils
1473475,Chennai Super Kings,Mumbai Indians,"Wankhede Stadium, Mumbai",2025-04-20,Mumbai Indians,field,Mumbai Indians
1359511,Rajasthan Royals,Chennai Super Kings,"Sawai Mansingh Stadium, Jaipur",2023-04-27,Rajasthan Royals,bat,Rajasthan Royals
734047,Chennai Super Kings,Kings XI Punjab,Wankhede Stadium,2014-05-30,Chennai Super Kings,field,Kings XI Punjab
1426289,Kolkata Knight Riders,Mumbai Indians,"Wankhede Stadium, Mumbai",2024-05-03,Mumbai Indians,field,Kolkata Knight Riders
1216500,Delhi Capitals,Rajasthan Royals,Sharjah Cricket Stadium,2020-10-09,Rajasthan Royals,field,Delhi Capitals
1216526,Kolkata Knight Riders,Mumbai Indians,Sheikh Zayed Stadium,2020-10-16,Kolkata Knight Riders,bat,Mumbai Indians
1426296,Royal Challengers Bengaluru,Punjab Kings,"Himachal Pradesh Cricket Association Stadium, Dharamsala",2024-05-09,Punjab Kings,field,Royal Challengers Bengaluru
392214,Chennai Super Kings,Kings XI Punjab,SuperSport Park,2009-05-07,Chennai Super Kings,bat,Chennai Super Kings
548314,Deccan Chargers,Mumbai Indians,Dr. Y.S. Rajasekhara Reddy ACA-VDCA Cricket Stadium,2012-04-09,Deccan Chargers,bat,Mumbai Indians
1359517,Royal Challengers Bangalore,Lucknow Super Giants,"Bharat Ratna Shri Atal Bihari Vajpayee Ekana Cricket Stadium, Lucknow",2023-05-01,Royal Challengers Bangalore,bat,Royal Challengers Bangalore
1178415,Rajasthan Royals,Delhi Capitals,Sawai Mansingh Stadium,2019-04-22,Delhi Capitals,field,Delhi Capitals
501266,Royal Challengers Bangalore,Chennai Super Kings,M Chinnaswamy Stadium,2011-05-22,Royal Challengers Bangalore,field,Royal Challengers Bangalore
1136568,Kings XI Punjab,Royal Challengers Bangalore,M.Chinnaswamy Stadium,2018-04-13,Royal Challengers Bangalore,field,Royal Challengers Bangalore
1216519,Delhi Capitals,Royal Challengers Bangalore,Dubai International Cricket Stadium,2020-10-05,Royal Challengers Bangalore,field,Delhi Capitals
1304070,Gujarat Titans,Rajasthan Royals,"Dr DY Patil Sports Academy, Mumbai",2022-04-14,Rajasthan Royals,field,Gujarat Titans
