match_id,player,runs,balls,batting_points,fours,sixes
335982,AA Noffke,9,12,10.0,1.0,0.0
335982,B Akhil,0,2,0.0,0.0,0.0
335982,BB McCullum,158,77,194.0,10.0,13.0
335982,CL White,6,10,6.0,0.0,0.0
335982,DJ Hussey,12,12,13.0,1.0,0.0
335982,JH Kallis,8,7,10.0,0.0,1.0
335982,MV Boucher,7,11,8.0,1.0,0.0
335982,Mohammad Hafeez,5,3,6.0,1.0,0.0
335982,P Kumar,18,17,23.0,1.0,2.0
335982,R Dravid,2,3,2.0,0.0,0.0
335982,RT Ponting,20,20,23.0,1.0,1.0
335982,SB Joshi,3,8,3.0,0.0,0.0
335982,SC Ganguly,10,12,12.0,2.0,0.0
335982,V Kohli,1,5,1.0,0.0,0.0
335982,W Jaffer,6,18,6.0,0.0,0.0
335982,Z Khan,3,8,3.0,0.0,0.0
335983,IK Pathan,3,5,3.0,0.0,0.0
335983,JDP Oram,13,11,15.0,0.0,1.0
335983,JR Hopes,71,34,87.0,10.0,3.0
335983,K Goel,24,20,28.0,2.0,1.0
335983,KC Sangakkara,54,35,63.0,5.0,2.0
335983,MEK Hussey,116,54,142.0,8.0,9.0
335983,ML Hayden,25,17,31.0,4.0,1.0
335983,MS Dhoni,2,3,2.0,0.0,0.0
335983,PA Patel,15,11,18.0,3.0,0.0
335983,S Badrinath,31,14,38.0,3.0,2.0
335983,SK Raina,32,14,40.0,2.0,3.0
335983,SM Katich,21,17,23.0,0.0,1.0
335983,Yuvraj Singh,23,13,28.0,1.0,2.0
335984,D Salunkhe,26,20,30.0,4.0,0.0
335984,DS Lehmann,1,2,1.0,0.0,0.0
335984,G Gambhir,58,49,67.0,7.0,1.0
335984,M Kaif,9,19,9.0,0.0,0.0
335984,M Rawat,2,4,2.0,0.0,0.0
335984,RA Jadeja,29,24,35.0,2.0,2.0
335984,S Dhawan,52,44,60.0,8.0,0.0
335984,SK Trivedi,3,7,3.0,0.0,0.0
335984,SK Warne,14,13,16.0,2.0,0.0
335984,SR Watson,21,15,25.0,4.0,0.0
335984,T Kohli,7,13,9.0,0.0,1.0
335984,V Sehwag,12,4,15.0,3.0,0.0
335984,YK Pathan,10,5,12.0,2.0,0.0
335985,AM Nayar,20,15,23.0,1.0,1.0
335985,B Akhil,3,6,3.0,0.0,0.0
335985,DJ Thornely,0,6,0.0,0.0,0.0
335985,Harbhajan Singh,2,2,2.0,0.0,0.0
335985,JH Kallis,25,24,27.0,0.0,1.0
335985,L Ronchi,8,10,10.0,2.0,0.0
335985,LRPL Taylor,23,13,28.0,1.0,2.0
335985,MV Boucher,39,20,47.0,4.0,2.0
335985,PR Shah,19,23,21.0,2.0,0.0
335985,R Dravid,32,33,36.0,4.0,0.0
335985,RV Uthappa,48,38,55.0,5.0,1.0
335985,S Chanderpaul,16,12,19.0,3.0,0.0
335985,SM Pollock,28,12,35.0,3.0,2.0
335985,ST Jayasuriya,29,17,36.0,5.0,1.0
335985,V Kohli,23,15,28.0,3.0,1.0
335986,A Symonds,32,41,38.0,2.0,2.0
335986,AC Gilchrist,23,24,28.0,1.0,2.0
335986,AS Yadav,10,10,12.0,0.0,1.0
335986,BB McCullum,5,5,6.0,1.0,0.0
335986,DJ Hussey,38,45,45.0,1.0,3.0
335986,LR Shukla,4,6,4.0,0.0,0.0
335986,Mohammad Hafeez,13,13,16.0,1.0,1.0
335986,RG Sharma,0,3,0.0,0.0,0.0
335986,RP Singh,1,2,1.0,0.0,0.0
335986,RT Ponting,0,1,0.0,0.0,0.0
335986,SB Bangar,14,10,17.0,1.0,1.0
335986,SB Styris,6,7,7.0,1.0,0.0
335986,SC Ganguly,14,35,15.0,1.0,0.0
335986,VVS Laxman,0,6,0.0,0.0,0.0
335986,WP Saha,10,17,11.0,1.0,0.0
335986,WPUJC Vaas,0,1,0.0,0.0,0.0
335986,Y Venugopal Rao,14,14,15.0,1.0,0.0
335987,B Lee,0,2,0.0,0.0,0.0
335987,DPMD Jayawardene,2,5,2.0,0.0,0.0
335987,DS Lehmann,17,17,20.0,3.0,0.0
335987,IK Pathan,12,19,14.0,0.0,1.0
335987,JR Hopes,16,16,18.0,2.0,0.0
335987,K Goel,26,21,33.0,3.0,2.0
335987,KC Sangakkara,20,8,25.0,3.0,1.0
335987,Kamran Akmal,15,10,19.0,2.0,1.0
335987,M Kaif,5,8,6.0,1.0,0.0
335987,PP Chawla,24,11,28.0,4.0,0.0
335987,RA Jadeja,36,27,43.0,5.0,1.0
335987,S Sohal,4,4,4.0,0.0,0.0
335987,SR Watson,76,51,91.0,5.0,5.0
335987,WA Mota,1,1,1.0,0.0,0.0
335987,YK Pathan,7,6,8.0,1.0,0.0
335987,Yuvraj Singh,57,35,69.0,6.0,3.0
335988,A Symonds,12,13,14.0,2.0,0.0
335988,AC Gilchrist,8,9,10.0,0.0,1.0
335988,AS Yadav,12,7,14.0,2.0,0.0
335988,G Gambhir,12,9,14.0,2.0,0.0
335988,RG Sharma,66,37,80.0,6.0,4.0
335988,RP Singh,1,1,1.0,0.0,0.0
335988,S Dhawan,25,31,28.0,3.0,0.0
335988,SB Bangar,8,14,8.0,0.0,0.0
335988,Shahid Afridi,2,7,2.0,0.0,0.0
335988,V Sehwag,94,43,116.0,10.0,6.0
335988,VVS Laxman,2,6,2.0,0.0,0.0
335988,WPUJC Vaas,12,6,14.0,0.0,1.0
335988,Y Venugopal Rao,14,22,16.0,2.0,0.0
335989,A Nehra,1,2,1.0,0.0,0.0
335989,AM Nayar,45,20,53.0,6.0,1.0
335989,DJ Bravo,24,17,28.0,2.0,1.0
335989,Harbhajan Singh,28,14,35.0,1.0,3.0
335989,JDP Oram,5,2,6.0,1.0,0.0
335989,L Ronchi,2,4,2.0,0.0,0.0
335989,MA Khote,9,5,11.0,0.0,1.0
335989,MEK Hussey,5,9,6.0,1.0,0.0
335989,ML Hayden,81,47,97.0,12.0,2.0
335989,MS Dhoni,30,17,36.0,4.0,1.0
335989,PA Patel,14,12,17.0,3.0,0.0
335989,RV Uthappa,43,36,51.0,6.0,1.0
335989,S Badrinath,2,1,2.0,0.0,0.0
335989,SK Raina,53,39,62.0,3.0,3.0
335989,SM Pollock,17,18,19.0,0.0,1.0
335989,ST Jayasuriya,20,12,24.0,4.0,0.0
335990,A Symonds,117,57,142.0,11.0,7.0
335990,AC Gilchrist,13,9,16.0,3.0,0.0
335990,AS Yadav,16,10,19.0,3.0,0.0
335990,D Salunkhe,1,1,1.0,0.0,0.0
335990,GC Smith,71,46,84.0,9.0,2.0
335990,Kamran Akmal,12,9,15.0,1.0,1.0
335990,M Kaif,34,16,42.0,2.0,3.0
335990,Pankaj Singh,4,3,4.0,0.0,0.0
335990,RA Jadeja,1,3,1.0,0.0,0.0
335990,RG Sharma,36,30,41.0,3.0,1.0
335990,SK Warne,22,9,28.0,2.0,2.0
335990,SR Watson,4,6,4.0,0.0,0.0
335990,Shahid Afridi,10,4,13.0,1.0,1.0
335990,VVS Laxman,16,16,19.0,3.0,0.0
335990,YK Pathan,61,29,77.0,4.0,6.0
335991,A Nehra,2,10,2.0,0.0,0.0
335991,AM Nayar,2,3,2.0,0.0,0.0
335991,B Lee,16,9,20.0,2.0,1.0
335991,DJ Bravo,23,22,27.0,4.0,0.0
335991,DPMD Jayawardene,12,7,14.0,0.0,1.0
335991,DS Kulkarni,2,17,2.0,0.0,0.0
335991,Harbhajan Singh,0,1,0.0,0.0,0.0
335991,IK Pathan,6,3,6.0,0.0,0.0
335991,K Goel,18,21,21.0,1.0,1.0
335991,KC Sangakkara,94,58,109.0,13.0,1.0
335991,L Ronchi,11,9,14.0,1.0,1.0
335991,MA Khote,8,7,9.0,1.0,0.0
335991,PP Chawla,0,1,0.0,0.0,0.0
335991,RR Sarwan,7,9,7.0,0.0,0.0
335991,RV Uthappa,21,19,25.0,2.0,1.0
335991,S Sohal,0,4,0.0,0.0,0.0
335991,S Sreesanth,0,1,0.0,0.0,0.0
335991,SM Pollock,22,21,26.0,2.0,1.0
335991,SS Tiwary,17,10,21.0,2.0,1.0
335991,ST Jayasuriya,1,7,1.0,0.0,0.0
335991,VRV Singh,4,2,5.0,1.0,0.0
335991,Yuvraj Singh,18,9,21.0,1.0,1.0
335992,GC Smith,49,42,57.0,8.0,0.0
335992,JH Kallis,11,10,13.0,2.0,0.0
335992,LRPL Taylor,44,21,56.0,6.0,3.0
335992,M Kaif,4,6,5.0,1.0,0.0
335992,M Rawat,0,2,0.0,0.0,0.0
335992,MV Boucher,4,10,4.0,0.0,0.0
335992,P Kumar,34,30,42.0,2.0,3.0
335992,R Dravid,0,1,0.0,0.0,0.0
335992,R Vinay Kumar,1,1,1.0,0.0,0.0
335992,S Chanderpaul,2,9,2.0,0.0,0.0
335992,SB Joshi,3,8,3.0,0.0,0.0
335992,SR Watson,61,43,73.0,8.0,2.0
335992,V Kohli,13,16,15.0,0.0,1.0
335992,YK Pathan,21,12,26.0,5.0,0.0
335992,Z Khan,17,18,19.0,2.0,0.0
335993,AB Agarkar,11,9,12.0,1.0,0.0
335993,BB McCullum,24,12,30.0,2.0,2.0
335993,DJ Hussey,0,2,0.0,0.0,0.0
335993,I Sharma,4,3,4.0,0.0,0.0
335993,LR Shukla,42,35,48.0,4.0,1.0
335993,M Kartik,3,3,3.0,0.0,0.0
335993,ML Hayden,70,50,82.0,6.0,3.0
335993,MS Dhoni,43,27,50.0,3.0,2.0
335993,Mohammad Hafeez,16,24,17.0,1.0,0.0
335993,PA Patel,21,30,24.0,3.0,0.0
335993,RT Ponting,0,1,0.0,0.0,0.0
335993,SC Ganguly,12,21,13.0,1.0,0.0
335993,WP Saha,27,16,34.0,5.0,1.0
335994,AC Gilchrist,109,50,138.0,9.0,10.0
335994,AM Nayar,34,20,41.0,1.0,3.0
335994,AM Rahane,0,7,0.0,0.0,0.0
335994,DJ Bravo,34,18,39.0,3.0,1.0
335994,L Ronchi,13,11,16.0,3.0,0.0
335994,MA Khote,7,10,8.0,1.0,0.0
335994,RV Uthappa,6,5,7.0,1.0,0.0
335994,SM Pollock,31,31,36.0,3.0,1.0
335994,ST Jayasuriya,18,23,20.0,2.0,0.0
335994,VVS Laxman,37,27,43.0,4.0,1.0
335995,B Lee,1,3,1.0,0.0,0.0
335995,DPMD Jayawardene,15,15,17.0,2.0,0.0
335995,G Gambhir,18,14,21.0,3.0,0.0
335995,IK Pathan,10,7,12.0,2.0,0.0
335995,K Goel,1,3,1.0,0.0,0.0
335995,KC Sangakkara,4,2,5.0,1.0,0.0
335995,KD Karthik,24,14,28.0,2.0,1.0
335995,MF Maharoof,18,12,20.0,2.0,0.0
335995,MK Tiwary,39,36,45.0,6.0,0.0
335995,R Bhatia,17,15,20.0,1.0,1.0
335995,S Dhawan,0,3,0.0,0.0,0.0
335995,SM Katich,75,55,88.0,11.0,1.0
335995,Shoaib Malik,19,19,22.0,3.0,0.0
335995,TM Srivastava,7,9,7.0,0.0,0.0
335995,V Sehwag,6,7,7.0,1.0,0.0
335995,VY Mahesh,6,5,6.0,0.0,0.0
335995,Yuvraj Singh,40,29,47.0,3.0,2.0
335996,B Akhil,2,3,2.0,0.0,0.0
335996,B Chipli,8,12,9.0,1.0,0.0
335996,DW Steyn,1,2,1.0,0.0,0.0
335996,JH Kallis,14,10,16.0,2.0,0.0
335996,LRPL Taylor,53,36,62.0,3.0,3.0
335996,MEK Hussey,47,37,54.0,3.0,2.0
335996,ML Hayden,13,21,15.0,2.0,0.0
335996,MS Dhoni,65,31,80.0,9.0,3.0
335996,MV Boucher,4,6,4.0,0.0,0.0
335996,P Kumar,6,5,6.0,0.0,0.0
335996,PA Patel,21,17,25.0,2.0,1.0
335996,R Dravid,0,1,0.0,0.0,0.0
335996,SK Raina,28,17,33.0,1.0,2.0
335996,V Kohli,12,7,14.0,2.0,0.0
335996,W Jaffer,50,36,59.0,5.0,2.0
335996,Z Khan,8,6,9.0,1.0,0.0
335997,AB Agarkar,2,7,2.0,0.0,0.0
335997,AM Rahane,4,12,5.0,1.0,0.0
335997,BB McCullum,1,2,1.0,0.0,0.0
335997,DB Das,29,21,36.0,5.0,1.0
335997,DJ Bravo,64,53,74.0,8.0,1.0
335997,DJ Hussey,17,20,20.0,3.0,0.0
335997,LR Shukla,40,24,48.0,4.0,2.0
335997,M Kartik,10,12,11.0,1.0,0.0
335997,MK Pandey,0,4,0.0,0.0,0.0
335997,Mohammad Hafeez,2,6,2.0,0.0,0.0
335997,RT Ponting,19,31,20.0,1.0,0.0
335997,RV Uthappa,37,39,42.0,5.0,0.0
335997,SC Ganguly,4,2,5.0,1.0,0.0
335997,ST Jayasuriya,18,10,23.0,3.0,1.0
335998,G Gambhir,86,54,99.0,11.0,1.0
335998,JH Kallis,54,44,62.0,6.0,1.0
335998,KD Karthik,2,4,2.0,0.0,0.0
335998,LRPL Taylor,29,15,36.0,3.0,2.0
335998,MK Tiwary,11,9,12.0,1.0,0.0
335998,MV Boucher,31,17,37.0,2.0,2.0
335998,P Kumar,6,5,7.0,1.0,0.0
335998,R Bhatia,8,5,9.0,1.0,0.0
335998,R Dravid,38,30,44.0,4.0,1.0
335998,S Dhawan,50,33,60.0,4.0,3.0
335998,Shoaib Malik,6,4,7.0,1.0,0.0
335998,V Kohli,1,1,1.0,0.0,0.0
335998,V Sehwag,24,13,29.0,3.0,1.0
335998,W Jaffer,10,9,12.0,0.0,1.0
335999,AC Gilchrist,6,6,6.0,0.0,0.0
335999,D Kalyankrishna,3,8,3.0,0.0,0.0
335999,DNT Zoysa,1,2,1.0,0.0,0.0
335999,DPMD Jayawardene,45,25,53.0,6.0,1.0
335999,HH Gibbs,7,10,7.0,0.0,0.0
335999,KC Sangakkara,3,4,3.0,0.0,0.0
335999,RG Sharma,76,42,90.0,10.0,2.0
335999,RP Singh,2,2,2.0,0.0,0.0
335999,RR Sarwan,15,15,17.0,2.0,0.0
335999,SB Bangar,3,8,3.0,0.0,0.0
335999,SE Marsh,84,63,97.0,11.0,1.0
335999,Shahid Afridi,13,7,16.0,1.0,1.0
335999,VVS Laxman,48,35,56.0,8.0,0.0
335999,Y Venugopal Rao,1,2,1.0,0.0,0.0
335999,Yuvraj Singh,14,10,16.0,2.0,0.0
336000,AB Agarkar,20,15,25.0,1.0,2.0
336000,AB Dinda,1,3,1.0,0.0,0.0
336000,BJ Hodge,1,3,1.0,0.0,0.0
336000,DB Das,11,13,12.0,1.0,0.0
336000,DJ Hussey,42,32,47.0,1.0,2.0
336000,GC Smith,2,7,2.0,0.0,0.0
336000,I Sharma,1,1,1.0,0.0,0.0
336000,LR Shukla,2,2,2.0,0.0,0.0
336000,M Kaif,21,19,26.0,3.0,1.0
336000,M Rawat,1,1,1.0,0.0,0.0
336000,RA Jadeja,33,20,38.0,3.0,1.0
336000,SA Asnodkar,60,35,72.0,10.0,1.0
336000,SC Ganguly,51,41,59.0,4.0,2.0
336000,SK Warne,7,8,7.0,0.0,0.0
336000,SR Watson,0,1,0.0,0.0,0.0
336000,Salman Butt,7,8,8.0,1.0,0.0
336000,Sohail Tanvir,3,3,3.0,0.0,0.0
336000,Umar Gul,2,2,2.0,0.0,0.0
336000,WP Saha,1,2,1.0,0.0,0.0
336000,YK Pathan,55,33,65.0,6.0,2.0
336001,AB de Villiers,26,22,28.0,2.0,0.0
336001,G Gambhir,50,37,57.0,5.0,1.0
336001,JA Morkel,28,16,35.0,3.0,2.0
336001,MS Dhoni,32,28,36.0,2.0,1.0
336001,PA Patel,21,21,24.0,3.0,0.0
336001,S Badrinath,11,5,13.0,0.0,1.0
336001,S Dhawan,19,17,21.0,2.0,0.0
336001,S Vidyut,54,38,63.0,7.0,1.0
336001,SK Raina,3,4,3.0,0.0,0.0
336001,SP Fleming,13,14,15.0,2.0,0.0
336001,V Sehwag,71,42,86.0,7.0,4.0
336002,AC Gilchrist,46,38,54.0,4.0,2.0
336002,AS Yadav,8,8,10.0,0.0,1.0
336002,B Akhil,27,7,35.0,2.0,3.0
336002,CL White,31,23,36.0,1.0,2.0
336002,DB Ravi Teja,7,7,8.0,1.0,0.0
336002,HH Gibbs,47,36,57.0,6.0,2.0
336002,JH Kallis,31,25,37.0,6.0,0.0
336002,LPC Silva,0,2,0.0,0.0,0.0
336002,Misbah-ul-Haq,34,28,40.0,4.0,1.0
336002,R Dravid,31,21,36.0,3.0,1.0
336002,RG Sharma,17,17,19.0,2.0,0.0
336002,RP Singh,1,3,1.0,0.0,0.0
336002,V Kohli,9,5,11.0,2.0,0.0
336002,W Jaffer,5,5,6.0,1.0,0.0
336002,WPUJC Vaas,0,3,0.0,0.0,0.0
336002,Y Venugopal Rao,26,12,32.0,2.0,2.0
336003,AB Agarkar,1,2,1.0,0.0,0.0
336003,BJ Hodge,1,3,1.0,0.0,0.0
336003,DB Das,5,8,6.0,1.0,0.0
336003,DJ Hussey,71,47,83.0,4.0,4.0
336003,DPMD Jayawardene,10,6,12.0,0.0,1.0
336003,IK Pathan,24,28,26.0,2.0,0.0
336003,JR Hopes,18,12,22.0,4.0,0.0
336003,K Goel,6,7,7.0,1.0,0.0
336003,KC Sangakkara,28,23,33.0,5.0,0.0
336003,LR Shukla,7,10,7.0,0.0,0.0
336003,Mohammad Hafeez,13,12,16.0,1.0,1.0
336003,PP Chawla,21,7,26.0,3.0,1.0
336003,SC Ganguly,5,8,6.0,1.0,0.0
336003,SE Marsh,40,32,47.0,5.0,1.0
336003,WP Saha,59,32,69.0,2.0,4.0
336003,Yuvraj Singh,17,10,21.0,2.0,1.0
336004,AB de Villiers,21,17,25.0,2.0,1.0
336004,AM Nayar,2,6,2.0,0.0,0.0
336004,DJ Bravo,2,4,2.0,0.0,0.0
336004,DJ Thornely,30,24,36.0,2.0,2.0
336004,G Gambhir,1,9,1.0,0.0,0.0
336004,GD McGrath,0,2,0.0,0.0,0.0
336004,KD Karthik,28,23,31.0,3.0,0.0
336004,Mohammad Asif,0,1,0.0,0.0,0.0
336004,PJ Sangwan,2,4,2.0,0.0,0.0
336004,R Bhatia,9,8,11.0,0.0,1.0
336004,RR Raje,6,5,7.0,1.0,0.0
336004,RV Uthappa,22,21,26.0,0.0,2.0
336004,S Dhawan,1,3,1.0,0.0,0.0
336004,SM Pollock,33,17,41.0,2.0,3.0
336004,SS Tiwary,9,10,10.0,1.0,0.0
336004,ST Jayasuriya,34,16,42.0,6.0,1.0
336004,Shoaib Malik,24,22,25.0,1.0,0.0
336004,V Sehwag,40,20,49.0,3.0,3.0
336004,VY Mahesh,3,5,3.0,0.0,0.0
336004,YV Takawale,14,21,16.0,2.0,0.0
336005,GC Smith,35,48,39.0,4.0,0.0
336005,JA Morkel,42,33,48.0,4.0,1.0
336005,Joginder Sharma,0,1,0.0,0.0,0.0
336005,M Muralitharan,0,3,0.0,0.0,0.0
336005,M Ntini,11,13,13.0,2.0,0.0
336005,MS Dhoni,1,7,1.0,0.0,0.0
336005,MS Gony,1,4,1.0,0.0,0.0
336005,PA Patel,0,1,0.0,0.0,0.0
336005,S Badrinath,15,14,18.0,3.0,0.0
336005,S Vidyut,5,11,6.0,1.0,0.0
336005,SA Asnodkar,32,31,37.0,5.0,0.0
336005,SK Raina,27,27,29.0,2.0,0.0
336005,SP Fleming,0,2,0.0,0.0,0.0
336005,SR Watson,14,8,17.0,1.0,1.0
336005,YK Pathan,8,6,10.0,0.0,1.0
336006,A Kumble,3,7,3.0,0.0,0.0
336006,CL White,0,1,0.0,0.0,0.0
336006,DPMD Jayawardene,17,23,19.0,2.0,0.0
336006,DT Patil,4,1,5.0,1.0,0.0
336006,DW Steyn,1,3,1.0,0.0,0.0
336006,IK Pathan,17,18,20.0,1.0,1.0
336006,JH Kallis,0,3,0.0,0.0,0.0
336006,JR Hopes,5,5,6.0,1.0,0.0
336006,Misbah-ul-Haq,8,8,9.0,1.0,0.0
336006,P Kumar,0,2,0.0,0.0,0.0
336006,R Dravid,66,51,77.0,9.0,1.0
336006,RR Sarwan,31,32,37.0,4.0,1.0
336006,SE Marsh,39,35,45.0,4.0,1.0
336006,V Kohli,34,39,39.0,5.0,0.0
336006,W Jaffer,0,5,0.0,0.0,0.0
336006,Yuvraj Singh,1,4,1.0,0.0,0.0
336006,Z Khan,0,1,0.0,0.0,0.0
336007,AC Gilchrist,54,37,65.0,7.0,2.0
336007,HH Gibbs,10,10,13.0,1.0,1.0
336007,JA Morkel,29,19,34.0,1.0,2.0
336007,Joginder Sharma,16,10,19.0,1.0,1.0
336007,MS Dhoni,23,32,25.0,2.0,0.0
336007,MS Gony,15,6,19.0,0.0,2.0
336007,PA Patel,4,6,5.0,1.0,0.0
336007,RG Sharma,23,17,27.0,2.0,1.0
336007,S Anirudha,1,8,1.0,0.0,0.0
336007,S Badrinath,0,5,0.0,0.0,0.0
336007,SB Styris,36,42,41.0,3.0,1.0
336007,SK Raina,32,21,37.0,5.0,0.0
336007,SP Fleming,14,17,16.0,2.0,0.0
336007,Shahid Afridi,20,6,26.0,2.0,2.0
336008,AM Nayar,12,14,13.0,1.0,0.0
336008,DJ Bravo,1,6,1.0,0.0,0.0
336008,GC Smith,5,9,5.0,0.0,0.0
336008,M Kaif,4,7,4.0,0.0,0.0
336008,M Rawat,1,5,1.0,0.0,0.0
336008,MM Patel,0,1,0.0,0.0,0.0
336008,RA Jadeja,0,1,0.0,0.0,0.0
336008,RV Uthappa,34,24,40.0,4.0,1.0
336008,SA Asnodkar,39,38,44.0,3.0,1.0
336008,SK Trivedi,1,3,1.0,0.0,0.0
336008,SK Warne,7,8,8.0,1.0,0.0
336008,SR Watson,32,22,38.0,4.0,1.0
336008,ST Jayasuriya,18,20,21.0,1.0,1.0
336008,Sohail Tanvir,6,6,7.0,1.0,0.0
336008,YK Pathan,1,3,1.0,0.0,0.0
336008,YV Takawale,27,35,30.0,1.0,1.0
336009,AB de Villiers,0,1,0.0,0.0,0.0
336009,CK Kapugedera,8,9,8.0,0.0,0.0
336009,G Gambhir,80,51,93.0,11.0,1.0
336009,JA Morkel,30,15,38.0,2.0,3.0
336009,KD Karthik,6,3,7.0,1.0,0.0
336009,MK Tiwary,5,2,6.0,1.0,0.0
336009,MS Dhoni,33,33,36.0,3.0,0.0
336009,MS Gony,13,6,16.0,1.0,1.0
336009,S Badrinath,8,5,9.0,1.0,0.0
336009,S Dhawan,59,48,69.0,6.0,2.0
336009,S Vidyut,40,25,48.0,6.0,1.0
336009,SK Raina,1,2,1.0,0.0,0.0
336009,SP Fleming,44,30,51.0,7.0,0.0
336009,Shoaib Malik,2,3,2.0,0.0,0.0
336009,V Sehwag,23,18,26.0,3.0,0.0
336010,A Chopra,2,5,2.0,0.0,0.0
336010,BJ Hodge,10,12,12.0,2.0,0.0
336010,CL White,30,16,35.0,3.0,1.0
336010,DJ Hussey,26,12,33.0,1.0,3.0
336010,J Arunkumar,22,18,27.0,5.0,0.0
336010,LR Shukla,11,9,13.0,2.0,0.0
336010,M Kartik,17,13,19.0,2.0,0.0
336010,MV Boucher,50,40,57.0,5.0,1.0
336010,P Kumar,4,2,5.0,1.0,0.0
336010,R Dravid,5,11,5.0,0.0,0.0
336010,S Chanderpaul,7,12,8.0,1.0,0.0
336010,SC Ganguly,20,23,22.0,2.0,0.0
336010,T Taibu,15,12,17.0,2.0,0.0
336010,Umar Gul,6,2,8.0,0.0,1.0
336010,WP Saha,17,10,20.0,1.0,1.0
336011,AC Gilchrist,61,49,72.0,9.0,1.0
336011,DB Ravi Teja,6,8,7.0,1.0,0.0
336011,GC Smith,40,43,44.0,4.0,0.0
336011,HH Gibbs,19,20,21.0,2.0,0.0
336011,M Kaif,17,15,19.0,2.0,0.0
336011,PP Ojha,1,2,1.0,0.0,0.0
336011,RG Sharma,5,8,5.0,0.0,0.0
336011,RP Singh,2,4,2.0,0.0,0.0
336011,SB Bangar,3,6,3.0,0.0,0.0
336011,SB Styris,13,11,15.0,0.0,1.0
336011,SR Watson,5,2,6.0,1.0,0.0
336011,Shahid Afridi,1,3,1.0,0.0,0.0
336011,Y Venugopal Rao,23,11,28.0,3.0,1.0
336011,YK Pathan,68,41,81.0,9.0,2.0
336012,B Akhil,5,4,6.0,1.0,0.0
336012,CL White,26,21,31.0,3.0,1.0
336012,MV Boucher,18,15,21.0,3.0,0.0
336012,Misbah-ul-Haq,0,1,0.0,0.0,0.0
336012,P Kumar,8,11,9.0,1.0,0.0
336012,R Dravid,11,16,11.0,0.0,0.0
336012,R Vinay Kumar,23,22,27.0,2.0,1.0
336012,RV Uthappa,19,16,23.0,2.0,1.0
336012,SP Goswami,20,24,21.0,1.0,0.0
336012,SR Tendulkar,40,47,46.0,4.0,1.0
336012,ST Jayasuriya,54,39,66.0,4.0,4.0
336012,V Kohli,0,1,0.0,0.0,0.0
336013,DPMD Jayawardene,8,6,10.0,0.0,1.0
336013,IK Pathan,40,18,49.0,3.0,3.0
336013,JA Morkel,7,6,7.0,0.0,0.0
336013,JR Hopes,14,7,17.0,1.0,1.0
336013,K Goel,1,7,1.0,0.0,0.0
336013,MS Dhoni,60,44,70.0,2.0,4.0
336013,PP Chawla,17,16,20.0,1.0,1.0
336013,RR Sarwan,20,22,20.0,0.0,0.0
336013,S Badrinath,64,52,76.0,6.0,3.0
336013,S Vidyut,8,6,10.0,2.0,0.0
336013,SE Marsh,58,39,69.0,3.0,4.0
336013,SK Raina,26,19,30.0,4.0,0.0
336013,SP Fleming,1,4,1.0,0.0,0.0
336013,U Kaul,0,1,0.0,0.0,0.0
336013,VRV Singh,0,1,0.0,0.0,0.0
336013,Yuvraj Singh,2,5,2.0,0.0,0.0
336014,A Chopra,24,25,27.0,3.0,0.0
336014,AC Gilchrist,24,17,29.0,5.0,0.0
336014,DB Ravi Teja,10,7,12.0,2.0,0.0
336014,DJ Hussey,57,29,67.0,4.0,3.0
336014,HH Gibbs,5,8,6.0,1.0,0.0
336014,LR Shukla,14,3,18.0,2.0,1.0
336014,RG Sharma,33,24,40.0,3.0,2.0
336014,RP Singh,6,4,7.0,1.0,0.0
336014,SB Bangar,2,4,2.0,0.0,0.0
336014,SB Styris,5,11,5.0,0.0,0.0
336014,SC Ganguly,91,58,112.0,11.0,5.0
336014,Salman Butt,4,4,5.0,1.0,0.0
336014,T Taibu,9,5,10.0,1.0,0.0
336014,WPUJC Vaas,9,8,9.0,0.0,0.0
336014,Y Venugopal Rao,71,45,87.0,4.0,6.0
336015,A Mishra,4,5,4.0,0.0,0.0
336015,AB de Villiers,20,23,20.0,0.0,0.0
336015,AD Mascarenhas,9,8,11.0,0.0,1.0
336015,G Gambhir,31,23,35.0,4.0,0.0
336015,GC Smith,24,29,27.0,3.0,0.0
336015,KD Karthik,13,16,14.0,1.0,0.0
336015,M Kaif,1,5,1.0,0.0,0.0
336015,M Rawat,5,4,6.0,1.0,0.0
336015,MF Maharoof,39,16,49.0,2.0,4.0
336015,NK Patel,4,2,5.0,1.0,0.0
336015,RA Jadeja,6,7,7.0,1.0,0.0
336015,S Dhawan,3,3,3.0,0.0,0.0
336015,SK Warne,11,12,12.0,1.0,0.0
336015,SR Watson,74,42,89.0,5.0,5.0
336015,TM Dilshan,18,15,21.0,1.0,1.0
336015,V Sehwag,17,21,19.0,2.0,0.0
336015,VY Mahesh,0,1,0.0,0.0,0.0
336015,YK Pathan,8,13,9.0,1.0,0.0
336016,A Kumble,0,1,0.0,0.0,0.0
336016,CL White,10,15,10.0,0.0,0.0
336016,J Arunkumar,1,3,1.0,0.0,0.0
336016,JR Hopes,27,19,33.0,0.0,3.0
336016,LA Pomersbach,34,24,41.0,3.0,2.0
336016,MV Boucher,39,33,45.0,4.0,1.0
336016,Misbah-ul-Haq,21,8,26.0,3.0,1.0
336016,P Kumar,5,7,5.0,0.0,0.0
336016,R Dravid,29,26,31.0,2.0,0.0
336016,R Vinay Kumar,1,4,1.0,0.0,0.0
336016,SE Marsh,74,54,87.0,9.0,2.0
336016,V Kohli,21,23,25.0,4.0,0.0
336016,Z Khan,1,4,1.0,0.0,0.0
336017,A Chopra,13,18,15.0,2.0,0.0
336017,A Mishra,31,32,34.0,3.0,0.0
336017,AB de Villiers,7,12,7.0,0.0,0.0
336017,DJ Hussey,31,32,35.0,0.0,2.0
336017,G Gambhir,10,7,12.0,2.0,0.0
336017,Iqbal Abdulla,1,2,1.0,0.0,0.0
336017,LR Shukla,10,8,11.0,1.0,0.0
336017,MF Maharoof,10,12,10.0,0.0,0.0
336017,MK Tiwary,9,7,11.0,2.0,0.0
336017,PJ Sangwan,0,1,0.0,0.0,0.0
336017,S Dhawan,7,11,8.0,1.0,0.0
336017,SC Ganguly,7,6,9.0,0.0,1.0
336017,Salman Butt,48,47,55.0,7.0,0.0
336017,T Taibu,7,9,7.0,0.0,0.0
336017,TM Dilshan,25,19,30.0,5.0,0.0
336017,V Sehwag,0,2,0.0,0.0,0.0
336017,VY Mahesh,3,7,3.0,0.0,0.0
336017,WP Saha,5,6,5.0,0.0,0.0
336018,CK Kapugedera,0,2,0.0,0.0,0.0
336018,JA Morkel,5,7,6.0,1.0,0.0
336018,MS Dhoni,43,37,51.0,6.0,1.0
336018,RV Uthappa,16,22,18.0,2.0,0.0
336018,S Badrinath,53,35,64.0,7.0,2.0
336018,S Vidyut,16,11,19.0,3.0,0.0
336018,SK Raina,1,6,1.0,0.0,0.0
336018,SP Fleming,26,29,30.0,4.0,0.0
336018,SR Tendulkar,12,19,15.0,1.0,1.0
336018,ST Jayasuriya,114,53,145.0,9.0,11.0
336019,D Salunkhe,6,3,7.0,1.0,0.0
336019,JR Hopes,51,35,60.0,7.0,1.0
336019,Kamran Akmal,24,8,31.0,1.0,3.0
336019,LA Pomersbach,1,1,1.0,0.0,0.0
336019,M Kaif,1,5,1.0,0.0,0.0
336019,M Rawat,23,19,27.0,2.0,1.0
336019,NK Patel,57,40,67.0,10.0,0.0
336019,Pankaj Singh,1,5,1.0,0.0,0.0
336019,SE Marsh,115,72,140.0,11.0,7.0
336019,SR Watson,22,19,25.0,1.0,1.0
336019,YK Pathan,39,15,48.0,3.0,3.0
336019,Younis Khan,3,7,3.0,0.0,0.0
336019,Yuvraj Singh,49,16,63.0,2.0,6.0
336020,AC Gilchrist,14,10,17.0,3.0,0.0
336020,DB Ravi Teja,9,5,11.0,0.0,1.0
336020,DP Vijaykumar,1,1,1.0,0.0,0.0
336020,G Gambhir,79,51,92.0,7.0,3.0
336020,HH Gibbs,22,23,27.0,1.0,2.0
336020,MF Maharoof,19,11,23.0,0.0,2.0
336020,MK Tiwary,4,1,5.0,1.0,0.0
336020,PM Sarvesh Kumar,1,2,1.0,0.0,0.0
336020,PP Ojha,0,1,0.0,0.0,0.0
336020,RG Sharma,35,18,42.0,3.0,2.0
336020,RP Singh,1,2,1.0,0.0,0.0
336020,S Dhawan,68,54,76.0,8.0,0.0
336020,SB Styris,29,28,31.0,2.0,0.0
336020,Shahid Afridi,33,14,40.0,3.0,2.0
336020,TM Dilshan,16,6,20.0,2.0,1.0
336020,V Sehwag,0,2,0.0,0.0,0.0
336020,Y Venugopal Rao,34,18,41.0,3.0,2.0
336021,A Chopra,1,4,1.0,0.0,0.0
336021,AB Agarkar,15,14,17.0,2.0,0.0
336021,AB Dinda,1,1,1.0,0.0,0.0
336021,DJ Hussey,2,9,2.0,0.0,0.0
336021,DJ Thornely,1,6,1.0,0.0,0.0
336021,I Sharma,4,5,5.0,1.0,0.0
336021,LR Shukla,0,4,0.0,0.0,0.0
336021,Mohammad Hafeez,5,12,6.0,1.0,0.0
336021,RV Uthappa,9,8,11.0,2.0,0.0
336021,SC Ganguly,15,20,17.0,2.0,0.0
336021,SR Tendulkar,0,3,0.0,0.0,0.0
336021,ST Jayasuriya,48,21,60.0,6.0,3.0
336021,Salman Butt,13,15,16.0,1.0,1.0
336021,Shoaib Akhtar,2,8,2.0,0.0,0.0
336021,WP Saha,1,6,1.0,0.0,0.0
336022,DPMD Jayawardene,36,18,43.0,3.0,2.0
336022,G Gambhir,40,32,47.0,7.0,0.0
336022,JR Hopes,4,7,4.0,0.0,0.0
336022,LA Pomersbach,25,12,31.0,0.0,3.0
336022,MF Maharoof,0,1,0.0,0.0,0.0
336022,S Dhawan,8,5,10.0,0.0,1.0
336022,SE Marsh,2,5,2.0,0.0,0.0
336022,Shoaib Malik,1,1,1.0,0.0,0.0
336022,TM Dilshan,8,6,9.0,1.0,0.0
336022,V Sehwag,51,28,63.0,2.0,5.0
336022,Yuvraj Singh,23,8,30.0,1.0,3.0
336023,A Kumble,8,8,9.0,1.0,0.0
336023,Abdur Razzak,0,2,0.0,0.0,0.0
336023,CL White,10,17,11.0,1.0,0.0
336023,DT Patil,9,12,9.0,0.0,0.0
336023,GC Smith,75,53,87.0,8.0,2.0
336023,J Arunkumar,0,3,0.0,0.0,0.0
336023,JH Kallis,20,31,22.0,2.0,0.0
336023,Misbah-ul-Haq,0,1,0.0,0.0,0.0
336023,P Kumar,0,1,0.0,0.0,0.0
336023,R Dravid,75,37,93.0,6.0,6.0
336023,SA Asnodkar,50,46,59.0,7.0,1.0
336023,SR Watson,46,28,52.0,6.0,0.0
336023,V Kohli,3,8,3.0,0.0,0.0
336023,Z Khan,1,5,1.0,0.0,0.0
336024,AC Gilchrist,13,17,15.0,2.0,0.0
336024,AM Nayar,38,24,45.0,3.0,2.0
336024,DB Ravi Teja,37,27,45.0,2.0,3.0
336024,DJ Bravo,30,17,36.0,2.0,2.0
336024,DJ Thornely,8,18,8.0,0.0,0.0
336024,DNT Zoysa,10,7,11.0,1.0,0.0
336024,H Das,2,5,2.0,0.0,0.0
336024,LPC Silva,17,15,20.0,3.0,0.0
336024,PR Shah,10,9,12.0,2.0,0.0
336024,RG Sharma,6,10,7.0,1.0,0.0
336024,RP Singh,3,3,3.0,0.0,0.0
336024,RR Raje,1,2,1.0,0.0,0.0
336024,RV Uthappa,7,18,7.0,0.0,0.0
336024,SR Tendulkar,23,19,27.0,4.0,0.0
336024,ST Jayasuriya,36,16,46.0,6.0,2.0
336024,Shahid Afridi,0,1,0.0,0.0,0.0
336024,Y Venugopal Rao,57,39,67.0,4.0,3.0
336024,YV Takawale,5,5,5.0,0.0,0.0
336025,DB Das,27,32,32.0,1.0,2.0
336025,DJ Hussey,0,1,0.0,0.0,0.0
336025,LR Shukla,13,12,15.0,2.0,0.0
336025,Mohammad Hafeez,6,6,7.0,1.0,0.0
336025,PA Patel,19,30,21.0,2.0,0.0
336025,SC Ganguly,2,8,2.0,0.0,0.0
336025,SP Fleming,32,21,38.0,6.0,0.0
336025,Salman Butt,73,56,85.0,10.0,1.0
336025,WP Saha,15,9,16.0,1.0,0.0
336026,AB de Villiers,21,25,22.0,1.0,0.0
336026,B Akhil,3,3,3.0,0.0,0.0
336026,B Chipli,2,11,2.0,0.0,0.0
336026,CL White,1,2,1.0,0.0,0.0
336026,G Gambhir,39,32,45.0,6.0,0.0
336026,JH Kallis,25,24,30.0,3.0,1.0
336026,KD Karthik,6,4,7.0,1.0,0.0
336026,MF Maharoof,13,8,16.0,1.0,1.0
336026,Misbah-ul-Haq,47,25,57.0,2.0,4.0
336026,P Kumar,2,5,2.0,0.0,0.0
336026,R Dravid,9,11,10.0,1.0,0.0
336026,S Dhawan,16,13,19.0,1.0,1.0
336026,SP Goswami,52,43,61.0,7.0,1.0
336026,TM Dilshan,4,10,4.0,0.0,0.0
336026,V Sehwag,47,19,58.0,9.0,1.0
336026,Z Khan,4,1,5.0,1.0,0.0
336027,AB Agarkar,5,2,6.0,1.0,0.0
336027,DB Das,31,20,36.0,1.0,2.0
336027,DJ Hussey,11,15,13.0,2.0,0.0
336027,GC Smith,24,24,28.0,4.0,0.0
336027,I Sharma,2,1,2.0,0.0,0.0
336027,LR Shukla,15,10,18.0,1.0,1.0
336027,M Kaif,34,32,38.0,4.0,0.0
336027,Mohammad Hafeez,4,8,5.0,1.0,0.0
336027,SA Asnodkar,5,3,6.0,1.0,0.0
336027,SC Ganguly,32,34,36.0,2.0,1.0
336027,SR Watson,19,15,23.0,2.0,1.0
336027,Salman Butt,24,22,29.0,5.0,0.0
336027,Sohail Tanvir,13,8,16.0,1.0,1.0
336027,Umar Gul,7,4,9.0,0.0,1.0
336027,WP Saha,11,6,13.0,0.0,1.0
336027,YK Pathan,48,20,59.0,5.0,3.0
336028,A Nehra,0,1,0.0,0.0,0.0
336028,AM Nayar,27,18,32.0,1.0,2.0
336028,CRD Fernando,2,1,2.0,0.0,0.0
336028,DPMD Jayawardene,1,2,1.0,0.0,0.0
336028,DR Smith,20,16,24.0,2.0,1.0
336028,IK Pathan,9,6,11.0,0.0,1.0
336028,JR Hopes,0,1,0.0,0.0,0.0
336028,LA Pomersbach,79,52,95.0,10.0,3.0
336028,PR Shah,5,5,5.0,0.0,0.0
336028,RV Uthappa,9,13,9.0,0.0,0.0
336028,SD Chitnis,15,6,18.0,1.0,1.0
336028,SE Marsh,81,57,96.0,7.0,4.0
336028,SM Pollock,0,1,0.0,0.0,0.0
336028,SR Tendulkar,65,47,77.0,12.0,0.0
336028,ST Jayasuriya,20,15,25.0,1.0,2.0
336028,VS Yeligati,2,2,2.0,0.0,0.0
336028,Yuvraj Singh,7,6,8.0,1.0,0.0
336029,A Kumble,2,1,2.0,0.0,0.0
336029,B Akhil,6,7,7.0,1.0,0.0
336029,JA Morkel,1,5,1.0,0.0,0.0
336029,JH Kallis,5,5,6.0,1.0,0.0
336029,L Balaji,0,5,0.0,0.0,0.0
336029,M Ntini,0,6,0.0,0.0,0.0
336029,MS Dhoni,4,8,4.0,0.0,0.0
336029,MS Gony,4,5,5.0,1.0,0.0
336029,MV Boucher,17,15,20.0,3.0,0.0
336029,Misbah-ul-Haq,4,6,4.0,0.0,0.0
336029,P Kumar,21,11,25.0,2.0,1.0
336029,PA Patel,24,31,28.0,4.0,0.0
336029,R Dravid,47,39,52.0,5.0,0.0
336029,R Vinay Kumar,0,1,0.0,0.0,0.0
336029,S Badrinath,1,3,1.0,0.0,0.0
336029,S Vidyut,0,3,0.0,0.0,0.0
336029,SK Raina,21,20,23.0,2.0,0.0
336029,SP Fleming,45,40,52.0,3.0,2.0
336029,SP Goswami,10,19,11.0,1.0,0.0
336029,V Kohli,10,17,11.0,1.0,0.0
336031,AC Gilchrist,50,42,58.0,6.0,1.0
336031,DPMD Jayawardene,14,11,16.0,0.0,1.0
336031,HH Gibbs,44,35,53.0,3.0,3.0
336031,KC Sangakkara,50,25,61.0,7.0,2.0
336031,LA Pomersbach,13,12,15.0,0.0,1.0
336031,LPC Silva,23,10,27.0,2.0,1.0
336031,PP Chawla,16,10,19.0,1.0,1.0
336031,RG Sharma,50,27,61.0,3.0,4.0
336031,SB Styris,1,2,1.0,0.0,0.0
336031,SE Marsh,60,46,69.0,3.0,3.0
336031,Y Venugopal Rao,2,5,2.0,0.0,0.0
336031,Yuvraj Singh,17,18,19.0,2.0,0.0
336032,AM Nayar,1,3,1.0,0.0,0.0
336032,DR Smith,17,17,19.0,2.0,0.0
336032,G Gambhir,19,9,23.0,2.0,1.0
336032,KD Karthik,56,32,66.0,4.0,3.0
336032,MF Maharoof,20,13,24.0,4.0,0.0
336032,MK Tiwary,36,29,41.0,5.0,0.0
336032,PR Shah,0,1,0.0,0.0,0.0
336032,RV Uthappa,46,23,55.0,5.0,2.0
336032,S Dhawan,27,30,31.0,2.0,1.0
336032,SD Chitnis,3,4,3.0,0.0,0.0
336032,SM Pollock,16,15,18.0,2.0,0.0
336032,SR Tendulkar,18,19,21.0,3.0,0.0
336032,ST Jayasuriya,66,45,82.0,6.0,5.0
336032,TM Dilshan,0,1,0.0,0.0,0.0
336032,V Sehwag,18,6,23.0,3.0,1.0
336033,A Mukund,0,1,0.0,0.0,0.0
336033,GC Smith,91,52,108.0,9.0,4.0
336033,JA Morkel,71,41,85.0,6.0,4.0
336033,Kamran Akmal,53,28,63.0,4.0,3.0
336033,M Kaif,10,7,11.0,1.0,0.0
336033,MS Dhoni,12,8,14.0,2.0,0.0
336033,MS Gony,2,4,2.0,0.0,0.0
336033,PA Patel,54,41,63.0,5.0,2.0
336033,S Badrinath,1,2,1.0,0.0,0.0
336033,SA Asnodkar,41,27,50.0,5.0,2.0
336033,SK Raina,45,25,55.0,6.0,2.0
336033,SP Fleming,7,4,9.0,0.0,1.0
336033,T Kohli,3,3,3.0,0.0,0.0
336033,YK Pathan,6,5,7.0,1.0,0.0
336034,AC Gilchrist,10,12,12.0,2.0,0.0
336034,AS Yadav,3,4,3.0,0.0,0.0
336034,B Chipli,10,7,12.0,2.0,0.0
336034,HH Gibbs,5,7,6.0,1.0,0.0
336034,JH Kallis,6,5,7.0,1.0,0.0
336034,MV Boucher,16,14,18.0,2.0,0.0
336034,Misbah-ul-Haq,3,5,3.0,0.0,0.0
336034,P Kumar,8,4,10.0,2.0,0.0
336034,R Dravid,26,19,31.0,1.0,2.0
336034,RG Sharma,57,43,68.0,5.0,3.0
336034,SB Bangar,17,7,21.0,0.0,2.0
336034,SB Styris,2,3,2.0,0.0,0.0
336034,Shahid Afridi,1,2,1.0,0.0,0.0
336034,V Kohli,38,31,43.0,1.0,2.0
336034,VVS Laxman,52,44,59.0,7.0,0.0
336034,W Jaffer,44,37,50.0,6.0,0.0
336035,A Chopra,2,3,2.0,0.0,0.0
336035,DB Das,0,1,0.0,0.0,0.0
336035,DJ Hussey,12,11,14.0,2.0,0.0
336035,DPMD Jayawardene,11,10,12.0,1.0,0.0
336035,I Sharma,0,1,0.0,0.0,0.0
336035,IK Pathan,7,4,8.0,1.0,0.0
336035,JR Hopes,13,11,15.0,2.0,0.0
336035,KC Sangakkara,64,48,75.0,7.0,2.0
336035,LR Shukla,5,4,6.0,1.0,0.0
336035,PP Chawla,0,1,0.0,0.0,0.0
336035,SC Ganguly,86,56,104.0,6.0,6.0
336035,SE Marsh,40,32,47.0,3.0,2.0
336035,Salman Butt,24,20,29.0,5.0,0.0
336035,TM Srivastava,1,1,1.0,0.0,0.0
336035,Umar Gul,24,11,31.0,1.0,3.0
336035,WP Saha,13,15,15.0,2.0,0.0
336035,Yuvraj Singh,27,19,32.0,3.0,1.0
336036,AM Nayar,25,19,28.0,3.0,0.0
336036,DR Smith,8,8,9.0,1.0,0.0
336036,Kamran Akmal,18,16,22.0,4.0,0.0
336036,M Kaif,12,16,12.0,0.0,0.0
336036,MK Pandey,3,6,3.0,0.0,0.0
336036,NK Patel,40,30,44.0,2.0,1.0
336036,RA Jadeja,23,20,25.0,0.0,1.0
336036,RR Raje,1,2,1.0,0.0,0.0
336036,RV Uthappa,3,9,3.0,0.0,0.0
336036,SA Asnodkar,17,20,19.0,2.0,0.0
336036,SM Pollock,0,1,0.0,0.0,0.0
336036,SR Tendulkar,30,35,32.0,2.0,0.0
336036,SR Watson,18,20,21.0,3.0,0.0
336036,ST Jayasuriya,38,39,42.0,4.0,0.0
336036,YK Pathan,2,4,2.0,0.0,0.0
336036,YV Takawale,24,8,30.0,4.0,1.0
336037,AC Gilchrist,5,8,5.0,0.0,0.0
336037,AS Yadav,0,1,0.0,0.0,0.0
336037,DB Ravi Teja,40,31,46.0,4.0,1.0
336037,HH Gibbs,8,10,10.0,2.0,0.0
336037,JA Morkel,12,12,13.0,1.0,0.0
336037,MS Dhoni,37,27,43.0,4.0,1.0
336037,PA Patel,20,29,23.0,3.0,0.0
336037,PP Ojha,1,1,1.0,0.0,0.0
336037,RP Singh,10,4,13.0,1.0,1.0
336037,SB Styris,20,20,23.0,3.0,0.0
336037,SK Raina,54,46,63.0,5.0,2.0
336037,SP Fleming,14,10,17.0,3.0,0.0
336037,Shahid Afridi,1,2,1.0,0.0,0.0
336037,Y Venugopal Rao,46,49,51.0,3.0,1.0
336038,A Mishra,2,5,2.0,0.0,0.0
336038,G Gambhir,11,17,12.0,1.0,0.0
336038,GC Smith,25,22,30.0,5.0,0.0
336038,GD McGrath,4,3,5.0,1.0,0.0
336038,KD Karthik,10,12,11.0,1.0,0.0
336038,M Kaif,12,12,14.0,0.0,1.0
336038,M Rawat,2,4,2.0,0.0,0.0
336038,MF Maharoof,6,6,7.0,1.0,0.0
336038,MK Tiwary,0,3,0.0,0.0,0.0
336038,Mohammad Asif,3,5,3.0,0.0,0.0
336038,RA Jadeja,7,5,9.0,0.0,1.0
336038,S Dhawan,5,13,5.0,0.0,0.0
336038,SA Asnodkar,39,21,47.0,6.0,1.0
336038,SK Trivedi,1,2,1.0,0.0,0.0
336038,SK Warne,0,1,0.0,0.0,0.0
336038,SR Watson,52,30,62.0,4.0,3.0
336038,Sohail Tanvir,5,5,6.0,1.0,0.0
336038,TM Dilshan,33,22,40.0,5.0,1.0
336038,V Sehwag,3,4,3.0,0.0,0.0
336038,VY Mahesh,3,10,3.0,0.0,0.0
336038,YK Pathan,45,21,56.0,3.0,4.0
336039,DPMD Jayawardene,8,10,9.0,1.0,0.0
336039,IK Pathan,3,12,3.0,0.0,0.0
336039,JR Hopes,2,5,2.0,0.0,0.0
336039,KC Sangakkara,3,4,3.0,0.0,0.0
336039,PA Patel,51,52,59.0,8.0,0.0
336039,PP Chawla,12,15,13.0,1.0,0.0
336039,RR Powar,28,21,34.0,4.0,1.0
336039,S Sreesanth,0,2,0.0,0.0,0.0
336039,S Vidyut,6,7,7.0,1.0,0.0
336039,SE Marsh,23,17,28.0,3.0,1.0
336039,SK Raina,55,34,67.0,4.0,4.0
336039,WA Mota,25,27,27.0,2.0,0.0
336039,Yuvraj Singh,4,9,4.0,0.0,0.0
336040,CK Kapugedera,8,13,8.0,0.0,0.0
336040,JA Morkel,16,14,20.0,0.0,2.0
336040,Kamran Akmal,6,7,7.0,1.0,0.0
336040,M Kaif,12,9,14.0,0.0,1.0
336040,MS Dhoni,29,17,34.0,1.0,2.0
336040,NK Patel,2,11,2.0,0.0,0.0
336040,PA Patel,38,34,43.0,5.0,0.0
336040,RA Jadeja,0,1,0.0,0.0,0.0
336040,S Badrinath,6,2,7.0,1.0,0.0
336040,S Vidyut,16,14,19.0,1.0,1.0
336040,SA Asnodkar,28,20,32.0,4.0,0.0
336040,SK Raina,43,30,48.0,1.0,2.0
336040,SK Warne,9,9,10.0,1.0,0.0
336040,SR Watson,28,20,31.0,3.0,0.0
336040,Sohail Tanvir,9,9,9.0,0.0,0.0
336040,YK Pathan,56,40,67.0,3.0,4.0
392181,A Flintoff,24,25,28.0,2.0,1.0
392181,AM Nayar,35,14,43.0,2.0,3.0
392181,DJ Bravo,5,4,6.0,1.0,0.0
392181,Harbhajan Singh,4,2,5.0,1.0,0.0
392181,JDP Oram,8,6,10.0,0.0,1.0
392181,JP Duminy,9,7,10.0,1.0,0.0
392181,Joginder Sharma,16,15,18.0,0.0,1.0
392181,ML Hayden,44,35,52.0,6.0,1.0
392181,MS Dhoni,36,26,41.0,1.0,2.0
392181,PA Patel,0,2,0.0,0.0,0.0
392181,S Badrinath,0,2,0.0,0.0,0.0
392181,S Dhawan,22,22,24.0,2.0,0.0
392181,SK Raina,8,9,9.0,1.0,0.0
392181,SR Tendulkar,59,49,66.0,7.0,0.0
392181,ST Jayasuriya,26,20,31.0,5.0,0.0
392181,T Thushara,1,3,1.0,0.0,0.0
392181,Z Khan,2,3,2.0,0.0,0.0
392182,AD Mascarenhas,0,1,0.0,0.0,0.0
392182,B Akhil,9,9,10.0,1.0,0.0
392182,GC Smith,2,12,2.0,0.0,0.0
392182,JD Ryder,0,2,0.0,0.0,0.0
392182,KP Pietersen,32,30,36.0,4.0,0.0
392182,Kamran Khan,3,5,3.0,0.0,0.0
392182,LRPL Taylor,0,1,0.0,0.0,0.0
392182,M Rawat,4,7,4.0,0.0,0.0
392182,MM Patel,0,2,0.0,0.0,0.0
392182,NK Patel,4,19,4.0,0.0,0.0
392182,P Kumar,8,10,10.0,0.0,1.0
392182,R Dravid,66,50,76.0,8.0,1.0
392182,R Vinay Kumar,8,2,10.0,2.0,0.0
392182,RA Jadeja,11,11,13.0,0.0,1.0
392182,RV Uthappa,3,10,3.0,0.0,0.0
392182,SA Asnodkar,0,3,0.0,0.0,0.0
392182,SK Warne,3,9,3.0,0.0,0.0
392182,T Henderson,11,15,13.0,0.0,1.0
392182,V Kohli,3,8,3.0,0.0,0.0
392182,YK Pathan,11,15,12.0,1.0,0.0
392183,DPMD Jayawardene,6,6,7.0,1.0,0.0
392183,G Gambhir,15,14,17.0,2.0,0.0
392183,IK Pathan,6,7,6.0,0.0,0.0
392183,K Goel,38,22,47.0,3.0,3.0
392183,KC Sangakkara,8,11,9.0,1.0,0.0
392183,RS Bopara,22,18,26.0,0.0,2.0
392183,V Sehwag,38,18,48.0,4.0,3.0
392183,Yuvraj Singh,16,12,20.0,0.0,2.0
392184,A Chopra,11,20,13.0,2.0,0.0
392184,AB Agarkar,7,3,9.0,0.0,1.0
392184,AB Dinda,2,2,2.0,0.0,0.0
392184,AC Gilchrist,13,11,15.0,2.0,0.0
392184,BB McCullum,1,3,1.0,0.0,0.0
392184,BJ Hodge,31,34,35.0,4.0,0.0
392184,CH Gayle,10,12,13.0,1.0,1.0
392184,HH Gibbs,43,27,50.0,5.0,1.0
392184,I Sharma,9,9,11.0,0.0,1.0
392184,LR Shukla,8,6,10.0,0.0,1.0
392184,M Kartik,10,10,10.0,0.0,0.0
392184,MC Henriques,6,8,6.0,0.0,0.0
392184,RG Sharma,36,32,43.0,3.0,2.0
392184,SC Ganguly,1,12,1.0,0.0,0.0
392184,VVS Laxman,10,10,13.0,1.0,1.0
392185,A Flintoff,22,14,26.0,2.0,1.0
392185,A Kumble,1,5,1.0,0.0,0.0
392185,DW Steyn,0,3,0.0,0.0,0.0
392185,JA Morkel,5,3,6.0,1.0,0.0
392185,JH Kallis,24,20,29.0,5.0,0.0
392185,KP Pietersen,0,1,0.0,0.0,0.0
392185,LRPL Taylor,1,4,1.0,0.0,0.0
392185,ML Hayden,65,37,78.0,9.0,2.0
392185,MS Dhoni,16,15,18.0,0.0,1.0
392185,P Kumar,0,3,0.0,0.0,0.0
392185,PA Patel,30,26,34.0,2.0,1.0
392185,R Bishnoi,0,1,0.0,0.0,0.0
392185,R Dravid,20,18,22.0,2.0,0.0
392185,R Vinay Kumar,5,6,5.0,0.0,0.0
392185,RV Uthappa,20,21,22.0,2.0,0.0
392185,SK Raina,28,29,31.0,1.0,1.0
392185,V Kohli,11,14,13.0,0.0,1.0
392186,BB McCullum,21,17,26.0,1.0,2.0
392186,BJ Hodge,10,14,10.0,0.0,0.0
392186,CH Gayle,44,29,54.0,2.0,4.0
392186,DPMD Jayawardene,31,21,36.0,3.0,1.0
392186,IK Pathan,32,17,39.0,5.0,1.0
392186,K Goel,0,7,0.0,0.0,0.0
392186,KC Sangakkara,26,24,28.0,2.0,0.0
392186,PP Chawla,3,7,3.0,0.0,0.0
392186,RS Bopara,15,15,17.0,2.0,0.0
392186,T Kohli,1,4,1.0,0.0,0.0
392186,Yuvraj Singh,38,32,45.0,3.0,2.0
392188,A Kumble,1,1,1.0,0.0,0.0
392188,AC Gilchrist,71,45,87.0,6.0,5.0
392188,DB Ravi Teja,8,5,9.0,1.0,0.0
392188,FH Edwards,3,2,3.0,0.0,0.0
392188,HH Gibbs,13,7,16.0,1.0,1.0
392188,JD Ryder,0,1,0.0,0.0,0.0
392188,JH Kallis,15,14,18.0,3.0,0.0
392188,KP Pietersen,11,17,12.0,1.0,0.0
392188,KV Sharma,1,3,1.0,0.0,0.0
392188,P Kumar,14,6,18.0,0.0,2.0
392188,R Bishnoi,1,2,1.0,0.0,0.0
392188,R Dravid,48,27,57.0,5.0,2.0
392188,RG Sharma,52,31,63.0,1.0,5.0
392188,RV Uthappa,12,20,13.0,1.0,0.0
392188,SB Styris,14,8,16.0,0.0,1.0
392188,V Kohli,50,35,57.0,7.0,0.0
392188,VVS Laxman,5,10,5.0,0.0,0.0
392188,Y Venugopal Rao,9,13,9.0,0.0,0.0
392189,A Flintoff,16,18,17.0,1.0,0.0
392189,AB de Villiers,105,54,122.0,5.0,6.0
392189,G Gambhir,0,1,0.0,0.0,0.0
392189,JA Morkel,13,14,14.0,1.0,0.0
392189,Joginder Sharma,4,3,4.0,0.0,0.0
392189,KD Karthik,18,17,20.0,2.0,0.0
392189,M Muralitharan,0,1,0.0,0.0,0.0
392189,MK Tiwary,9,13,10.0,1.0,0.0
392189,ML Hayden,57,28,68.0,5.0,3.0
392189,MS Dhoni,5,7,5.0,0.0,0.0
392189,MS Gony,6,2,8.0,0.0,1.0
392189,PA Patel,16,17,18.0,2.0,0.0
392189,S Badrinath,7,8,7.0,0.0,0.0
392189,SK Raina,41,27,48.0,5.0,1.0
392189,TM Dilshan,50,27,61.0,7.0,2.0
392189,V Sehwag,6,9,7.0,1.0,0.0
392190,AB Agarkar,1,1,1.0,0.0,0.0
392190,AD Mascarenhas,27,28,29.0,2.0,0.0
392190,AS Raut,21,17,26.0,1.0,2.0
392190,BB McCullum,4,10,4.0,0.0,0.0
392190,BJ Hodge,5,7,5.0,0.0,0.0
392190,CH Gayle,54,44,67.0,5.0,4.0
392190,GC Smith,15,21,16.0,1.0,0.0
392190,I Sharma,1,1,1.0,0.0,0.0
392190,LR Shukla,13,13,14.0,1.0,0.0
392190,PC Valthaty,5,7,6.0,1.0,0.0
392190,RA Jadeja,22,27,22.0,0.0,0.0
392190,RJ Quiney,6,2,8.0,0.0,1.0
392190,SB Bangar,2,9,2.0,0.0,0.0
392190,SC Ganguly,46,34,54.0,4.0,2.0
392190,SK Warne,2,2,2.0,0.0,0.0
392190,YK Pathan,60,26,75.0,7.0,4.0
392190,Yashpal Singh,20,18,23.0,3.0,0.0
392191,A Kumble,5,3,6.0,1.0,0.0
392191,DPMD Jayawardene,1,1,1.0,0.0,0.0
392191,JD Ryder,32,21,38.0,6.0,0.0
392191,JH Kallis,62,48,71.0,5.0,2.0
392191,K Goel,19,21,20.0,1.0,0.0
392191,KC Sangakkara,26,18,30.0,2.0,1.0
392191,KP Pietersen,0,2,0.0,0.0,0.0
392191,LRPL Taylor,35,23,43.0,4.0,2.0
392191,P Kumar,13,7,15.0,0.0,1.0
392191,Pankaj Singh,0,1,0.0,0.0,0.0
392191,R Dravid,10,13,10.0,0.0,0.0
392191,R Vinay Kumar,1,1,1.0,0.0,0.0
392191,RS Bopara,84,61,98.0,4.0,5.0
392191,RV Uthappa,0,1,0.0,0.0,0.0
392191,V Kohli,2,3,2.0,0.0,0.0
392191,Yuvraj Singh,30,18,35.0,3.0,1.0
392192,AC Gilchrist,35,21,44.0,3.0,3.0
392192,AM Nayar,10,6,12.0,0.0,1.0
392192,DB Ravi Teja,9,9,10.0,1.0,0.0
392192,DJ Bravo,21,18,23.0,2.0,0.0
392192,DR Smith,35,23,41.0,2.0,2.0
392192,FH Edwards,1,3,1.0,0.0,0.0
392192,HH Gibbs,58,46,68.0,6.0,2.0
392192,Harbhajan Singh,20,9,25.0,1.0,2.0
392192,JP Duminy,47,43,55.0,4.0,2.0
392192,PP Ojha,0,2,0.0,0.0,0.0
392192,PR Shah,1,1,1.0,0.0,0.0
392192,RG Sharma,3,5,3.0,0.0,0.0
392192,RP Singh,4,4,4.0,0.0,0.0
392192,S Dhawan,3,7,3.0,0.0,0.0
392192,SR Tendulkar,36,28,43.0,3.0,2.0
392192,ST Jayasuriya,1,9,1.0,0.0,0.0
392192,VVS Laxman,0,1,0.0,0.0,0.0
392192,Y Venugopal Rao,9,11,9.0,0.0,0.0
392192,Z Khan,4,6,4.0,0.0,0.0
392194,AB de Villiers,21,23,21.0,0.0,0.0
392194,B Akhil,8,5,10.0,0.0,1.0
392194,G Gambhir,16,19,17.0,1.0,0.0
392194,JH Kallis,0,1,0.0,0.0,0.0
392194,KD Karthik,12,10,15.0,1.0,1.0
392194,KP Pietersen,37,26,43.0,2.0,2.0
392194,LRPL Taylor,31,36,34.0,3.0,0.0
392194,M Manhas,23,13,26.0,3.0,0.0
392194,MV Boucher,36,29,42.0,2.0,2.0
392194,Pankaj Singh,1,1,1.0,0.0,0.0
392194,RV Uthappa,3,4,3.0,0.0,0.0
392194,TM Dilshan,67,49,76.0,5.0,2.0
392194,V Kohli,22,24,23.0,1.0,0.0
392194,V Sehwag,7,6,9.0,0.0,1.0
392195,AD Mascarenhas,4,2,5.0,1.0,0.0
392195,AS Raut,1,4,1.0,0.0,0.0
392195,DPMD Jayawardene,7,10,7.0,0.0,0.0
392195,GC Smith,2,8,2.0,0.0,0.0
392195,IK Pathan,39,34,45.0,2.0,2.0
392195,KC Sangakkara,60,53,69.0,7.0,1.0
392195,M Rawat,4,6,4.0,0.0,0.0
392195,PP Chawla,6,7,7.0,1.0,0.0
392195,RA Jadeja,37,44,39.0,2.0,0.0
392195,RJ Quiney,7,8,8.0,1.0,0.0
392195,RS Bopara,11,16,13.0,2.0,0.0
392195,SA Asnodkar,3,5,3.0,0.0,0.0
392195,SK Warne,34,35,37.0,3.0,0.0
392195,WA Mota,1,2,1.0,0.0,0.0
392195,YK Pathan,10,13,12.0,2.0,0.0
392195,Yuvraj Singh,2,6,2.0,0.0,0.0
392196,AA Bilakhia,12,14,13.0,1.0,0.0
392196,AC Gilchrist,44,20,55.0,5.0,3.0
392196,DR Smith,12,5,15.0,1.0,1.0
392196,HH Gibbs,69,57,79.0,6.0,2.0
392196,JA Morkel,13,7,16.0,1.0,1.0
392196,JDP Oram,41,29,49.0,4.0,2.0
392196,ML Hayden,49,36,57.0,8.0,0.0
392196,MS Dhoni,22,24,25.0,1.0,1.0
392196,PA Patel,0,2,0.0,0.0,0.0
392196,RG Sharma,18,20,20.0,0.0,1.0
392196,S Badrinath,8,9,9.0,1.0,0.0
392196,SK Raina,25,20,30.0,1.0,2.0
392196,VVS Laxman,4,5,4.0,0.0,0.0
392197,AB Dinda,0,1,0.0,0.0,0.0
392197,AM Nayar,3,3,3.0,0.0,0.0
392197,AN Ghosh,0,1,0.0,0.0,0.0
392197,BAW Mendis,0,1,0.0,0.0,0.0
392197,BB McCullum,1,6,1.0,0.0,0.0
392197,BJ Hodge,24,23,27.0,3.0,0.0
392197,CH Gayle,12,12,14.0,0.0,1.0
392197,DJ Bravo,3,5,3.0,0.0,0.0
392197,Harbhajan Singh,18,8,23.0,1.0,2.0
392197,I Sharma,6,3,7.0,1.0,0.0
392197,JP Duminy,18,14,19.0,1.0,0.0
392197,LR Shukla,6,10,7.0,1.0,0.0
392197,S Dhawan,12,10,13.0,1.0,0.0
392197,SC Ganguly,34,30,39.0,3.0,1.0
392197,SR Tendulkar,68,48,82.0,6.0,4.0
392197,SS Tiwary,4,3,4.0,0.0,0.0
392197,ST Jayasuriya,52,33,62.0,2.0,4.0
392197,Yashpal Singh,8,8,8.0,0.0,0.0
392198,A Mishra,0,4,0.0,0.0,0.0
392198,AB de Villiers,50,41,57.0,5.0,1.0
392198,DL Vettori,29,28,32.0,3.0,0.0
392198,G Gambhir,8,6,9.0,1.0,0.0
392198,GC Smith,44,48,49.0,5.0,0.0
392198,KD Karthik,4,5,4.0,0.0,0.0
392198,M Manhas,23,16,27.0,2.0,1.0
392198,PC Valthaty,1,5,1.0,0.0,0.0
392198,PJ Sangwan,1,1,1.0,0.0,0.0
392198,RA Jadeja,16,14,17.0,1.0,0.0
392198,RJ Quiney,4,11,5.0,1.0,0.0
392198,SA Asnodkar,11,8,14.0,1.0,1.0
392198,SK Warne,0,2,0.0,0.0,0.0
392198,TM Dilshan,7,10,8.0,1.0,0.0
392198,V Sehwag,16,11,20.0,2.0,1.0
392198,YK Pathan,62,30,77.0,3.0,6.0
392199,AB Agarkar,6,8,6.0,0.0,0.0
392199,BB McCullum,0,1,0.0,0.0,0.0
392199,BJ Hodge,17,16,21.0,2.0,1.0
392199,CH Gayle,40,38,46.0,6.0,0.0
392199,JH Kallis,23,27,25.0,2.0,0.0
392199,KP Pietersen,13,13,14.0,1.0,0.0
392199,LR Shukla,2,3,2.0,0.0,0.0
392199,MK Pandey,2,2,2.0,0.0,0.0
392199,MN van Wyk,43,35,47.0,4.0,0.0
392199,MV Boucher,25,13,29.0,2.0,1.0
392199,RE van der Merwe,9,9,11.0,0.0,1.0
392199,SC Ganguly,1,8,1.0,0.0,0.0
392199,SP Goswami,43,49,49.0,6.0,0.0
392199,V Kohli,19,12,22.0,1.0,1.0
392199,WP Saha,21,14,23.0,0.0,1.0
392200,AM Nayar,15,17,16.0,1.0,0.0
392200,DJ Bravo,15,22,18.0,1.0,1.0
392200,DPMD Jayawardene,7,9,7.0,0.0,0.0
392200,Harbhajan Singh,6,5,7.0,1.0,0.0
392200,IK Pathan,7,12,7.0,0.0,0.0
392200,JP Duminy,59,65,63.0,4.0,0.0
392200,K Goel,12,12,14.0,0.0,1.0
392200,KC Sangakkara,45,47,49.0,2.0,1.0
392200,PP Chawla,0,2,0.0,0.0,0.0
392200,RR Powar,10,10,11.0,1.0,0.0
392200,RS Bopara,6,14,6.0,0.0,0.0
392200,S Dhawan,3,7,3.0,0.0,0.0
392200,SR Tendulkar,1,6,1.0,0.0,0.0
392200,SS Tiwary,6,4,6.0,0.0,0.0
392200,ST Jayasuriya,0,2,0.0,0.0,0.0
392200,WA Mota,5,6,5.0,0.0,0.0
392200,Yuvraj Singh,10,14,11.0,1.0,0.0
392201,AA Bilakhia,22,28,24.0,2.0,0.0
392201,AB de Villiers,5,9,6.0,1.0,0.0
392201,AC Gilchrist,8,5,10.0,2.0,0.0
392201,DR Smith,48,29,57.0,5.0,2.0
392201,G Gambhir,17,15,20.0,3.0,0.0
392201,HH Gibbs,0,4,0.0,0.0,0.0
392201,KD Karthik,41,32,46.0,3.0,1.0
392201,M Manhas,3,2,3.0,0.0,0.0
392201,PP Ojha,1,1,1.0,0.0,0.0
392201,RG Sharma,17,20,19.0,2.0,0.0
392201,RP Singh,2,4,2.0,0.0,0.0
392201,Shoaib Ahmed,0,3,0.0,0.0,0.0
392201,TL Suman,23,14,26.0,1.0,1.0
392201,TM Dilshan,52,51,62.0,4.0,3.0
392201,V Sehwag,20,11,24.0,4.0,0.0
392201,Y Venugopal Rao,16,15,17.0,1.0,0.0
392202,AD Mascarenhas,8,8,9.0,1.0,0.0
392202,GC Smith,2,5,2.0,0.0,0.0
392202,JA Morkel,4,1,5.0,1.0,0.0
392202,JDP Oram,2,6,2.0,0.0,0.0
392202,M Rawat,8,7,9.0,1.0,0.0
392202,ML Hayden,1,2,1.0,0.0,0.0
392202,MM Patel,0,1,0.0,0.0,0.0
392202,MS Dhoni,22,19,24.0,0.0,1.0
392202,PA Patel,3,11,3.0,0.0,0.0
392202,RA Jadeja,37,34,41.0,2.0,1.0
392202,RJ Quiney,28,32,32.0,4.0,0.0
392202,S Badrinath,29,27,33.0,4.0,0.0
392202,SA Asnodkar,10,8,12.0,0.0,1.0
392202,SK Raina,98,57,118.0,10.0,5.0
392202,SK Trivedi,2,3,2.0,0.0,0.0
392202,SK Warne,3,9,3.0,0.0,0.0
392202,YK Pathan,20,13,23.0,3.0,0.0
392203,AM Nayar,10,13,11.0,1.0,0.0
392203,AM Rahane,10,8,11.0,1.0,0.0
392203,BB McCullum,5,7,5.0,0.0,0.0
392203,BJ Hodge,73,64,84.0,5.0,3.0
392203,CH Gayle,7,7,8.0,1.0,0.0
392203,GR Napier,15,16,16.0,1.0,0.0
392203,Harbhajan Singh,6,8,6.0,0.0,0.0
392203,JP Duminy,52,38,61.0,1.0,4.0
392203,LR Shukla,6,7,6.0,0.0,0.0
392203,MN van Wyk,32,37,35.0,3.0,0.0
392203,SC Ganguly,0,1,0.0,0.0,0.0
392203,SR Tendulkar,34,32,41.0,3.0,2.0
392203,ST Jayasuriya,6,9,7.0,1.0,0.0
392203,WP Saha,8,4,9.0,1.0,0.0
392203,Z Khan,2,2,2.0,0.0,0.0
392204,A Kumble,1,4,1.0,0.0,0.0
392204,DPMD Jayawardene,19,16,21.0,2.0,0.0
392204,IK Pathan,12,10,14.0,2.0,0.0
392204,JD Ryder,2,5,2.0,0.0,0.0
392204,JH Kallis,27,24,31.0,4.0,0.0
392204,K Goel,20,29,22.0,2.0,0.0
392204,KC Sangakkara,17,23,19.0,2.0,0.0
392204,KP Appanna,0,1,0.0,0.0,0.0
392204,MV Boucher,2,4,2.0,0.0,0.0
392204,P Kumar,9,7,10.0,1.0,0.0
392204,PP Chawla,3,4,3.0,0.0,0.0
392204,R Bishnoi,18,14,23.0,1.0,2.0
392204,RE van der Merwe,35,19,44.0,3.0,3.0
392204,RV Uthappa,19,17,21.0,2.0,0.0
392204,SM Katich,3,5,3.0,0.0,0.0
392204,SP Goswami,10,15,10.0,0.0,0.0
392204,TM Srivastava,0,1,0.0,0.0,0.0
392204,V Kohli,16,14,18.0,2.0,0.0
392204,Yuvraj Singh,50,35,61.0,3.0,4.0
392205,AA Bilakhia,1,5,1.0,0.0,0.0
392205,AC Gilchrist,39,36,48.0,5.0,2.0
392205,AS Raut,36,23,40.0,4.0,0.0
392205,DR Smith,7,8,8.0,1.0,0.0
392205,GC Smith,0,2,0.0,0.0,0.0
392205,HH Gibbs,8,10,9.0,1.0,0.0
392205,LA Carseldine,39,34,45.0,6.0,0.0
392205,NV Ojha,0,6,0.0,0.0,0.0
392205,RA Jadeja,12,17,14.0,0.0,1.0
392205,RG Sharma,38,34,44.0,2.0,2.0
392205,SA Asnodkar,0,2,0.0,0.0,0.0
392205,SK Warne,21,17,25.0,0.0,2.0
392205,SM Harwood,3,7,3.0,0.0,0.0
392205,TL Suman,41,31,45.0,2.0,1.0
392205,YK Pathan,24,14,30.0,2.0,2.0
392206,A Mishra,11,8,14.0,1.0,1.0
392206,AB de Villiers,0,1,0.0,0.0,0.0
392206,DA Warner,51,40,58.0,5.0,1.0
392206,G Gambhir,13,14,15.0,2.0,0.0
392206,JA Morkel,6,4,7.0,1.0,0.0
392206,JDP Oram,3,7,3.0,0.0,0.0
392206,KD Karthik,52,31,61.0,7.0,1.0
392206,L Balaji,2,3,2.0,0.0,0.0
392206,M Manhas,0,4,0.0,0.0,0.0
392206,M Muralitharan,3,4,3.0,0.0,0.0
392206,M Vijay,14,14,16.0,2.0,0.0
392206,ML Hayden,30,20,36.0,4.0,1.0
392206,MS Dhoni,6,8,6.0,0.0,0.0
392206,PJ Sangwan,0,3,0.0,0.0,0.0
392206,R Bhatia,2,7,2.0,0.0,0.0
392206,S Badrinath,45,34,53.0,4.0,2.0
392206,SB Jakati,13,9,15.0,2.0,0.0
392206,SK Raina,32,22,38.0,2.0,2.0
392206,TM Dilshan,13,13,15.0,0.0,1.0
392207,BB McCullum,19,33,20.0,1.0,0.0
392207,BJ Hodge,70,44,82.0,10.0,1.0
392207,CH Gayle,17,17,20.0,3.0,0.0
392207,DPMD Jayawardene,52,44,59.0,7.0,0.0
392207,IK Pathan,19,16,21.0,2.0,0.0
392207,KC Sangakkara,0,2,0.0,0.0,0.0
392207,MN van Wyk,18,12,21.0,1.0,1.0
392207,S Sohal,25,18,31.0,0.0,3.0
392207,SC Ganguly,22,17,25.0,1.0,1.0
392207,SM Katich,34,29,39.0,3.0,1.0
392207,Yuvraj Singh,14,17,15.0,1.0,0.0
392208,AM Nayar,29,20,33.0,4.0,0.0
392208,AM Rahane,0,1,0.0,0.0,0.0
392208,DJ Bravo,50,40,55.0,1.0,2.0
392208,JH Kallis,69,63,78.0,5.0,2.0
392208,JP Duminy,1,6,1.0,0.0,0.0
392208,RV Uthappa,66,43,78.0,8.0,2.0
392208,SR Tendulkar,11,11,13.0,2.0,0.0
392208,ST Jayasuriya,52,44,60.0,6.0,1.0
392208,W Jaffer,7,10,8.0,1.0,0.0
392209,AC Gilchrist,0,1,0.0,0.0,0.0
392209,DR Smith,49,23,61.0,2.0,5.0
392209,HH Gibbs,0,3,0.0,0.0,0.0
392209,JA Morkel,4,5,4.0,0.0,0.0
392209,M Vijay,31,33,35.0,2.0,1.0
392209,ML Hayden,43,28,54.0,5.0,3.0
392209,MS Dhoni,58,39,66.0,6.0,1.0
392209,PP Ojha,0,2,0.0,0.0,0.0
392209,RG Sharma,21,20,25.0,2.0,1.0
392209,RJ Harris,1,4,1.0,0.0,0.0
392209,RP Singh,2,6,2.0,0.0,0.0
392209,SK Raina,32,19,37.0,1.0,2.0
392209,Shoaib Ahmed,1,2,1.0,0.0,0.0
392209,TL Suman,17,17,19.0,2.0,0.0
392209,VVS Laxman,0,7,0.0,0.0,0.0
392209,Y Venugopal Rao,2,6,2.0,0.0,0.0
392210,AS Raut,1,1,1.0,0.0,0.0
392210,DPMD Jayawardene,9,11,11.0,0.0,1.0
392210,GC Smith,77,44,91.0,12.0,1.0
392210,IK Pathan,19,18,21.0,2.0,0.0
392210,K Goel,1,4,1.0,0.0,0.0
392210,KC Sangakkara,11,15,13.0,2.0,0.0
392210,LA Carseldine,16,9,18.0,2.0,0.0
392210,NV Ojha,68,51,83.0,5.0,5.0
392210,PP Chawla,6,7,7.0,1.0,0.0
392210,RA Jadeja,33,12,40.0,5.0,1.0
392210,RR Powar,6,7,6.0,0.0,0.0
392210,S Sohal,0,1,0.0,0.0,0.0
392210,S Sreesanth,4,8,5.0,1.0,0.0
392210,SM Katich,10,13,12.0,2.0,0.0
392210,YK Pathan,12,7,15.0,1.0,1.0
392210,Yuvraj Singh,48,44,57.0,3.0,3.0
392211,BB McCullum,35,32,42.0,1.0,3.0
392211,BJ Hodge,10,19,10.0,0.0,0.0
392211,DA Warner,36,23,43.0,5.0,1.0
392211,G Gambhir,71,58,78.0,7.0,0.0
392211,MC Henriques,30,24,34.0,2.0,1.0
392211,MN van Wyk,74,48,85.0,11.0,0.0
392211,TM Dilshan,42,35,49.0,5.0,1.0
392211,WP Saha,1,1,1.0,0.0,0.0
392212,AC Gilchrist,25,31,29.0,2.0,1.0
392212,AM Nayar,1,4,1.0,0.0,0.0
392212,DB Ravi Teja,4,4,4.0,0.0,0.0
392212,DJ Bravo,13,16,13.0,0.0,0.0
392212,DR Smith,16,12,19.0,1.0,1.0
392212,DS Kulkarni,7,9,7.0,0.0,0.0
392212,HH Gibbs,0,6,0.0,0.0,0.0
392212,Harbhajan Singh,0,1,0.0,0.0,0.0
392212,JP Duminy,52,49,59.0,7.0,0.0
392212,PR Shah,29,19,36.0,3.0,2.0
392212,RG Sharma,38,36,42.0,2.0,1.0
392212,RJ Harris,5,4,5.0,0.0,0.0
392212,RR Raje,11,7,13.0,0.0,1.0
392212,SR Tendulkar,2,4,2.0,0.0,0.0
392212,SS Tiwary,3,5,3.0,0.0,0.0
392212,ST Jayasuriya,5,7,6.0,1.0,0.0
392212,TL Suman,20,13,25.0,1.0,2.0
392212,Y Venugopal Rao,28,18,32.0,2.0,1.0
392213,D du Preez,10,13,10.0,0.0,0.0
392213,GC Smith,20,22,24.0,4.0,0.0
392213,JH Kallis,10,15,12.0,0.0,1.0
392213,LA Carseldine,9,8,10.0,1.0,0.0
392213,MV Boucher,6,8,6.0,0.0,0.0
392213,NV Ojha,52,38,61.0,3.0,3.0
392213,P Kumar,7,4,9.0,0.0,1.0
392213,R Dravid,0,2,0.0,0.0,0.0
392213,R Vinay Kumar,12,13,14.0,0.0,1.0
392213,RA Jadeja,1,4,1.0,0.0,0.0
392213,RE van der Merwe,15,17,16.0,1.0,0.0
392213,RV Uthappa,17,22,20.0,3.0,0.0
392213,V Kohli,15,22,16.0,1.0,0.0
392213,W Jaffer,8,9,9.0,1.0,0.0
392213,YK Pathan,22,21,24.0,2.0,0.0
392214,DPMD Jayawardene,44,25,51.0,3.0,2.0
392214,JA Morkel,2,2,2.0,0.0,0.0
392214,K Goel,14,21,15.0,1.0,0.0
392214,ML Hayden,89,58,109.0,8.0,6.0
392214,MS Dhoni,56,27,67.0,7.0,2.0
392214,S Badrinath,0,1,0.0,0.0,0.0
392214,S Sohal,2,2,2.0,0.0,0.0
392214,SK Raina,32,21,38.0,4.0,1.0
392214,SM Katich,50,25,61.0,3.0,4.0
392214,Yuvraj Singh,58,38,67.0,5.0,2.0
392215,AB de Villiers,50,38,58.0,6.0,1.0
392215,AM Nayar,18,28,19.0,1.0,0.0
392215,AM Rahane,12,12,14.0,2.0,0.0
392215,DA Warner,21,32,23.0,0.0,1.0
392215,DJ Bravo,35,33,41.0,2.0,2.0
392215,DS Kulkarni,1,4,1.0,0.0,0.0
392215,G Gambhir,19,24,21.0,2.0,0.0
392215,Harbhajan Singh,10,6,12.0,0.0,1.0
392215,JP Duminy,0,4,0.0,0.0,0.0
392215,KD Karthik,5,3,6.0,1.0,0.0
392215,L Ronchi,0,3,0.0,0.0,0.0
392215,PR Shah,11,23,11.0,0.0,0.0
392215,RR Raje,1,2,1.0,0.0,0.0
392215,SR Tendulkar,15,15,17.0,2.0,0.0
392215,TM Dilshan,17,20,19.0,2.0,0.0
392216,A Symonds,60,37,70.0,2.0,4.0
392216,AC Gilchrist,20,17,25.0,3.0,1.0
392216,B Lee,14,10,16.0,0.0,1.0
392216,DPMD Jayawardene,43,29,50.0,1.0,3.0
392216,HH Gibbs,13,13,14.0,1.0,0.0
392216,IK Pathan,10,12,11.0,1.0,0.0
392216,KC Sangakkara,25,19,28.0,1.0,1.0
392216,PP Chawla,8,6,9.0,1.0,0.0
392216,RG Sharma,9,15,10.0,1.0,0.0
392216,S Sohal,30,18,36.0,4.0,1.0
392216,SM Katich,9,11,10.0,1.0,0.0
392216,TL Suman,27,17,32.0,1.0,2.0
392216,WA Mota,3,4,3.0,0.0,0.0
392216,Y Venugopal Rao,32,26,37.0,1.0,2.0
392216,Yuvraj Singh,18,13,21.0,1.0,1.0
392217,AS Raut,7,5,9.0,0.0,1.0
392217,GC Smith,30,33,32.0,2.0,0.0
392217,JDP Oram,1,2,1.0,0.0,0.0
392217,LA Carseldine,9,8,10.0,1.0,0.0
392217,M Vijay,10,13,12.0,0.0,1.0
392217,ML Hayden,48,46,54.0,4.0,1.0
392217,NV Ojha,0,2,0.0,0.0,0.0
392217,RA Jadeja,27,19,32.0,3.0,1.0
392217,S Badrinath,59,43,70.0,9.0,1.0
392217,SA Asnodkar,26,26,31.0,3.0,1.0
392217,SK Raina,13,12,16.0,1.0,1.0
392217,SK Warne,21,11,25.0,2.0,1.0
392217,SM Harwood,6,7,6.0,0.0,0.0
392217,YK Pathan,7,11,9.0,0.0,1.0
392218,A Kumble,7,6,8.0,1.0,0.0
392218,AM Rahane,62,52,68.0,4.0,1.0
392218,JH Kallis,12,10,14.0,2.0,0.0
392218,JP Duminy,59,42,67.0,2.0,3.0
392218,LRPL Taylor,16,16,18.0,0.0,1.0
392218,MV Boucher,48,37,53.0,1.0,2.0
392218,R Dravid,10,13,10.0,0.0,0.0
392218,R Vinay Kumar,7,12,7.0,0.0,0.0
392218,RE van der Merwe,3,5,3.0,0.0,0.0
392218,RV Uthappa,4,5,5.0,1.0,0.0
392218,SR Tendulkar,0,3,0.0,0.0,0.0
392218,ST Jayasuriya,29,30,33.0,4.0,0.0
392218,V Kohli,20,24,24.0,4.0,0.0
392219,AB Agarkar,39,29,46.0,3.0,2.0
392219,AB de Villiers,40,33,45.0,5.0,0.0
392219,BB McCullum,6,4,8.0,0.0,1.0
392219,BJ Hodge,0,3,0.0,0.0,0.0
392219,DA Warner,36,25,43.0,5.0,1.0
392219,G Gambhir,18,25,21.0,3.0,0.0
392219,KD Karthik,17,22,17.0,0.0,0.0
392219,M Kartik,11,10,11.0,0.0,0.0
392219,MC Henriques,2,8,2.0,0.0,0.0
392219,MN van Wyk,0,3,0.0,0.0,0.0
392219,SC Ganguly,44,47,49.0,1.0,2.0
392219,TM Dilshan,1,3,1.0,0.0,0.0
392219,WP Saha,0,1,0.0,0.0,0.0
392219,Yashpal Singh,13,21,15.0,2.0,0.0
392220,A Symonds,30,19,34.0,2.0,1.0
392220,AC Gilchrist,10,12,12.0,0.0,1.0
392220,AS Raut,1,2,1.0,0.0,0.0
392220,DB Ravi Teja,7,3,8.0,1.0,0.0
392220,DR Smith,47,32,55.0,0.0,4.0
392220,GC Smith,1,3,1.0,0.0,0.0
392220,LA Carseldine,8,12,9.0,1.0,0.0
392220,M Morkel,8,9,9.0,1.0,0.0
392220,MM Patel,5,7,5.0,0.0,0.0
392220,NV Ojha,16,14,18.0,2.0,0.0
392220,RA Jadeja,19,20,19.0,0.0,0.0
392220,RG Sharma,9,14,9.0,0.0,0.0
392220,SA Asnodkar,44,40,52.0,6.0,1.0
392220,SK Trivedi,1,5,1.0,0.0,0.0
392220,SK Warne,0,1,0.0,0.0,0.0
392220,TL Suman,29,19,34.0,3.0,1.0
392220,WPUJC Vaas,20,15,22.0,0.0,1.0
392220,Y Venugopal Rao,12,7,14.0,2.0,0.0
392220,YK Pathan,6,7,6.0,0.0,0.0
392221,AD Mathews,16,14,18.0,2.0,0.0
392221,AN Ghosh,7,7,8.0,1.0,0.0
392221,BB McCullum,84,64,98.0,10.0,2.0
392221,DJ Hussey,43,28,50.0,3.0,2.0
392221,JD Ryder,22,20,25.0,3.0,0.0
392221,JH Kallis,32,38,38.0,4.0,1.0
392221,LRPL Taylor,81,33,98.0,7.0,5.0
392221,MV Boucher,13,10,15.0,0.0,1.0
392221,R Dravid,12,13,13.0,1.0,0.0
392221,RV Uthappa,7,10,7.0,0.0,0.0
392221,SC Ganguly,4,6,5.0,1.0,0.0
392221,WP Saha,10,5,12.0,0.0,1.0
392222,AM Rahane,1,5,1.0,0.0,0.0
392222,B Lee,8,12,9.0,1.0,0.0
392222,DJ Bravo,70,62,83.0,7.0,3.0
392222,IK Pathan,0,3,0.0,0.0,0.0
392222,K Goel,20,24,22.0,2.0,0.0
392222,KC Sangakkara,8,20,8.0,0.0,0.0
392222,LA Pomersbach,5,7,5.0,0.0,0.0
392222,S Sohal,43,26,54.0,5.0,3.0
392222,S Sreesanth,1,11,1.0,0.0,0.0
392222,SM Katich,0,2,0.0,0.0,0.0
392222,SR Tendulkar,41,29,47.0,4.0,1.0
392222,ST Jayasuriya,4,8,5.0,1.0,0.0
392222,WA Mota,4,7,4.0,0.0,0.0
392222,Yuvraj Singh,12,18,14.0,2.0,0.0
392223,A Mishra,2,3,2.0,0.0,0.0
392223,A Symonds,41,23,48.0,3.0,2.0
392223,AB de Villiers,44,36,50.0,4.0,1.0
392223,AC Gilchrist,64,35,79.0,5.0,5.0
392223,DA Warner,4,7,4.0,0.0,0.0
392223,DB Ravi Teja,27,35,30.0,3.0,0.0
392223,DR Smith,1,2,1.0,0.0,0.0
392223,G Gambhir,19,26,21.0,0.0,1.0
392223,KD Karthik,44,24,54.0,4.0,3.0
392223,PP Ojha,0,2,0.0,0.0,0.0
392223,R Bhatia,0,1,0.0,0.0,0.0
392223,RG Sharma,6,7,7.0,1.0,0.0
392223,RP Singh,0,1,0.0,0.0,0.0
392223,Shoaib Ahmed,0,1,0.0,0.0,0.0
392223,TL Suman,3,8,3.0,0.0,0.0
392223,TM Dilshan,37,19,46.0,7.0,1.0
392223,V Sehwag,11,10,12.0,1.0,0.0
392223,WPUJC Vaas,10,6,11.0,1.0,0.0
392223,Y Venugopal Rao,1,3,1.0,0.0,0.0
392224,B Akhil,0,2,0.0,0.0,0.0
392224,JA Morkel,9,7,10.0,1.0,0.0
392224,JDP Oram,7,15,7.0,0.0,0.0
392224,JH Kallis,0,2,0.0,0.0,0.0
392224,L Balaji,0,1,0.0,0.0,0.0
392224,LRPL Taylor,46,50,50.0,2.0,1.0
392224,M Muralitharan,4,2,5.0,1.0,0.0
392224,M Vijay,5,9,5.0,0.0,0.0
392224,ML Hayden,60,39,71.0,5.0,3.0
392224,MS Dhoni,18,20,19.0,1.0,0.0
392224,MV Boucher,5,5,6.0,1.0,0.0
392224,P Kumar,12,6,14.0,0.0,1.0
392224,R Dravid,8,8,10.0,2.0,0.0
392224,R Vinay Kumar,6,2,7.0,1.0,0.0
392224,RE van der Merwe,3,7,3.0,0.0,0.0
392224,RV Uthappa,6,4,7.0,1.0,0.0
392224,S Badrinath,2,9,2.0,0.0,0.0
392224,SB Jakati,7,7,8.0,1.0,0.0
392224,SK Raina,13,10,16.0,3.0,0.0
392224,V Kohli,38,35,46.0,4.0,2.0
392225,AM Nayar,35,19,41.0,4.0,1.0
392225,AM Rahane,3,7,3.0,0.0,0.0
392225,C Nanda,0,1,0.0,0.0,0.0
392225,DJ Bravo,1,3,1.0,0.0,0.0
392225,DS Kulkarni,1,5,1.0,0.0,0.0
392225,GC Smith,19,19,22.0,3.0,0.0
392225,Harbhajan Singh,7,9,7.0,0.0,0.0
392225,J Botha,2,3,2.0,0.0,0.0
392225,JP Duminy,4,6,4.0,0.0,0.0
392225,NV Ojha,1,4,1.0,0.0,0.0
392225,RA Jadeja,42,35,48.0,4.0,1.0
392225,RJ Quiney,51,40,60.0,5.0,2.0
392225,SD Chitnis,6,9,7.0,1.0,0.0
392225,SL Malinga,0,1,0.0,0.0,0.0
392225,SR Tendulkar,40,32,46.0,4.0,1.0
392225,ST Jayasuriya,16,22,16.0,0.0,0.0
392225,YK Pathan,17,14,20.0,3.0,0.0
392225,YV Takawale,18,22,20.0,2.0,0.0
392226,A Nehra,1,1,1.0,0.0,0.0
392226,AB de Villiers,11,12,12.0,1.0,0.0
392226,DL Vettori,1,2,1.0,0.0,0.0
392226,G Gambhir,8,11,8.0,0.0,0.0
392226,IK Pathan,21,12,27.0,0.0,3.0
392226,KC Sangakkara,43,48,49.0,6.0,0.0
392226,KD Karthik,32,29,34.0,0.0,1.0
392226,LA Pomersbach,9,8,11.0,2.0,0.0
392226,M Manhas,26,28,28.0,2.0,0.0
392226,MF Maharoof,3,8,3.0,0.0,0.0
392226,PJ Sangwan,5,5,5.0,0.0,0.0
392226,R Bhatia,0,1,0.0,0.0,0.0
392226,S Sohal,3,12,3.0,0.0,0.0
392226,SM Katich,20,10,25.0,3.0,1.0
392226,TM Dilshan,10,20,11.0,1.0,0.0
392226,V Sehwag,9,10,11.0,2.0,0.0
392226,Yuvraj Singh,18,32,19.0,1.0,0.0
392227,AM Nayar,33,27,38.0,1.0,2.0
392227,DJ Bravo,5,8,6.0,1.0,0.0
392227,Harbhajan Singh,1,1,1.0,0.0,0.0
392227,JP Duminy,62,54,70.0,4.0,2.0
392227,ML Hayden,60,61,66.0,4.0,1.0
392227,MS Dhoni,23,23,25.0,2.0,0.0
392227,PA Patel,0,1,0.0,0.0,0.0
392227,S Badrinath,22,23,26.0,2.0,1.0
392227,SK Raina,20,12,26.0,2.0,2.0
392227,SR Tendulkar,11,14,11.0,0.0,0.0
392227,ST Jayasuriya,30,18,37.0,3.0,2.0
392228,A Symonds,18,13,20.0,0.0,1.0
392228,AC Gilchrist,43,32,52.0,5.0,2.0
392228,BB McCullum,20,19,23.0,1.0,1.0
392228,BJ Hodge,48,41,53.0,5.0,0.0
392228,DJ Hussey,43,18,53.0,2.0,4.0
392228,HH Gibbs,28,34,31.0,3.0,0.0
392228,Mashrafe Mortaza,2,2,2.0,0.0,0.0
392228,RG Sharma,32,14,39.0,3.0,2.0
392228,SC Ganguly,33,41,36.0,3.0,0.0
392228,TL Suman,31,24,36.0,3.0,1.0
392228,WP Saha,7,3,9.0,0.0,1.0
392228,Y Venugopal Rao,7,7,7.0,0.0,0.0
392229,A Symonds,25,26,26.0,1.0,0.0
392229,AC Gilchrist,23,13,29.0,4.0,1.0
392229,B Lee,0,6,0.0,0.0,0.0
392229,DB Ravi Teja,10,15,11.0,1.0,0.0
392229,HH Gibbs,26,37,29.0,3.0,0.0
392229,IK Pathan,17,11,19.0,2.0,0.0
392229,KC Sangakkara,56,43,62.0,4.0,1.0
392229,LA Pomersbach,1,2,1.0,0.0,0.0
392229,PP Chawla,1,1,1.0,0.0,0.0
392229,RG Sharma,42,27,51.0,3.0,3.0
392229,RJ Harris,2,2,2.0,0.0,0.0
392229,RP Singh,0,2,0.0,0.0,0.0
392229,S Sohal,9,15,11.0,0.0,1.0
392229,SM Katich,11,11,13.0,2.0,0.0
392229,TL Suman,0,1,0.0,0.0,0.0
392229,WA Mota,12,19,12.0,0.0,0.0
392229,Y Venugopal Rao,0,1,0.0,0.0,0.0
392229,Yuvraj Singh,20,18,24.0,2.0,1.0
392230,A Singh,0,1,0.0,0.0,0.0
392230,AB de Villiers,79,55,89.0,8.0,1.0
392230,AS Raut,11,13,11.0,0.0,0.0
392230,G Gambhir,8,8,9.0,1.0,0.0
392230,GC Smith,0,5,0.0,0.0,0.0
392230,J Botha,37,33,40.0,3.0,0.0
392230,KD Karthik,23,11,26.0,1.0,1.0
392230,MM Patel,23,10,28.0,5.0,0.0
392230,NV Ojha,9,17,10.0,1.0,0.0
392230,RA Jadeja,24,19,27.0,3.0,0.0
392230,RJ Quiney,6,10,7.0,1.0,0.0
392230,SK Trivedi,6,11,6.0,0.0,0.0
392230,SK Warne,6,3,8.0,0.0,1.0
392230,TM Dilshan,33,42,34.0,1.0,0.0
392230,V Sehwag,2,8,2.0,0.0,0.0
392230,YK Pathan,1,5,1.0,0.0,0.0
392231,BB McCullum,81,48,98.0,11.0,3.0
392231,BJ Hodge,71,44,83.0,4.0,4.0
392231,DJ Hussey,3,2,3.0,0.0,0.0
392231,GJ Bailey,30,28,34.0,4.0,0.0
392231,JA Morkel,21,11,26.0,1.0,2.0
392231,MS Dhoni,40,30,46.0,4.0,1.0
392231,PA Patel,25,22,29.0,4.0,0.0
392231,SC Ganguly,4,14,4.0,0.0,0.0
392231,SK Raina,52,38,61.0,3.0,3.0
392231,WP Saha,25,13,29.0,2.0,1.0
392232,AB McDonald,3,4,3.0,0.0,0.0
392232,AB de Villiers,28,29,31.0,3.0,0.0
392232,DL Vettori,4,2,4.0,0.0,0.0
392232,G Gambhir,27,19,32.0,3.0,1.0
392232,JH Kallis,58,56,64.0,2.0,2.0
392232,KD Karthik,31,30,32.0,1.0,0.0
392232,LRPL Taylor,25,12,32.0,1.0,3.0
392232,M Manhas,0,2,0.0,0.0,0.0
392232,MF Maharoof,18,13,18.0,0.0,0.0
392232,MV Boucher,10,9,11.0,1.0,0.0
392232,R Dravid,38,34,42.0,4.0,0.0
392232,RV Uthappa,1,5,1.0,0.0,0.0
392232,V Sehwag,0,2,0.0,0.0,0.0
392232,Y Nagar,20,22,21.0,1.0,0.0
392233,A Singh,1,2,1.0,0.0,0.0
392233,AB Agarkar,13,17,13.0,0.0,0.0
392233,BB McCullum,9,4,11.0,2.0,0.0
392233,BJ Hodge,6,8,7.0,1.0,0.0
392233,DJ Hussey,9,13,11.0,2.0,0.0
392233,J Botha,8,6,10.0,2.0,0.0
392233,LR Shukla,48,47,55.0,3.0,2.0
392233,MM Patel,5,6,5.0,0.0,0.0
392233,NK Patel,14,22,15.0,1.0,0.0
392233,NV Ojha,22,13,28.0,0.0,3.0
392233,RA Jadeja,14,20,15.0,1.0,0.0
392233,RJ Quiney,1,2,1.0,0.0,0.0
392233,SA Asnodkar,4,6,5.0,1.0,0.0
392233,SC Ganguly,0,3,0.0,0.0,0.0
392233,SK Warne,18,29,19.0,1.0,0.0
392233,SS Shaikh,6,7,7.0,1.0,0.0
392233,T Henderson,0,1,0.0,0.0,0.0
392233,YK Pathan,9,16,10.0,1.0,0.0
392233,Yashpal Singh,6,20,6.0,0.0,0.0
392234,B Lee,6,7,7.0,1.0,0.0
392234,GJ Bailey,15,12,18.0,3.0,0.0
392234,IK Pathan,14,12,15.0,1.0,0.0
392234,JDP Oram,17,22,18.0,1.0,0.0
392234,KC Sangakkara,7,9,7.0,0.0,0.0
392234,L Balaji,2,6,2.0,0.0,0.0
392234,LA Pomersbach,26,32,29.0,1.0,1.0
392234,M Muralitharan,1,1,1.0,0.0,0.0
392234,MS Dhoni,2,2,2.0,0.0,0.0
392234,MS Gony,7,5,9.0,0.0,1.0
392234,PA Patel,32,23,38.0,4.0,1.0
392234,PP Chawla,4,5,4.0,0.0,0.0
392234,R Ashwin,8,15,9.0,1.0,0.0
392234,RR Powar,7,5,8.0,1.0,0.0
392234,S Badrinath,4,9,4.0,0.0,0.0
392234,S Sohal,3,10,3.0,0.0,0.0
392234,SK Raina,20,22,22.0,2.0,0.0
392234,SM Katich,8,13,9.0,1.0,0.0
392234,T Thushara,1,5,1.0,0.0,0.0
392234,WA Mota,5,10,5.0,0.0,0.0
392234,Yuvraj Singh,6,20,6.0,0.0,0.0
392235,A Mishra,13,4,16.0,1.0,1.0
392235,AB de Villiers,6,7,7.0,1.0,0.0
392235,AM Nayar,4,4,4.0,0.0,0.0
392235,AM Rahane,56,43,65.0,5.0,2.0
392235,DA Warner,15,9,18.0,1.0,1.0
392235,G Gambhir,47,38,54.0,7.0,0.0
392235,Harbhajan Singh,12,8,14.0,2.0,0.0
392235,JP Duminy,9,6,11.0,2.0,0.0
392235,KD Karthik,0,1,0.0,0.0,0.0
392235,Mohammad Ashraful,2,12,2.0,0.0,0.0
392235,PR Shah,12,11,13.0,1.0,0.0
392235,R Bhatia,2,7,2.0,0.0,0.0
392235,SR Tendulkar,46,44,54.0,8.0,0.0
392235,ST Jayasuriya,0,3,0.0,0.0,0.0
392235,TM Dilshan,24,15,30.0,2.0,2.0
392235,V Sehwag,50,29,59.0,5.0,2.0
392236,A Symonds,18,17,21.0,1.0,1.0
392236,AA Bilakhia,16,8,18.0,2.0,0.0
392236,AC Gilchrist,15,19,17.0,2.0,0.0
392236,HH Gibbs,60,46,71.0,3.0,4.0
392236,JH Kallis,5,7,5.0,0.0,0.0
392236,LRPL Taylor,1,4,1.0,0.0,0.0
392236,MK Pandey,114,74,132.0,10.0,4.0
392236,R Dravid,6,9,6.0,0.0,0.0
392236,RE van der Merwe,23,18,28.0,3.0,1.0
392236,RG Sharma,12,12,13.0,1.0,0.0
392236,RJ Harris,4,3,4.0,0.0,0.0
392236,TL Suman,12,12,13.0,1.0,0.0
392236,V Kohli,19,9,23.0,0.0,2.0
392236,Y Venugopal Rao,8,9,8.0,0.0,0.0
392237,A Mishra,0,1,0.0,0.0,0.0
392237,A Symonds,24,15,28.0,2.0,1.0
392237,AA Bilakhia,10,21,10.0,0.0,0.0
392237,AB de Villiers,26,21,30.0,0.0,2.0
392237,AC Gilchrist,85,36,105.0,10.0,5.0
392237,DA Warner,0,1,0.0,0.0,0.0
392237,G Gambhir,0,5,0.0,0.0,0.0
392237,HH Gibbs,0,3,0.0,0.0,0.0
392237,KD Karthik,9,9,11.0,0.0,1.0
392237,PJ Sangwan,0,1,0.0,0.0,0.0
392237,R Bhatia,4,2,5.0,1.0,0.0
392237,RG Sharma,5,12,5.0,0.0,0.0
392237,TL Suman,24,25,27.0,3.0,0.0
392237,TM Dilshan,65,53,74.0,7.0,1.0
392237,V Sehwag,39,32,44.0,5.0,0.0
392238,JA Morkel,20,19,23.0,1.0,1.0
392238,JDP Oram,9,7,11.0,0.0,1.0
392238,JH Kallis,9,7,11.0,2.0,0.0
392238,LRPL Taylor,17,12,21.0,0.0,2.0
392238,MK Pandey,48,35,55.0,7.0,0.0
392238,ML Hayden,26,19,30.0,2.0,1.0
392238,MS Dhoni,28,30,28.0,0.0,0.0
392238,PA Patel,36,27,43.0,7.0,0.0
392238,R Dravid,44,39,50.0,6.0,0.0
392238,RE van der Merwe,2,5,2.0,0.0,0.0
392238,S Badrinath,1,1,1.0,0.0,0.0
392238,SK Raina,20,20,23.0,1.0,1.0
392238,V Kohli,24,17,29.0,1.0,2.0
392239,A Kumble,1,1,1.0,0.0,0.0
392239,A Symonds,33,21,39.0,4.0,1.0
392239,AA Bilakhia,6,8,6.0,0.0,0.0
392239,AC Gilchrist,0,3,0.0,0.0,0.0
392239,HH Gibbs,53,51,60.0,3.0,2.0
392239,JH Kallis,15,17,18.0,3.0,0.0
392239,LRPL Taylor,27,20,32.0,3.0,1.0
392239,MK Pandey,4,9,4.0,0.0,0.0
392239,MV Boucher,5,6,6.0,1.0,0.0
392239,P Kumar,2,3,2.0,0.0,0.0
392239,R Dravid,9,13,9.0,0.0,0.0
392239,R Vinay Kumar,8,8,9.0,1.0,0.0
392239,RE van der Merwe,32,21,39.0,1.0,3.0
392239,RG Sharma,24,24,27.0,1.0,1.0
392239,RJ Harris,9,5,9.0,0.0,0.0
392239,RV Uthappa,17,15,19.0,0.0,1.0
392239,TL Suman,10,12,11.0,1.0,0.0
392239,V Kohli,7,8,8.0,1.0,0.0
392239,Y Venugopal Rao,0,2,0.0,0.0,0.0
419106,A Symonds,5,9,5.0,0.0,0.0
419106,AC Gilchrist,54,39,63.0,3.0,3.0
419106,AD Mathews,65,49,78.0,5.0,4.0
419106,Anirudh Singh,14,14,15.0,1.0,0.0
419106,BJ Hodge,13,12,16.0,1.0,1.0
419106,CA Pujara,10,16,12.0,2.0,0.0
419106,HH Gibbs,19,24,21.0,2.0,0.0
419106,Jaskaran Singh,4,4,4.0,0.0,0.0
419106,MK Tiwary,0,1,0.0,0.0,0.0
419106,OA Shah,58,46,67.0,3.0,3.0
419106,RG Sharma,13,12,15.0,2.0,0.0
419106,SC Ganguly,0,3,0.0,0.0,0.0
419106,TL Suman,7,10,8.0,1.0,0.0
419106,VVS Laxman,22,14,26.0,2.0,1.0
419106,WPUJC Vaas,0,1,0.0,0.0,0.0
419107,A Uniyal,0,1,0.0,0.0,0.0
419107,AA Jhunjhunwala,14,11,17.0,1.0,1.0
419107,AD Mascarenhas,9,8,9.0,0.0,0.0
419107,AP Tare,23,16,28.0,3.0,1.0
419107,AT Rayudu,55,34,65.0,6.0,2.0
419107,GC Smith,26,22,30.0,4.0,0.0
419107,Harbhajan Singh,8,6,9.0,1.0,0.0
419107,NV Ojha,12,12,14.0,2.0,0.0
419107,P Dogra,41,30,47.0,2.0,2.0
419107,R McLaren,11,5,13.0,2.0,0.0
419107,R Sathish,6,6,7.0,1.0,0.0
419107,SK Warne,1,1,1.0,0.0,0.0
419107,SR Tendulkar,17,13,20.0,3.0,0.0
419107,SS Tiwary,53,34,61.0,4.0,2.0
419107,ST Jayasuriya,23,15,28.0,3.0,1.0
419107,YK Pathan,100,40,125.0,9.0,8.0
419108,AB de Villiers,7,15,7.0,0.0,0.0
419108,DPMD Jayawardene,0,1,0.0,0.0,0.0
419108,G Gambhir,72,54,83.0,9.0,1.0
419108,IK Pathan,21,16,23.0,2.0,0.0
419108,KC Sangakkara,17,9,20.0,1.0,1.0
419108,KD Karthik,20,18,23.0,3.0,0.0
419108,M Kaif,6,6,7.0,1.0,0.0
419108,M Manhas,31,24,33.0,2.0,0.0
419108,MF Maharoof,1,1,1.0,0.0,0.0
419108,MS Bisla,2,6,2.0,0.0,0.0
419108,PP Chawla,5,7,5.0,0.0,0.0
419108,RR Powar,3,7,3.0,0.0,0.0
419108,RS Bopara,56,51,65.0,7.0,1.0
419108,S Sreesanth,15,15,17.0,2.0,0.0
419108,TM Dilshan,0,3,0.0,0.0,0.0
419108,V Sehwag,8,6,10.0,2.0,0.0
419108,YA Abdulla,0,1,0.0,0.0,0.0
419108,Yuvraj Singh,4,6,5.0,1.0,0.0
419109,BJ Hodge,50,47,57.0,7.0,0.0
419109,CA Pujara,5,15,5.0,0.0,0.0
419109,EJG Morgan,10,7,12.0,0.0,1.0
419109,JH Kallis,65,52,74.0,7.0,1.0
419109,MK Pandey,0,8,0.0,0.0,0.0
419109,MK Tiwary,50,30,60.0,6.0,2.0
419109,OA Shah,2,5,2.0,0.0,0.0
419109,P Kumar,3,5,3.0,0.0,0.0
419109,R Dravid,21,16,24.0,3.0,0.0
419109,RE van der Merwe,1,2,1.0,0.0,0.0
419109,RV Uthappa,20,17,21.0,1.0,0.0
419109,SC Ganguly,23,24,26.0,1.0,1.0
419109,SP Goswami,8,10,10.0,2.0,0.0
419109,V Kohli,2,5,2.0,0.0,0.0
419110,A Symonds,50,46,59.0,3.0,3.0
419110,AC Gilchrist,38,20,48.0,4.0,3.0
419110,HH Gibbs,45,39,52.0,5.0,1.0
419110,JA Morkel,42,28,49.0,1.0,3.0
419110,JM Kemp,22,16,25.0,1.0,1.0
419110,L Balaji,15,10,18.0,1.0,1.0
419110,M Muralitharan,1,2,1.0,0.0,0.0
419110,M Vijay,3,6,3.0,0.0,0.0
419110,ML Hayden,17,11,21.0,0.0,2.0
419110,MS Dhoni,42,30,49.0,3.0,2.0
419110,R Ashwin,0,1,0.0,0.0,0.0
419110,RG Sharma,19,10,23.0,2.0,1.0
419110,S Badrinath,5,12,6.0,1.0,0.0
419110,S Tyagi,3,4,3.0,0.0,0.0
419110,SK Raina,6,3,8.0,0.0,1.0
419110,TL Suman,10,5,12.0,2.0,0.0
419110,VVS Laxman,12,11,14.0,2.0,0.0
419111,A Uniyal,4,6,4.0,0.0,0.0
419111,AA Jhunjhunwala,53,48,60.0,5.0,1.0
419111,AB de Villiers,15,26,15.0,0.0,0.0
419111,AD Mascarenhas,3,3,3.0,0.0,0.0
419111,G Gambhir,9,8,10.0,1.0,0.0
419111,GC Smith,18,18,21.0,3.0,0.0
419111,KD Karthik,23,27,25.0,2.0,0.0
419111,M Manhas,11,10,12.0,1.0,0.0
419111,NV Ojha,24,14,30.0,4.0,1.0
419111,P Dogra,29,27,34.0,1.0,2.0
419111,SA Asnodkar,5,4,6.0,1.0,0.0
419111,TM Dilshan,0,1,0.0,0.0,0.0
419111,V Sehwag,75,35,93.0,8.0,5.0
419111,YK Pathan,0,5,0.0,0.0,0.0
419112,DPMD Jayawardene,26,15,31.0,3.0,1.0
419112,IK Pathan,3,1,3.0,0.0,0.0
419112,JH Kallis,89,57,107.0,8.0,5.0
419112,MK Pandey,38,27,46.0,2.0,3.0
419112,MS Bisla,75,55,90.0,7.0,4.0
419112,RS Bopara,77,53,90.0,9.0,2.0
419112,RV Uthappa,51,21,63.0,4.0,4.0
419112,V Kohli,16,13,19.0,1.0,1.0
419112,Yuvraj Singh,9,6,10.0,1.0,0.0
419113,AD Mathews,6,14,6.0,0.0,0.0
419113,BJ Hodge,0,2,0.0,0.0,0.0
419113,I Sharma,6,15,6.0,0.0,0.0
419113,LR Shukla,19,16,22.0,3.0,0.0
419113,M Kartik,21,20,23.0,2.0,0.0
419113,M Vijay,33,27,38.0,5.0,0.0
419113,MK Tiwary,8,3,10.0,2.0,0.0
419113,ML Hayden,1,8,1.0,0.0,0.0
419113,MS Dhoni,66,33,78.0,6.0,3.0
419113,OA Shah,5,4,6.0,1.0,0.0
419113,RS Gavaskar,2,8,2.0,0.0,0.0
419113,S Badrinath,43,33,48.0,3.0,1.0
419113,SC Ganguly,11,22,12.0,1.0,0.0
419113,SE Bond,1,2,1.0,0.0,0.0
419113,SK Raina,18,20,20.0,2.0,0.0
419113,WP Saha,22,13,27.0,5.0,0.0
419114,A Mishra,3,5,3.0,0.0,0.0
419114,AB de Villiers,11,11,13.0,2.0,0.0
419114,AP Tare,17,10,21.0,0.0,2.0
419114,AT Rayudu,34,22,41.0,1.0,3.0
419114,DJ Bravo,9,4,11.0,0.0,1.0
419114,DP Nannes,3,11,3.0,0.0,0.0
419114,KA Pollard,10,8,12.0,2.0,0.0
419114,KD Karthik,16,7,19.0,3.0,0.0
419114,M Manhas,1,3,1.0,0.0,0.0
419114,MF Maharoof,28,18,34.0,2.0,2.0
419114,PJ Sangwan,4,10,4.0,0.0,0.0
419114,S Ladda,0,9,0.0,0.0,0.0
419114,SR Tendulkar,63,33,74.0,11.0,0.0
419114,SS Tiwary,61,39,71.0,4.0,3.0
419114,ST Jayasuriya,7,11,8.0,1.0,0.0
419114,TM Dilshan,17,13,20.0,3.0,0.0
419114,V Sehwag,26,16,30.0,4.0,0.0
419115,AA Jhunjhunwala,5,7,6.0,1.0,0.0
419115,DR Martyn,19,26,20.0,1.0,0.0
419115,JH Kallis,44,41,51.0,7.0,0.0
419115,M Morkel,2,9,2.0,0.0,0.0
419115,MJ Lumb,10,18,11.0,1.0,0.0
419115,MK Pandey,42,30,51.0,7.0,1.0
419115,MM Patel,0,2,0.0,0.0,0.0
419115,NV Ojha,16,20,17.0,1.0,0.0
419115,P Dogra,3,9,3.0,0.0,0.0
419115,S Narwal,0,1,0.0,0.0,0.0
419115,SK Trivedi,0,1,0.0,0.0,0.0
419115,SK Warne,4,7,4.0,0.0,0.0
419115,YK Pathan,26,24,31.0,1.0,2.0
419116,A Mishra,6,3,7.0,1.0,0.0
419116,AB de Villiers,2,3,2.0,0.0,0.0
419116,DA Warner,6,8,7.0,1.0,0.0
419116,JA Morkel,0,3,0.0,0.0,0.0
419116,JM Kemp,4,9,4.0,0.0,0.0
419116,KD Karthik,19,14,21.0,2.0,0.0
419116,M Manhas,32,22,37.0,5.0,0.0
419116,M Vijay,14,6,17.0,1.0,1.0
419116,ML Hayden,93,46,116.0,9.0,7.0
419116,PA Patel,6,7,7.0,1.0,0.0
419116,R Bhatia,21,9,26.0,1.0,2.0
419116,S Badrinath,14,15,17.0,3.0,0.0
419116,SK Raina,49,37,58.0,3.0,3.0
419116,TM Dilshan,15,25,16.0,1.0,0.0
419116,V Sehwag,74,41,90.0,10.0,3.0
419117,A Symonds,53,38,62.0,3.0,3.0
419117,AB Barath,7,10,8.0,1.0,0.0
419117,AC Gilchrist,33,13,41.0,4.0,2.0
419117,Anirudh Singh,0,1,0.0,0.0,0.0
419117,Bipul Sharma,8,6,9.0,1.0,0.0
419117,DPMD Jayawardene,14,9,17.0,3.0,0.0
419117,HH Gibbs,23,23,25.0,2.0,0.0
419117,IK Pathan,60,30,73.0,3.0,5.0
419117,Jaskaran Singh,3,3,3.0,0.0,0.0
419117,KC Sangakkara,0,3,0.0,0.0,0.0
419117,MS Bisla,0,7,0.0,0.0,0.0
419117,PP Chawla,9,13,10.0,1.0,0.0
419117,RG Sharma,1,2,1.0,0.0,0.0
419117,RP Singh,4,2,4.0,0.0,0.0
419117,RS Bopara,38,33,43.0,5.0,0.0
419117,S Sreesanth,12,5,15.0,3.0,0.0
419117,TL Suman,26,22,30.0,2.0,1.0
419117,VVS Laxman,10,7,11.0,1.0,0.0
419117,WPUJC Vaas,16,10,19.0,1.0,1.0
419117,Yuvraj Singh,4,6,5.0,1.0,0.0
419118,AA Jhunjhunwala,45,37,50.0,5.0,0.0
419118,AC Voges,37,22,43.0,2.0,2.0
419118,BJ Hodge,36,34,39.0,3.0,0.0
419118,CA Pujara,29,25,33.0,4.0,0.0
419118,FY Fazal,31,24,37.0,6.0,0.0
419118,MJ Lumb,0,1,0.0,0.0,0.0
419118,MK Tiwary,11,13,13.0,2.0,0.0
419118,MM Patel,4,3,4.0,0.0,0.0
419118,NV Ojha,27,19,32.0,5.0,0.0
419118,OA Shah,19,18,23.0,0.0,2.0
419118,P Dogra,0,1,0.0,0.0,0.0
419118,SC Ganguly,33,29,36.0,3.0,0.0
419118,SK Warne,1,2,1.0,0.0,0.0
419118,WP Saha,1,2,1.0,0.0,0.0
419118,YK Pathan,15,14,17.0,2.0,0.0
419119,AP Tare,9,12,11.0,2.0,0.0
419119,AT Rayudu,3,4,3.0,0.0,0.0
419119,DJ Bravo,1,2,1.0,0.0,0.0
419119,EJG Morgan,7,6,7.0,0.0,0.0
419119,Harbhajan Singh,4,6,4.0,0.0,0.0
419119,JH Kallis,66,55,76.0,10.0,0.0
419119,KA Pollard,21,19,24.0,1.0,1.0
419119,MK Pandey,40,27,47.0,3.0,2.0
419119,R Sathish,24,22,27.0,3.0,0.0
419119,RV Uthappa,23,15,27.0,2.0,1.0
419119,SR Tendulkar,25,23,29.0,4.0,0.0
419119,SS Tiwary,25,21,28.0,3.0,0.0
419119,ST Jayasuriya,2,6,2.0,0.0,0.0
419119,V Kohli,17,12,21.0,0.0,2.0
419119,Z Khan,23,9,28.0,3.0,1.0
419120,A Mishra,0,1,0.0,0.0,0.0
419120,A Symonds,35,24,42.0,3.0,2.0
419120,AB de Villiers,27,26,29.0,2.0,0.0
419120,AC Gilchrist,24,14,30.0,4.0,1.0
419120,DA Warner,57,33,69.0,4.0,4.0
419120,DP Nannes,1,2,1.0,0.0,0.0
419120,HH Gibbs,31,26,37.0,2.0,2.0
419120,KD Karthik,46,27,54.0,4.0,2.0
419120,M Manhas,8,8,9.0,1.0,0.0
419120,MC Henriques,11,5,13.0,2.0,0.0
419120,MD Mishra,1,4,1.0,0.0,0.0
419120,RG Sharma,45,30,54.0,3.0,3.0
419120,S Ladda,0,1,0.0,0.0,0.0
419120,TL Suman,29,19,34.0,3.0,1.0
419120,UT Yadav,3,4,3.0,0.0,0.0
419120,V Sehwag,3,7,3.0,0.0,0.0
419120,WPUJC Vaas,3,2,3.0,0.0,0.0
419120,Y Nagar,1,7,1.0,0.0,0.0
419120,Y Venugopal Rao,1,2,1.0,0.0,0.0
419121,DPMD Jayawardene,9,7,11.0,0.0,1.0
419121,IK Pathan,39,32,46.0,5.0,1.0
419121,J Theron,0,2,0.0,0.0,0.0
419121,JA Morkel,13,13,14.0,1.0,0.0
419121,KC Sangakkara,15,16,17.0,2.0,0.0
419121,M Kaif,14,17,14.0,0.0,0.0
419121,M Vijay,0,4,0.0,0.0,0.0
419121,ML Hayden,33,26,41.0,4.0,2.0
419121,MS Bisla,7,9,8.0,1.0,0.0
419121,MS Gony,2,7,2.0,0.0,0.0
419121,PA Patel,57,60,65.0,4.0,2.0
419121,PP Chawla,8,4,10.0,2.0,0.0
419121,R Ashwin,2,5,2.0,0.0,0.0
419121,RR Powar,2,1,2.0,0.0,0.0
419121,RS Bopara,1,8,1.0,0.0,0.0
419121,S Badrinath,2,2,2.0,0.0,0.0
419121,SK Raina,23,16,27.0,0.0,2.0
419121,Yuvraj Singh,47,30,56.0,5.0,2.0
419122,AD Mathews,3,3,3.0,0.0,0.0
419122,CH Gayle,75,65,86.0,7.0,2.0
419122,KA Pollard,7,7,8.0,1.0,0.0
419122,OA Shah,31,23,34.0,3.0,0.0
419122,R Sathish,21,11,24.0,3.0,0.0
419122,S Dhawan,23,21,27.0,4.0,0.0
419122,SC Ganguly,31,35,36.0,5.0,0.0
419122,SR Tendulkar,71,52,81.0,10.0,0.0
419122,SS Tiwary,30,24,35.0,3.0,1.0
419123,EJG Morgan,1,4,1.0,0.0,0.0
419123,GJ Bailey,18,27,20.0,2.0,0.0
419123,JA Morkel,19,20,22.0,1.0,1.0
419123,JH Kallis,19,17,23.0,4.0,0.0
419123,L Balaji,0,2,0.0,0.0,0.0
419123,M Vijay,3,7,3.0,0.0,0.0
419123,MK Pandey,20,30,22.0,2.0,0.0
419123,ML Hayden,32,32,37.0,5.0,0.0
419123,MV Boucher,11,7,13.0,0.0,1.0
419123,PA Patel,1,3,1.0,0.0,0.0
419123,R Ashwin,11,10,12.0,1.0,0.0
419123,R Dravid,14,12,17.0,3.0,0.0
419123,RV Uthappa,68,38,83.0,3.0,6.0
419123,S Badrinath,31,17,38.0,5.0,1.0
419123,SK Raina,9,8,11.0,0.0,1.0
419123,V Kohli,24,16,28.0,2.0,1.0
419124,AC Voges,45,24,52.0,5.0,1.0
419124,DPMD Jayawardene,23,22,25.0,0.0,1.0
419124,FY Fazal,45,40,52.0,5.0,1.0
419124,IK Pathan,1,1,1.0,0.0,0.0
419124,J Theron,2,4,2.0,0.0,0.0
419124,KC Sangakkara,29,14,35.0,6.0,0.0
419124,M Kaif,8,8,9.0,1.0,0.0
419124,MJ Lumb,41,30,48.0,7.0,0.0
419124,MS Bisla,35,19,43.0,4.0,2.0
419124,NV Ojha,13,10,16.0,3.0,0.0
419124,P Dogra,1,1,1.0,0.0,0.0
419124,PP Chawla,8,8,9.0,1.0,0.0
419124,RS Bopara,25,26,26.0,1.0,0.0
419124,S Sreesanth,0,2,0.0,0.0,0.0
419124,SJ Srivastava,0,1,0.0,0.0,0.0
419124,YK Pathan,28,22,31.0,1.0,1.0
419124,Yuvraj Singh,15,14,17.0,0.0,1.0
419125,DJ Bravo,11,7,13.0,0.0,1.0
419125,KA Pollard,20,9,25.0,3.0,1.0
419125,ML Hayden,20,15,24.0,4.0,0.0
419125,PA Patel,8,13,9.0,1.0,0.0
419125,R McLaren,1,1,1.0,0.0,0.0
419125,R Sathish,5,9,5.0,0.0,0.0
419125,S Badrinath,55,49,61.0,6.0,0.0
419125,S Dhawan,56,37,67.0,5.0,3.0
419125,SK Raina,83,53,96.0,7.0,3.0
419125,SR Tendulkar,72,54,82.0,8.0,1.0
419125,SS Tiwary,2,3,2.0,0.0,0.0
419126,A Symonds,22,15,25.0,3.0,0.0
419126,AC Gilchrist,1,3,1.0,0.0,0.0
419126,FY Fazal,8,12,9.0,1.0,0.0
419126,HH Gibbs,25,16,31.0,2.0,2.0
419126,MJ Lumb,45,33,52.0,7.0,0.0
419126,NV Ojha,14,17,17.0,1.0,1.0
419126,R Sharma,10,5,12.0,0.0,1.0
419126,RG Sharma,49,37,57.0,2.0,3.0
419126,RP Singh,1,4,1.0,0.0,0.0
419126,TL Suman,9,16,9.0,0.0,0.0
419126,VVS Laxman,10,12,11.0,1.0,0.0
419126,WPUJC Vaas,8,13,8.0,0.0,0.0
419126,Y Venugopal Rao,2,6,2.0,0.0,0.0
419126,YK Pathan,73,35,91.0,2.0,8.0
419127,AD Mathews,19,13,21.0,2.0,0.0
419127,B Lee,7,6,8.0,1.0,0.0
419127,CH Gayle,14,13,17.0,3.0,0.0
419127,DJ Hussey,3,5,3.0,0.0,0.0
419127,DPMD Jayawardene,16,15,17.0,1.0,0.0
419127,IK Pathan,22,14,25.0,1.0,1.0
419127,K Goel,17,17,20.0,1.0,1.0
419127,KC Sangakkara,30,27,33.0,3.0,0.0
419127,MK Tiwary,75,50,87.0,8.0,2.0
419127,MS Bisla,22,28,25.0,3.0,0.0
419127,Mandeep Singh,4,7,5.0,1.0,0.0
419127,RS Bopara,0,2,0.0,0.0,0.0
419127,SC Ganguly,50,42,58.0,6.0,1.0
419127,Yuvraj Singh,24,16,29.0,3.0,1.0
419128,A Kumble,1,1,1.0,0.0,0.0
419128,AB McDonald,18,14,21.0,1.0,1.0
419128,AB de Villiers,45,35,48.0,3.0,0.0
419128,DA Warner,33,15,40.0,3.0,2.0
419128,DW Steyn,8,9,9.0,1.0,0.0
419128,EJG Morgan,17,14,19.0,2.0,0.0
419128,JH Kallis,27,31,30.0,3.0,0.0
419128,KD Karthik,17,20,18.0,1.0,0.0
419128,KM Jadhav,50,32,59.0,5.0,2.0
419128,MK Pandey,39,29,45.0,4.0,1.0
419128,MV Boucher,2,3,2.0,0.0,0.0
419128,P Kumar,0,1,0.0,0.0,0.0
419128,R Dravid,1,1,1.0,0.0,0.0
419128,R Vinay Kumar,2,3,2.0,0.0,0.0
419128,RV Uthappa,15,10,18.0,1.0,1.0
419128,V Kohli,38,23,44.0,4.0,1.0
419128,V Sehwag,12,11,14.0,2.0,0.0
419129,AA Jhunjhunwala,11,6,13.0,2.0,0.0
419129,AC Voges,20,19,21.0,1.0,0.0
419129,FY Fazal,17,18,18.0,1.0,0.0
419129,JA Morkel,28,12,35.0,1.0,3.0
419129,KB Arun Karthik,3,5,3.0,0.0,0.0
419129,M Vijay,42,28,50.0,4.0,2.0
419129,MJ Lumb,30,17,37.0,3.0,2.0
419129,ML Hayden,19,14,22.0,1.0,1.0
419129,MS Dhoni,21,21,23.0,2.0,0.0
419129,NV Ojha,80,50,96.0,6.0,5.0
419129,P Dogra,5,3,6.0,1.0,0.0
419129,S Badrinath,25,27,27.0,2.0,0.0
419129,S Narwal,2,2,2.0,0.0,0.0
419129,SK Raina,14,13,15.0,1.0,0.0
419129,SW Tait,1,1,1.0,0.0,0.0
419129,T Thushara,2,3,2.0,0.0,0.0
419129,YK Pathan,8,6,9.0,1.0,0.0
419130,A Symonds,1,7,1.0,0.0,0.0
419130,AC Gilchrist,0,2,0.0,0.0,0.0
419130,AT Rayudu,6,8,6.0,0.0,0.0
419130,DJ Bravo,23,16,28.0,3.0,1.0
419130,HH Gibbs,27,16,34.0,3.0,2.0
419130,Harbhajan Singh,49,18,61.0,8.0,2.0
419130,Jaskaran Singh,1,2,1.0,0.0,0.0
419130,KA Pollard,1,5,1.0,0.0,0.0
419130,KAJ Roach,10,9,11.0,1.0,0.0
419130,MD Mishra,13,13,16.0,1.0,1.0
419130,R McLaren,13,16,14.0,1.0,0.0
419130,R Sathish,3,5,3.0,0.0,0.0
419130,RG Sharma,45,30,52.0,3.0,2.0
419130,RP Singh,1,5,1.0,0.0,0.0
419130,S Dhawan,8,13,10.0,2.0,0.0
419130,SR Tendulkar,55,45,64.0,9.0,0.0
419130,SS Tiwary,4,3,5.0,1.0,0.0
419130,TL Suman,15,17,17.0,0.0,1.0
419130,Y Venugopal Rao,7,9,8.0,1.0,0.0
419131,AB Agarkar,17,13,18.0,1.0,0.0
419131,AD Mathews,24,20,27.0,3.0,0.0
419131,CH Gayle,30,22,36.0,2.0,2.0
419131,CK Langeveldt,0,1,0.0,0.0,0.0
419131,DA Warner,107,72,126.0,9.0,5.0
419131,DJ Hussey,29,33,33.0,2.0,1.0
419131,G Gambhir,1,2,1.0,0.0,0.0
419131,KD Karthik,0,1,0.0,0.0,0.0
419131,KM Jadhav,4,1,5.0,1.0,0.0
419131,M Kartik,1,2,1.0,0.0,0.0
419131,MK Tiwary,0,3,0.0,0.0,0.0
419131,Mandeep Singh,0,4,0.0,0.0,0.0
419131,PD Collingwood,53,45,60.0,3.0,2.0
419131,SC Ganguly,5,11,6.0,1.0,0.0
419131,V Sehwag,8,3,10.0,2.0,0.0
419131,WP Saha,20,17,22.0,2.0,0.0
419132,AT Rayudu,9,14,10.0,1.0,0.0
419132,B Lee,3,4,3.0,0.0,0.0
419132,DJ Bravo,8,4,10.0,0.0,1.0
419132,DPMD Jayawardene,20,20,22.0,2.0,0.0
419132,Harbhajan Singh,1,1,1.0,0.0,0.0
419132,IK Pathan,18,14,19.0,1.0,0.0
419132,K Goel,1,3,1.0,0.0,0.0
419132,KA Pollard,20,14,24.0,2.0,1.0
419132,MS Bisla,11,10,12.0,1.0,0.0
419132,PP Chawla,22,15,25.0,3.0,0.0
419132,R Sathish,17,10,19.0,2.0,0.0
419132,RS Bopara,1,4,1.0,0.0,0.0
419132,S Dhawan,50,40,56.0,6.0,0.0
419132,SE Marsh,57,48,65.0,6.0,1.0
419132,SJ Srivastava,1,1,1.0,0.0,0.0
419132,SR Tendulkar,11,17,13.0,2.0,0.0
419132,SS Tiwary,31,24,36.0,1.0,2.0
419132,VS Malik,6,5,7.0,1.0,0.0
419132,Yuvraj Singh,2,3,2.0,0.0,0.0
419133,CL White,21,13,25.0,2.0,1.0
419133,JA Morkel,1,3,1.0,0.0,0.0
419133,JH Kallis,52,52,59.0,7.0,0.0
419133,KP Pietersen,23,14,27.0,2.0,1.0
419133,M Vijay,78,39,94.0,4.0,6.0
419133,MK Pandey,5,7,6.0,1.0,0.0
419133,ML Hayden,12,14,14.0,0.0,1.0
419133,MS Dhoni,14,20,15.0,1.0,0.0
419133,RV Uthappa,21,14,26.0,1.0,2.0
419133,S Badrinath,7,6,8.0,1.0,0.0
419133,SK Raina,40,35,45.0,3.0,1.0
419133,V Kohli,34,24,39.0,3.0,1.0
419134,AA Jhunjhunwala,2,6,2.0,0.0,0.0
419134,AB McDonald,14,9,16.0,2.0,0.0
419134,AC Voges,15,17,16.0,1.0,0.0
419134,DA Warner,4,8,4.0,0.0,0.0
419134,FY Fazal,0,2,0.0,0.0,0.0
419134,G Gambhir,43,39,46.0,3.0,0.0
419134,KD Karthik,69,38,83.0,6.0,4.0
419134,KM Jadhav,10,9,11.0,1.0,0.0
419134,MJ Lumb,0,2,0.0,0.0,0.0
419134,NV Ojha,27,14,33.0,4.0,1.0
419134,P Dogra,20,25,22.0,0.0,1.0
419134,PD Collingwood,16,8,20.0,2.0,1.0
419134,S Narwal,12,10,14.0,2.0,0.0
419134,SK Trivedi,7,5,9.0,0.0,1.0
419134,SK Warne,0,2,0.0,0.0,0.0
419134,SW Tait,11,12,13.0,0.0,1.0
419134,V Sehwag,19,13,24.0,3.0,1.0
419134,YK Pathan,24,14,30.0,2.0,2.0
419135,A Symonds,45,39,50.0,5.0,0.0
419135,AB Agarkar,8,5,9.0,1.0,0.0
419135,AC Gilchrist,9,5,11.0,2.0,0.0
419135,AD Mathews,4,4,4.0,0.0,0.0
419135,CA Pujara,17,14,20.0,3.0,0.0
419135,CH Gayle,4,7,5.0,1.0,0.0
419135,DJ Hussey,31,28,36.0,1.0,2.0
419135,HH Gibbs,50,48,57.0,5.0,1.0
419135,MD Mishra,29,16,35.0,6.0,0.0
419135,MK Tiwary,5,7,5.0,0.0,0.0
419135,RG Sharma,2,6,2.0,0.0,0.0
419135,SC Ganguly,88,57,107.0,9.0,5.0
419135,TL Suman,15,11,17.0,0.0,1.0
419135,WP Saha,10,4,12.0,2.0,0.0
419136,B Lee,1,1,1.0,0.0,0.0
419136,CL White,6,3,7.0,1.0,0.0
419136,IK Pathan,16,6,20.0,2.0,1.0
419136,JH Kallis,9,10,10.0,1.0,0.0
419136,KC Sangakkara,45,27,53.0,8.0,0.0
419136,KP Pietersen,66,45,75.0,7.0,1.0
419136,MK Pandey,29,25,32.0,3.0,0.0
419136,MS Bisla,28,27,32.0,4.0,0.0
419136,RS Bopara,42,34,45.0,3.0,0.0
419136,RV Uthappa,22,9,27.0,1.0,2.0
419136,SE Marsh,2,9,2.0,0.0,0.0
419136,V Kohli,42,26,48.0,4.0,1.0
419136,Yuvraj Singh,36,20,43.0,3.0,2.0
419137,AA Jhunjhunwala,7,4,9.0,0.0,1.0
419137,AS Raut,2,4,2.0,0.0,0.0
419137,FY Fazal,4,6,4.0,0.0,0.0
419137,JA Morkel,62,34,75.0,3.0,5.0
419137,M Vijay,127,57,157.0,8.0,11.0
419137,MJ Lumb,37,26,45.0,6.0,1.0
419137,ML Hayden,34,21,41.0,5.0,1.0
419137,MS Dhoni,0,1,0.0,0.0,0.0
419137,NV Ojha,94,57,114.0,8.0,6.0
419137,S Badrinath,4,2,5.0,1.0,0.0
419137,SK Raina,13,7,15.0,2.0,0.0
419137,SR Watson,60,26,75.0,5.0,5.0
419137,YK Pathan,4,2,5.0,1.0,0.0
419138,A Symonds,21,19,23.0,2.0,0.0
419138,AC Gilchrist,19,14,22.0,1.0,1.0
419138,AT Rayudu,55,30,65.0,6.0,2.0
419138,DJ Bravo,2,8,2.0,0.0,0.0
419138,HH Gibbs,17,15,20.0,3.0,0.0
419138,Jaskaran Singh,0,2,0.0,0.0,0.0
419138,KA Pollard,21,10,24.0,3.0,0.0
419138,MD Mishra,5,7,5.0,0.0,0.0
419138,PP Ojha,2,2,2.0,0.0,0.0
419138,R Sharma,5,7,6.0,1.0,0.0
419138,RG Sharma,11,14,11.0,0.0,0.0
419138,RJ Harris,13,10,14.0,1.0,0.0
419138,S Dhawan,14,16,15.0,1.0,0.0
419138,SR Tendulkar,35,25,40.0,5.0,0.0
419138,SS Tiwary,44,35,51.0,1.0,3.0
419138,TL Suman,11,17,11.0,0.0,0.0
419138,VVS Laxman,4,7,4.0,0.0,0.0
419139,AD Mathews,17,13,19.0,2.0,0.0
419139,CH Gayle,88,44,110.0,6.0,8.0
419139,DJ Hussey,11,5,14.0,1.0,1.0
419139,DPMD Jayawardene,110,61,130.0,14.0,3.0
419139,KC Sangakkara,38,22,44.0,2.0,2.0
419139,MK Tiwary,35,32,37.0,2.0,0.0
419139,MS Bisla,18,13,21.0,3.0,0.0
419139,SC Ganguly,36,33,43.0,5.0,1.0
419139,Yuvraj Singh,33,16,41.0,2.0,3.0
419140,A Kumble,1,1,1.0,0.0,0.0
419140,A Mithun,5,4,6.0,1.0,0.0
419140,CL White,4,11,4.0,0.0,0.0
419140,DA Warner,33,22,40.0,3.0,2.0
419140,DL Vettori,19,17,21.0,2.0,0.0
419140,G Gambhir,1,1,1.0,0.0,0.0
419140,JH Kallis,54,42,61.0,5.0,1.0
419140,KD Karthik,6,4,7.0,1.0,0.0
419140,KM Jadhav,7,10,7.0,0.0,0.0
419140,KP Appanna,1,2,1.0,0.0,0.0
419140,KP Pietersen,16,19,18.0,0.0,1.0
419140,LRPL Taylor,22,10,28.0,0.0,3.0
419140,PD Collingwood,75,47,92.0,3.0,7.0
419140,R Dravid,14,9,16.0,2.0,0.0
419140,R Vinay Kumar,3,3,3.0,0.0,0.0
419140,RV Uthappa,12,9,14.0,0.0,1.0
419140,V Kohli,13,11,14.0,1.0,0.0
419140,V Sehwag,35,22,44.0,5.0,2.0
419141,A Symonds,15,20,17.0,2.0,0.0
419141,AA Bilakhia,2,4,2.0,0.0,0.0
419141,AA Jhunjhunwala,11,8,12.0,1.0,0.0
419141,AC Gilchrist,34,20,43.0,3.0,3.0
419141,AP Dole,4,4,5.0,1.0,0.0
419141,AS Raut,0,3,0.0,0.0,0.0
419141,Anirudh Singh,9,12,10.0,1.0,0.0
419141,DR Smith,4,7,4.0,0.0,0.0
419141,FY Fazal,36,29,40.0,4.0,0.0
419141,M Morkel,7,7,8.0,1.0,0.0
419141,MJ Lumb,15,10,19.0,2.0,1.0
419141,NV Ojha,1,6,1.0,0.0,0.0
419141,RG Sharma,73,44,85.0,8.0,2.0
419141,RJ Harris,1,2,1.0,0.0,0.0
419141,RP Singh,3,6,3.0,0.0,0.0
419141,SK Trivedi,9,7,11.0,2.0,0.0
419141,SK Warne,1,4,1.0,0.0,0.0
419141,SR Watson,58,38,67.0,3.0,3.0
419141,VVS Laxman,6,11,7.0,1.0,0.0
419141,YK Pathan,5,7,5.0,0.0,0.0
419142,AN Ahmed,4,8,4.0,0.0,0.0
419142,AT Rayudu,3,4,3.0,0.0,0.0
419142,DJ Bravo,2,3,2.0,0.0,0.0
419142,Harbhajan Singh,33,24,41.0,2.0,3.0
419142,KA Pollard,5,6,5.0,0.0,0.0
419142,M Vijay,14,19,16.0,2.0,0.0
419142,MEK Hussey,14,15,14.0,0.0,0.0
419142,ML Hayden,35,33,39.0,2.0,1.0
419142,MS Dhoni,31,18,35.0,4.0,0.0
419142,R McLaren,1,3,1.0,0.0,0.0
419142,R Sathish,4,5,4.0,0.0,0.0
419142,S Badrinath,30,22,34.0,4.0,0.0
419142,S Dhawan,16,20,18.0,2.0,0.0
419142,SK Raina,23,21,27.0,2.0,1.0
419142,SR Tendulkar,45,35,51.0,6.0,0.0
419142,SS Tiwary,14,21,15.0,1.0,0.0
419143,Bipul Sharma,1,1,1.0,0.0,0.0
419143,DPMD Jayawardene,44,35,52.0,6.0,1.0
419143,IK Pathan,24,23,25.0,1.0,0.0
419143,KC Sangakkara,9,8,10.0,1.0,0.0
419143,MJ Lumb,83,45,103.0,16.0,2.0
419143,MS Bisla,20,15,24.0,4.0,0.0
419143,NV Ojha,44,38,50.0,4.0,1.0
419143,PP Chawla,10,16,10.0,0.0,0.0
419143,RS Bopara,8,12,8.0,0.0,0.0
419143,YK Pathan,21,14,25.0,0.0,2.0
419143,Yuvraj Singh,28,16,35.0,1.0,3.0
419144,A Mishra,4,6,4.0,0.0,0.0
419144,AD Mathews,46,28,53.0,3.0,2.0
419144,BB McCullum,6,7,6.0,0.0,0.0
419144,CH Gayle,40,22,49.0,5.0,2.0
419144,DA Warner,0,5,0.0,0.0,0.0
419144,DL Vettori,12,7,14.0,2.0,0.0
419144,G Gambhir,47,29,55.0,6.0,1.0
419144,KD Karthik,20,17,22.0,2.0,0.0
419144,KM Jadhav,5,8,5.0,0.0,0.0
419144,MF Maharoof,2,3,2.0,0.0,0.0
419144,MK Tiwary,26,19,29.0,1.0,1.0
419144,PD Collingwood,2,3,2.0,0.0,0.0
419144,R Bhatia,2,3,2.0,0.0,0.0
419144,SC Ganguly,56,50,66.0,8.0,1.0
419144,V Sehwag,64,43,76.0,6.0,3.0
419145,A Symonds,53,25,64.0,5.0,3.0
419145,AC Gilchrist,32,21,39.0,3.0,2.0
419145,CL White,13,3,17.0,0.0,2.0
419145,JH Kallis,68,49,79.0,9.0,1.0
419145,LRPL Taylor,1,2,1.0,0.0,0.0
419145,MD Mishra,9,11,11.0,2.0,0.0
419145,MK Pandey,1,8,1.0,0.0,0.0
419145,R Dravid,26,26,30.0,2.0,1.0
419145,RG Sharma,6,5,7.0,1.0,0.0
419145,RV Uthappa,2,5,2.0,0.0,0.0
419145,TL Suman,78,59,90.0,6.0,3.0
419145,V Kohli,58,37,70.0,4.0,4.0
419146,AB Barath,33,28,39.0,4.0,1.0
419146,AT Rayudu,33,18,40.0,7.0,0.0
419146,DPMD Jayawardene,31,18,38.0,7.0,0.0
419146,Harbhajan Singh,9,7,10.0,1.0,0.0
419146,IK Pathan,15,6,18.0,1.0,1.0
419146,JP Duminy,35,29,40.0,1.0,2.0
419146,KA Pollard,18,14,20.0,2.0,0.0
419146,KC Sangakkara,56,42,64.0,6.0,1.0
419146,R McLaren,0,1,0.0,0.0,0.0
419146,R Sathish,20,17,21.0,1.0,0.0
419146,RS Sodhi,4,2,5.0,1.0,0.0
419146,S Dhawan,2,4,2.0,0.0,0.0
419146,SR Tendulkar,29,25,32.0,3.0,0.0
419146,SS Tiwary,4,5,4.0,0.0,0.0
419146,Yuvraj Singh,15,23,16.0,1.0,0.0
419146,Z Khan,0,1,0.0,0.0,0.0
419147,A Symonds,27,25,32.0,1.0,2.0
419147,AC Gilchrist,7,10,8.0,1.0,0.0
419147,DE Bollinger,2,3,2.0,0.0,0.0
419147,DR Smith,13,8,15.0,0.0,1.0
419147,M Vijay,23,14,26.0,1.0,1.0
419147,MD Mishra,21,19,25.0,2.0,1.0
419147,MEK Hussey,8,11,8.0,0.0,0.0
419147,ML Hayden,19,19,22.0,3.0,0.0
419147,MS Dhoni,7,13,7.0,0.0,0.0
419147,R Ashwin,5,6,5.0,0.0,0.0
419147,RG Sharma,8,15,8.0,0.0,0.0
419147,S Badrinath,6,6,7.0,1.0,0.0
419147,SK Raina,52,43,60.0,4.0,2.0
419147,T Thushara,8,8,8.0,0.0,0.0
419147,TL Suman,55,44,63.0,4.0,2.0
419148,AB Agarkar,6,7,6.0,0.0,0.0
419148,AB Dinda,0,1,0.0,0.0,0.0
419148,AD Mathews,1,2,1.0,0.0,0.0
419148,BAW Mendis,1,1,1.0,0.0,0.0
419148,BB McCullum,45,38,54.0,5.0,2.0
419148,CA Pujara,16,9,20.0,0.0,2.0
419148,CH Gayle,34,17,42.0,6.0,1.0
419148,I Sharma,0,2,0.0,0.0,0.0
419148,JH Kallis,8,11,8.0,0.0,0.0
419148,LRPL Taylor,14,6,17.0,1.0,1.0
419148,MK Tiwary,0,2,0.0,0.0,0.0
419148,R Dravid,52,35,61.0,5.0,2.0
419148,RV Uthappa,50,23,62.0,4.0,4.0
419148,S Sriram,27,31,30.0,3.0,0.0
419148,SC Ganguly,33,32,39.0,2.0,2.0
419148,WP Saha,13,15,15.0,0.0,1.0
419149,A Mishra,10,12,10.0,0.0,0.0
419149,A Nehra,1,4,1.0,0.0,0.0
419149,AB Barath,2,5,2.0,0.0,0.0
419149,DA Warner,6,11,7.0,1.0,0.0
419149,DL Vettori,2,4,2.0,0.0,0.0
419149,DPMD Jayawardene,38,35,44.0,4.0,1.0
419149,G Gambhir,26,15,31.0,5.0,0.0
419149,IK Pathan,12,17,13.0,1.0,0.0
419149,KC Sangakkara,33,31,37.0,4.0,0.0
419149,KD Karthik,17,36,18.0,1.0,0.0
419149,M Manhas,26,28,27.0,1.0,0.0
419149,MF Maharoof,0,2,0.0,0.0,0.0
419149,PD Collingwood,4,8,4.0,0.0,0.0
419149,R Bhatia,1,5,1.0,0.0,0.0
419149,V Sehwag,0,1,0.0,0.0,0.0
419149,Yuvraj Singh,21,25,25.0,2.0,1.0
419150,AA Jhunjhunwala,22,23,24.0,0.0,1.0
419150,AC Voges,28,27,30.0,2.0,0.0
419150,AP Dole,30,19,34.0,2.0,1.0
419150,AS Raut,20,17,24.0,0.0,2.0
419150,AT Rayudu,0,3,0.0,0.0,0.0
419150,FY Fazal,10,16,11.0,1.0,0.0
419150,JP Duminy,31,33,35.0,4.0,0.0
419150,KA Pollard,25,14,30.0,3.0,1.0
419150,MJ Lumb,8,6,10.0,2.0,0.0
419150,NV Ojha,0,5,0.0,0.0,0.0
419150,R Sathish,1,2,1.0,0.0,0.0
419150,SR Tendulkar,89,62,103.0,10.0,2.0
419150,SR Watson,1,2,1.0,0.0,0.0
419150,SS Tiwary,15,11,18.0,3.0,0.0
419150,ST Jayasuriya,1,3,1.0,0.0,0.0
419150,YK Pathan,10,8,12.0,0.0,1.0
419151,A Kumble,2,4,2.0,0.0,0.0
419151,A Symonds,19,21,21.0,2.0,0.0
419151,AC Gilchrist,0,1,0.0,0.0,0.0
419151,B Sumanth,6,4,6.0,0.0,0.0
419151,CL White,4,3,4.0,0.0,0.0
419151,DW Steyn,0,1,0.0,0.0,0.0
419151,HH Gibbs,12,10,15.0,1.0,1.0
419151,JH Kallis,27,40,28.0,1.0,0.0
419151,KP Appanna,1,1,1.0,0.0,0.0
419151,LRPL Taylor,1,5,1.0,0.0,0.0
419151,MD Mishra,41,31,48.0,1.0,3.0
419151,MK Pandey,0,1,0.0,0.0,0.0
419151,R Dravid,49,36,57.0,8.0,0.0
419151,R Vinay Kumar,4,8,4.0,0.0,0.0
419151,RG Sharma,51,47,58.0,7.0,0.0
419151,RJ Harris,13,9,15.0,0.0,1.0
419151,RV Uthappa,34,22,40.0,0.0,3.0
419151,TL Suman,0,1,0.0,0.0,0.0
419151,V Kohli,3,4,3.0,0.0,0.0
419152,A Mishra,12,17,12.0,0.0,0.0
419152,AB McDonald,33,31,35.0,0.0,1.0
419152,AB de Villiers,4,7,4.0,0.0,0.0
419152,AT Rayudu,24,21,26.0,2.0,0.0
419152,C Madan,15,21,18.0,3.0,0.0
419152,DA Warner,31,15,38.0,5.0,1.0
419152,G Gambhir,17,9,20.0,3.0,0.0
419152,JP Duminy,21,15,24.0,3.0,0.0
419152,KA Pollard,45,13,57.0,2.0,5.0
419152,KD Karthik,11,14,11.0,0.0,0.0
419152,PD Collingwood,2,5,2.0,0.0,0.0
419152,PJ Sangwan,6,5,6.0,0.0,0.0
419152,SR Tendulkar,30,27,33.0,3.0,0.0
419152,SS Tiwary,38,28,43.0,1.0,2.0
419152,V Sehwag,20,19,23.0,3.0,0.0
419153,AB Agarkar,9,5,11.0,2.0,0.0
419153,AD Mathews,48,51,55.0,3.0,2.0
419153,BB McCullum,0,4,0.0,0.0,0.0
419153,CH Gayle,7,4,9.0,0.0,1.0
419153,DJ Hussey,0,4,0.0,0.0,0.0
419153,Iqbal Abdulla,0,1,0.0,0.0,0.0
419153,LR Shukla,17,11,21.0,0.0,2.0
419153,M Vijay,50,43,58.0,4.0,2.0
419153,MK Tiwary,27,32,29.0,2.0,0.0
419153,ML Hayden,0,2,0.0,0.0,0.0
419153,SC Ganguly,10,12,12.0,2.0,0.0
419153,SK Raina,78,41,95.0,11.0,3.0
419153,WP Saha,1,2,1.0,0.0,0.0
419154,AA Jhunjhunwala,13,22,14.0,1.0,0.0
419154,AC Voges,28,27,31.0,3.0,0.0
419154,AG Paunikar,0,1,0.0,0.0,0.0
419154,AS Raut,32,20,37.0,3.0,1.0
419154,JH Kallis,0,3,0.0,0.0,0.0
419154,KP Pietersen,62,29,76.0,10.0,2.0
419154,LRPL Taylor,10,11,12.0,0.0,1.0
419154,MJ Lumb,9,8,10.0,1.0,0.0
419154,MK Pandey,14,13,17.0,3.0,0.0
419154,NV Ojha,7,10,8.0,1.0,0.0
419154,R Dravid,5,4,6.0,1.0,0.0
419154,RV Uthappa,26,21,30.0,2.0,1.0
419154,SR Watson,22,25,25.0,3.0,0.0
419154,V Kohli,14,13,16.0,2.0,0.0
419154,YK Pathan,11,10,13.0,2.0,0.0
419155,DA Warner,0,2,0.0,0.0,0.0
419155,DE Bollinger,16,14,19.0,1.0,1.0
419155,G Gambhir,57,57,62.0,5.0,0.0
419155,JA Morkel,1,4,1.0,0.0,0.0
419155,KD Karthik,13,17,14.0,1.0,0.0
419155,L Balaji,3,8,3.0,0.0,0.0
419155,M Manhas,25,34,27.0,2.0,0.0
419155,M Vijay,17,12,20.0,3.0,0.0
419155,MEK Hussey,15,18,17.0,2.0,0.0
419155,ML Hayden,1,5,1.0,0.0,0.0
419155,MS Dhoni,0,2,0.0,0.0,0.0
419155,R Ashwin,6,13,6.0,0.0,0.0
419155,S Badrinath,30,30,32.0,2.0,0.0
419155,SK Raina,15,20,17.0,2.0,0.0
419155,TM Dilshan,1,2,1.0,0.0,0.0
419155,V Sehwag,4,4,4.0,0.0,0.0
419156,A Symonds,4,7,4.0,0.0,0.0
419156,AC Gilchrist,9,5,11.0,2.0,0.0
419156,B Sumanth,6,3,7.0,1.0,0.0
419156,DPMD Jayawardene,93,65,110.0,13.0,2.0
419156,IK Pathan,1,1,1.0,0.0,0.0
419156,KC Sangakkara,52,37,63.0,9.0,1.0
419156,MD Mishra,20,23,24.0,4.0,0.0
419156,MR Marsh,15,12,18.0,1.0,1.0
419156,RG Sharma,68,39,80.0,6.0,3.0
419156,SE Marsh,0,1,0.0,0.0,0.0
419156,TL Suman,43,33,52.0,3.0,3.0
419156,Yuvraj Singh,20,21,23.0,1.0,1.0
419157,A Kumble,1,3,1.0,0.0,0.0
419157,AM Nayar,9,7,10.0,1.0,0.0
419157,AT Rayudu,46,29,57.0,3.0,4.0
419157,DW Steyn,0,2,0.0,0.0,0.0
419157,JH Kallis,14,15,16.0,0.0,1.0
419157,JP Duminy,42,19,51.0,3.0,3.0
419157,KA Pollard,20,9,26.0,0.0,3.0
419157,KP Pietersen,21,16,24.0,1.0,1.0
419157,LRPL Taylor,9,11,9.0,0.0,0.0
419157,MK Pandey,16,18,18.0,2.0,0.0
419157,Pankaj Singh,1,2,1.0,0.0,0.0
419157,R Dravid,16,11,18.0,2.0,0.0
419157,R McLaren,40,43,44.0,4.0,0.0
419157,R Vinay Kumar,10,13,11.0,1.0,0.0
419157,RV Uthappa,4,7,4.0,0.0,0.0
419157,SR Tendulkar,19,19,22.0,3.0,0.0
419157,V Kohli,37,24,43.0,4.0,1.0
419158,AC Voges,8,7,9.0,1.0,0.0
419158,AJ Finch,21,21,23.0,0.0,1.0
419158,AS Raut,2,4,2.0,0.0,0.0
419158,BB McCullum,6,7,7.0,1.0,0.0
419158,CA Pujara,45,40,52.0,5.0,1.0
419158,CH Gayle,0,3,0.0,0.0,0.0
419158,FY Fazal,13,13,14.0,1.0,0.0
419158,NV Ojha,18,22,21.0,3.0,0.0
419158,P Dogra,8,12,8.0,0.0,0.0
419158,SC Ganguly,75,54,90.0,11.0,2.0
419158,SK Trivedi,4,2,5.0,1.0,0.0
419158,SK Warne,3,5,3.0,0.0,0.0
419158,SR Watson,44,26,53.0,7.0,1.0
419158,YK Pathan,8,9,9.0,1.0,0.0
419159,DPMD Jayawardene,21,9,27.0,2.0,2.0
419159,IK Pathan,44,27,50.0,4.0,1.0
419159,JA Morkel,14,8,16.0,2.0,0.0
419159,KC Sangakkara,33,24,38.0,5.0,0.0
419159,M Vijay,13,12,15.0,2.0,0.0
419159,ML Hayden,5,8,6.0,1.0,0.0
419159,MS Dhoni,54,29,63.0,5.0,2.0
419159,S Badrinath,53,37,64.0,7.0,2.0
419159,SE Marsh,88,59,106.0,8.0,5.0
419159,SK Raina,46,29,57.0,5.0,3.0
419159,Yuvraj Singh,1,4,1.0,0.0,0.0
419160,A Mishra,4,10,4.0,0.0,0.0
419160,A Nehra,22,16,26.0,2.0,1.0
419160,A Symonds,54,30,67.0,3.0,5.0
419160,AC Gilchrist,10,9,12.0,2.0,0.0
419160,B Sumanth,7,12,7.0,0.0,0.0
419160,DA Warner,5,4,6.0,1.0,0.0
419160,G Gambhir,4,9,4.0,0.0,0.0
419160,KD Karthik,1,2,1.0,0.0,0.0
419160,M Manhas,23,22,25.0,2.0,0.0
419160,MD Mishra,25,19,29.0,2.0,1.0
419160,MR Marsh,13,19,13.0,0.0,0.0
419160,PD Collingwood,51,43,58.0,1.0,3.0
419160,R Sharma,14,8,16.0,2.0,0.0
419160,RG Sharma,11,10,13.0,2.0,0.0
419160,TL Suman,5,6,6.0,1.0,0.0
419160,TM Dilshan,11,11,13.0,2.0,0.0
419160,V Sehwag,8,6,10.0,2.0,0.0
419160,WPUJC Vaas,3,8,3.0,0.0,0.0
419161,AP Tare,1,3,1.0,0.0,0.0
419161,AT Rayudu,27,16,32.0,3.0,1.0
419161,BB McCullum,57,61,65.0,8.0,0.0
419161,DJ Bravo,5,9,5.0,0.0,0.0
419161,DJ Hussey,20,14,23.0,1.0,1.0
419161,JP Duminy,19,27,21.0,2.0,0.0
419161,R McLaren,0,2,0.0,0.0,0.0
419161,R Sathish,11,11,12.0,1.0,0.0
419161,S Dhawan,10,11,11.0,1.0,0.0
419161,SC Ganguly,42,36,50.0,4.0,2.0
419161,SS Tiwary,46,38,52.0,4.0,1.0
419161,STR Binny,8,5,9.0,1.0,0.0
419162,A Kumble,1,3,1.0,0.0,0.0
419162,AM Nayar,22,18,24.0,2.0,0.0
419162,AT Rayudu,40,40,44.0,4.0,0.0
419162,DW Steyn,5,5,6.0,1.0,0.0
419162,JH Kallis,11,9,13.0,2.0,0.0
419162,JP Duminy,3,4,3.0,0.0,0.0
419162,KA Pollard,33,14,40.0,1.0,3.0
419162,KP Pietersen,19,15,21.0,2.0,0.0
419162,LRPL Taylor,31,32,34.0,1.0,1.0
419162,MK Pandey,5,10,5.0,0.0,0.0
419162,P Kumar,1,2,1.0,0.0,0.0
419162,R Dravid,23,23,26.0,3.0,0.0
419162,R Vinay Kumar,8,8,8.0,0.0,0.0
419162,RV Uthappa,26,13,32.0,2.0,2.0
419162,S Dhawan,12,10,14.0,2.0,0.0
419162,SR Tendulkar,9,10,11.0,2.0,0.0
419162,SS Tiwary,52,31,63.0,3.0,4.0
419162,V Kohli,9,8,10.0,1.0,0.0
419163,A Symonds,23,23,26.0,3.0,0.0
419163,AC Gilchrist,15,20,18.0,1.0,1.0
419163,B Sumanth,16,19,18.0,2.0,0.0
419163,HH Gibbs,18,26,19.0,1.0,0.0
419163,Harmeet Singh,0,1,0.0,0.0,0.0
419163,JA Morkel,4,4,4.0,0.0,0.0
419163,M Vijay,15,11,18.0,1.0,1.0
419163,MD Mishra,2,5,2.0,0.0,0.0
419163,ML Hayden,8,10,10.0,2.0,0.0
419163,MS Dhoni,30,33,33.0,3.0,0.0
419163,PP Ojha,1,4,1.0,0.0,0.0
419163,R Ashwin,6,5,7.0,1.0,0.0
419163,RG Sharma,2,5,2.0,0.0,0.0
419163,RJ Harris,15,8,18.0,1.0,1.0
419163,RP Singh,0,3,0.0,0.0,0.0
419163,S Anirudha,24,15,29.0,1.0,2.0
419163,S Badrinath,37,41,42.0,3.0,1.0
419163,SK Raina,2,4,2.0,0.0,0.0
419163,TL Suman,4,4,5.0,1.0,0.0
419164,A Symonds,2,8,2.0,0.0,0.0
419164,AC Gilchrist,4,4,5.0,1.0,0.0
419164,Anirudh Singh,40,42,46.0,4.0,1.0
419164,DR Smith,5,10,6.0,1.0,0.0
419164,JH Kallis,19,33,22.0,3.0,0.0
419164,KP Pietersen,29,21,34.0,1.0,2.0
419164,MD Mishra,0,1,0.0,0.0,0.0
419164,PP Ojha,0,2,0.0,0.0,0.0
419164,R Dravid,35,30,40.0,5.0,0.0
419164,R Sharma,0,6,0.0,0.0,0.0
419164,RG Sharma,0,4,0.0,0.0,0.0
419164,RJ Harris,3,10,3.0,0.0,0.0
419164,Y Venugopal Rao,24,27,28.0,2.0,1.0
419165,AM Nayar,27,26,32.0,1.0,2.0
419165,AT Rayudu,21,15,24.0,1.0,1.0
419165,CRD Fernando,2,2,2.0,0.0,0.0
419165,Harbhajan Singh,1,2,1.0,0.0,0.0
419165,JA Morkel,15,6,18.0,1.0,1.0
419165,JP Duminy,6,7,6.0,0.0,0.0
419165,KA Pollard,27,10,34.0,3.0,2.0
419165,M Vijay,26,20,31.0,1.0,2.0
419165,ML Hayden,17,31,20.0,1.0,1.0
419165,MS Dhoni,22,15,26.0,2.0,1.0
419165,S Anirudha,6,4,7.0,1.0,0.0
419165,S Badrinath,14,11,16.0,2.0,0.0
419165,S Dhawan,0,8,0.0,0.0,0.0
419165,SK Raina,57,37,66.0,3.0,3.0
419165,SL Malinga,1,1,1.0,0.0,0.0
419165,SR Tendulkar,48,49,55.0,7.0,0.0
419165,SS Tiwary,0,2,0.0,0.0,0.0
419165,Z Khan,1,3,1.0,0.0,0.0
501198,EJG Morgan,6,6,7.0,1.0,0.0
501198,G Gambhir,1,2,1.0,0.0,0.0
501198,Iqbal Abdulla,3,3,3.0,0.0,0.0
501198,JA Morkel,15,9,18.0,1.0,1.0
501198,JH Kallis,54,44,61.0,7.0,0.0
501198,LR Shukla,14,10,16.0,2.0,0.0
501198,M Vijay,4,4,5.0,1.0,0.0
501198,MK Tiwary,27,16,32.0,1.0,2.0
501198,MS Bisla,27,29,30.0,3.0,0.0
501198,MS Dhoni,29,21,32.0,1.0,1.0
501198,R Bhatia,0,1,0.0,0.0,0.0
501198,S Anirudha,64,56,74.0,6.0,2.0
501198,SB Styris,5,2,6.0,1.0,0.0
501198,SK Raina,33,29,37.0,4.0,0.0
501198,YK Pathan,11,12,13.0,0.0,1.0
501199,A Mishra,2,2,2.0,0.0,0.0
501199,AG Paunikar,20,19,24.0,4.0,0.0
501199,B Chipli,6,9,7.0,1.0,0.0
501199,DB Ravi Teja,28,20,32.0,2.0,1.0
501199,DT Christian,26,19,31.0,1.0,2.0
501199,DW Steyn,7,6,8.0,1.0,0.0
501199,I Sharma,1,1,1.0,0.0,0.0
501199,IR Jaggi,25,29,28.0,3.0,0.0
501199,J Botha,67,47,77.0,8.0,1.0
501199,JP Duminy,14,17,16.0,0.0,1.0
501199,KC Sangakkara,0,3,0.0,0.0,0.0
501199,LRPL Taylor,21,14,26.0,1.0,2.0
501199,R Dravid,28,36,30.0,2.0,0.0
501199,S Dhawan,24,15,28.0,2.0,1.0
501200,AB de Villiers,54,41,65.0,1.0,5.0
501200,AUK Pathan,12,5,15.0,3.0,0.0
501200,BB McCullum,45,32,53.0,4.0,2.0
501200,BJ Hodge,27,23,30.0,3.0,0.0
501200,DPMD Jayawardene,18,19,20.0,2.0,0.0
501200,MA Agarwal,33,27,39.0,2.0,2.0
501200,PA Patel,1,4,1.0,0.0,0.0
501200,RA Jadeja,23,16,27.0,2.0,1.0
501200,RV Gomez,0,1,0.0,0.0,0.0
501200,SS Tiwary,26,25,28.0,2.0,0.0
501200,TM Dilshan,1,5,1.0,0.0,0.0
501200,V Kohli,23,18,27.0,4.0,0.0
501200,VVS Laxman,36,29,42.0,2.0,2.0
501201,AB Dinda,0,5,0.0,0.0,0.0
501201,AJ Finch,8,13,9.0,1.0,0.0
501201,AT Rayudu,14,16,16.0,2.0,0.0
501201,DA Warner,1,3,1.0,0.0,0.0
501201,DJ Jacobs,1,6,1.0,0.0,0.0
501201,IK Pathan,0,1,0.0,0.0,0.0
501201,M Morkel,0,2,0.0,0.0,0.0
501201,NV Ojha,29,31,33.0,2.0,1.0
501201,RE van der Merwe,8,6,9.0,1.0,0.0
501201,RG Sharma,27,31,30.0,3.0,0.0
501201,SR Tendulkar,46,55,51.0,3.0,1.0
501201,UBT Chand,0,2,0.0,0.0,0.0
501201,UT Yadav,0,5,0.0,0.0,0.0
501201,V Sehwag,19,16,23.0,2.0,1.0
501201,Y Venugopal Rao,26,26,29.0,3.0,0.0
501202,AC Gilchrist,1,3,1.0,0.0,0.0
501202,AM Nayar,12,18,14.0,2.0,0.0
501202,GC Smith,0,1,0.0,0.0,0.0
501202,JD Ryder,31,17,37.0,6.0,0.0
501202,KD Karthik,0,7,0.0,0.0,0.0
501202,M Manhas,35,33,42.0,5.0,1.0
501202,NJ Rimmington,1,1,1.0,0.0,0.0
501202,P Kumar,3,6,3.0,0.0,0.0
501202,PC Valthaty,6,6,7.0,1.0,0.0
501202,PP Chawla,15,28,15.0,0.0,0.0
501202,R McLaren,51,46,59.0,6.0,1.0
501202,RV Uthappa,22,15,27.0,1.0,2.0
501202,SE Marsh,1,4,1.0,0.0,0.0
501202,Sunny Singh,12,6,15.0,3.0,0.0
501202,Yuvraj Singh,21,16,25.0,2.0,1.0
501203,A Mishra,12,6,15.0,1.0,1.0
501203,B Chipli,48,41,56.0,6.0,1.0
501203,DB Ravi Teja,14,10,17.0,1.0,1.0
501203,DT Christian,25,13,30.0,1.0,2.0
501203,DW Steyn,13,13,14.0,1.0,0.0
501203,G Gambhir,29,19,33.0,4.0,0.0
501203,I Sharma,1,1,1.0,0.0,0.0
501203,IR Jaggi,3,9,3.0,0.0,0.0
501203,JH Kallis,53,45,62.0,7.0,1.0
501203,JP Duminy,6,8,6.0,0.0,0.0
501203,KC Sangakkara,16,15,18.0,2.0,0.0
501203,MK Tiwary,30,22,36.0,2.0,2.0
501203,MS Bisla,19,21,22.0,3.0,0.0
501203,S Dhawan,7,8,8.0,1.0,0.0
501203,YK Pathan,22,16,26.0,4.0,0.0
501204,AG Paunikar,5,8,6.0,1.0,0.0
501204,AJ Finch,11,16,14.0,1.0,1.0
501204,AL Menaria,22,15,28.0,0.0,3.0
501204,AM Rahane,18,17,21.0,1.0,1.0
501204,DA Warner,54,44,62.0,6.0,1.0
501204,IK Pathan,9,6,11.0,2.0,0.0
501204,J Botha,39,32,43.0,4.0,0.0
501204,LRPL Taylor,18,10,21.0,1.0,1.0
501204,NV Ojha,0,2,0.0,0.0,0.0
501204,R Dravid,38,32,46.0,6.0,1.0
501204,RE van der Merwe,2,3,2.0,0.0,0.0
501204,UBT Chand,2,10,2.0,0.0,0.0
501204,V Sehwag,4,2,5.0,1.0,0.0
501204,Y Venugopal Rao,60,41,72.0,4.0,4.0
501205,AB de Villiers,38,37,43.0,3.0,1.0
501205,AT Rayudu,63,50,72.0,9.0,0.0
501205,AUK Pathan,0,2,0.0,0.0,0.0
501205,DJ Jacobs,22,17,28.0,2.0,2.0
501205,MA Agarwal,0,1,0.0,0.0,0.0
501205,SR Tendulkar,55,46,62.0,7.0,0.0
501205,SS Tiwary,16,11,19.0,3.0,0.0
501205,TM Dilshan,59,54,67.0,4.0,2.0
501205,V Kohli,12,19,14.0,2.0,0.0
501206,AC Gilchrist,19,15,21.0,2.0,0.0
501206,AM Nayar,0,1,0.0,0.0,0.0
501206,KD Karthik,21,11,25.0,2.0,1.0
501206,M Vijay,74,43,88.0,6.0,4.0
501206,MS Dhoni,43,20,51.0,4.0,2.0
501206,PC Valthaty,120,64,143.0,19.0,2.0
501206,S Anirudha,0,1,0.0,0.0,0.0
501206,S Badrinath,66,57,74.0,8.0,0.0
501206,SE Marsh,12,14,12.0,0.0,0.0
501206,SK Raina,0,1,0.0,0.0,0.0
501206,Sunny Singh,20,11,24.0,2.0,1.0
501207,BB McCullum,0,1,0.0,0.0,0.0
501207,BJ Hodge,39,36,45.0,2.0,2.0
501207,DPMD Jayawardene,2,3,2.0,0.0,0.0
501207,GC Smith,24,27,27.0,3.0,0.0
501207,JD Ryder,17,11,20.0,3.0,0.0
501207,M Manhas,12,19,13.0,1.0,0.0
501207,MD Mishra,37,21,43.0,2.0,2.0
501207,PA Patel,21,19,25.0,4.0,0.0
501207,R Sharma,10,11,12.0,0.0,1.0
501207,R Vinay Kumar,1,1,1.0,0.0,0.0
501207,RA Jadeja,47,34,56.0,3.0,3.0
501207,RP Singh,0,1,0.0,0.0,0.0
501207,RV Gomez,26,19,29.0,3.0,0.0
501207,RV Uthappa,31,15,38.0,3.0,2.0
501207,S Sreesanth,1,6,1.0,0.0,0.0
501207,VVS Laxman,0,3,0.0,0.0,0.0
501207,WD Parnell,1,6,1.0,0.0,0.0
501207,Yuvraj Singh,8,13,8.0,0.0,0.0
501208,AB de Villiers,0,7,0.0,0.0,0.0
501208,B Chipli,61,35,72.0,5.0,3.0
501208,CA Pujara,25,15,29.0,4.0,0.0
501208,DL Vettori,3,6,3.0,0.0,0.0
501208,DT Christian,0,1,0.0,0.0,0.0
501208,JJ van der Wath,0,1,0.0,0.0,0.0
501208,JP Duminy,22,15,26.0,2.0,1.0
501208,KC Sangakkara,36,25,41.0,3.0,1.0
501208,MA Agarwal,16,13,18.0,2.0,0.0
501208,R Ninan,3,6,3.0,0.0,0.0
501208,S Aravind,2,5,2.0,0.0,0.0
501208,S Dhawan,11,10,13.0,2.0,0.0
501208,S Sohal,38,39,45.0,5.0,1.0
501208,SS Tiwary,7,10,7.0,0.0,0.0
501208,TM Dilshan,7,8,8.0,1.0,0.0
501208,V Kohli,71,51,82.0,5.0,3.0
501208,Z Khan,0,3,0.0,0.0,0.0
501209,AG Paunikar,9,18,11.0,2.0,0.0
501209,AL Menaria,27,22,31.0,2.0,1.0
501209,G Gambhir,75,44,88.0,11.0,1.0
501209,J Botha,12,12,12.0,0.0,0.0
501209,JH Kallis,80,66,91.0,7.0,2.0
501209,LRPL Taylor,35,27,41.0,2.0,2.0
501209,MS Bisla,1,4,1.0,0.0,0.0
501209,R Dravid,35,36,39.0,4.0,0.0
501209,SR Watson,22,13,26.0,0.0,2.0
501210,AT Rayudu,53,33,64.0,3.0,4.0
501210,BB McCullum,81,64,95.0,10.0,2.0
501210,BJ Hodge,11,7,13.0,2.0,0.0
501210,DJ Jacobs,12,22,13.0,1.0,0.0
501210,DPMD Jayawardene,56,38,65.0,9.0,0.0
501210,RA Jadeja,25,12,31.0,2.0,2.0
501210,SR Tendulkar,100,71,118.0,12.0,3.0
501211,AB de Villiers,65,45,74.0,5.0,2.0
501211,AUK Pathan,14,6,18.0,2.0,1.0
501211,CA Pujara,2,5,2.0,0.0,0.0
501211,DL Vettori,2,2,2.0,0.0,0.0
501211,JA Morkel,9,8,10.0,1.0,0.0
501211,JJ van der Wath,14,11,17.0,1.0,1.0
501211,M Vijay,31,21,38.0,3.0,2.0
501211,MA Agarwal,7,13,8.0,1.0,0.0
501211,MEK Hussey,83,56,96.0,11.0,1.0
501211,MS Dhoni,22,16,25.0,1.0,1.0
501211,S Badrinath,5,3,6.0,1.0,0.0
501211,SK Raina,29,17,34.0,3.0,1.0
501211,SS Tiwary,14,14,14.0,0.0,0.0
501211,TM Dilshan,0,1,0.0,0.0,0.0
501211,V Kohli,35,28,41.0,4.0,1.0
501212,A Mishra,0,1,0.0,0.0,0.0
501212,AC Gilchrist,61,49,72.0,5.0,3.0
501212,AM Nayar,13,10,15.0,2.0,0.0
501212,B Chipli,14,12,16.0,2.0,0.0
501212,DB Ravi Teja,10,7,11.0,1.0,0.0
501212,DT Christian,30,14,36.0,2.0,2.0
501212,DW Steyn,1,2,1.0,0.0,0.0
501212,JP Duminy,18,16,19.0,1.0,0.0
501212,KC Sangakkara,35,28,40.0,5.0,0.0
501212,KD Karthik,3,5,3.0,0.0,0.0
501212,MS Gony,0,1,0.0,0.0,0.0
501212,PC Valthaty,75,49,93.0,8.0,5.0
501212,S Dhawan,45,36,52.0,5.0,1.0
501212,S Sohal,7,5,8.0,1.0,0.0
501213,AJ Finch,25,14,30.0,1.0,2.0
501213,DA Warner,46,28,56.0,6.0,2.0
501213,GC Smith,12,14,14.0,2.0,0.0
501213,IK Pathan,14,16,15.0,1.0,0.0
501213,JD Ryder,60,27,75.0,5.0,5.0
501213,JR Hopes,13,4,16.0,1.0,1.0
501213,M Manhas,20,20,23.0,1.0,1.0
501213,MD Mishra,7,11,7.0,0.0,0.0
501213,MS Wade,3,4,3.0,0.0,0.0
501213,NV Ojha,11,10,13.0,0.0,1.0
501213,RV Uthappa,4,10,4.0,0.0,0.0
501213,V Sehwag,37,25,43.0,6.0,0.0
501213,WD Parnell,10,10,11.0,1.0,0.0
501213,Y Venugopal Rao,31,20,38.0,1.0,3.0
501213,Yuvraj Singh,66,34,80.0,4.0,5.0
501214,A Singh,0,2,0.0,0.0,0.0
501214,AG Paunikar,15,15,17.0,2.0,0.0
501214,AL Menaria,21,19,24.0,1.0,1.0
501214,AM Rahane,6,9,6.0,0.0,0.0
501214,AS Raut,11,15,12.0,1.0,0.0
501214,FY Fazal,3,4,3.0,0.0,0.0
501214,G Gambhir,35,39,38.0,3.0,0.0
501214,JH Kallis,0,2,0.0,0.0,0.0
501214,LRPL Taylor,6,10,6.0,0.0,0.0
501214,MK Tiwary,30,26,36.0,4.0,1.0
501214,MS Bisla,9,22,9.0,0.0,0.0
501214,SK Trivedi,0,2,0.0,0.0,0.0
501214,SK Warne,3,6,3.0,0.0,0.0
501214,SR Watson,11,13,13.0,2.0,0.0
501214,SW Tait,0,1,0.0,0.0,0.0
501215,BB McCullum,47,33,57.0,4.0,3.0
501215,BJ Hodge,19,14,21.0,2.0,0.0
501215,DPMD Jayawardene,16,11,20.0,2.0,1.0
501215,JA Morkel,9,4,11.0,0.0,1.0
501215,M Vijay,28,19,34.0,6.0,0.0
501215,MEK Hussey,8,10,10.0,2.0,0.0
501215,MS Dhoni,14,13,17.0,1.0,1.0
501215,PA Patel,34,27,40.0,4.0,1.0
501215,RA Jadeja,16,7,20.0,0.0,2.0
501215,S Badrinath,19,17,20.0,1.0,0.0
501215,SK Raina,50,41,57.0,5.0,1.0
501216,AJ Finch,0,1,0.0,0.0,0.0
501216,B Chipli,5,3,5.0,0.0,0.0
501216,CL White,31,25,35.0,2.0,1.0
501216,DA Warner,51,48,58.0,5.0,1.0
501216,DT Christian,8,11,8.0,0.0,0.0
501216,IK Pathan,5,9,5.0,0.0,0.0
501216,JR Hopes,17,14,19.0,0.0,1.0
501216,KC Sangakkara,49,37,59.0,8.0,1.0
501216,M Morkel,8,3,10.0,0.0,1.0
501216,NV Ojha,2,4,2.0,0.0,0.0
501216,S Dhawan,8,5,10.0,2.0,0.0
501216,S Sohal,62,41,72.0,8.0,1.0
501216,V Sehwag,12,7,15.0,3.0,0.0
501216,Y Nagar,23,12,28.0,1.0,2.0
501216,Y Venugopal Rao,21,24,24.0,3.0,0.0
501218,A Symonds,16,15,18.0,2.0,0.0
501218,AC Thomas,0,2,0.0,0.0,0.0
501218,AT Rayudu,37,40,41.0,4.0,0.0
501218,JD Ryder,12,16,14.0,2.0,0.0
501218,JEC Franklin,6,8,7.0,1.0,0.0
501218,M Kartik,11,13,12.0,1.0,0.0
501218,M Manhas,0,1,0.0,0.0,0.0
501218,MD Mishra,12,10,14.0,2.0,0.0
501218,R Sharma,13,9,16.0,1.0,1.0
501218,RG Sharma,20,18,23.0,1.0,1.0
501218,RV Uthappa,45,37,53.0,6.0,1.0
501218,SB Wagh,2,2,2.0,0.0,0.0
501218,SR Tendulkar,35,40,37.0,2.0,0.0
501218,TD Paine,2,9,2.0,0.0,0.0
501218,WD Parnell,9,8,10.0,1.0,0.0
501218,Yuvraj Singh,0,2,0.0,0.0,0.0
501219,B Lee,1,3,1.0,0.0,0.0
501219,BB McCullum,23,19,27.0,2.0,1.0
501219,BJ Hodge,2,8,2.0,0.0,0.0
501219,DPMD Jayawardene,25,28,30.0,5.0,0.0
501219,EJG Morgan,10,12,11.0,1.0,0.0
501219,G Gambhir,3,5,3.0,0.0,0.0
501219,Iqbal Abdulla,12,9,13.0,1.0,0.0
501219,JH Kallis,6,9,6.0,0.0,0.0
501219,KM Jadhav,12,11,13.0,1.0,0.0
501219,L Balaji,1,1,1.0,0.0,0.0
501219,MK Tiwary,46,52,52.0,2.0,2.0
501219,MS Bisla,16,14,18.0,2.0,0.0
501219,PA Patel,9,12,10.0,1.0,0.0
501219,R Bhatia,10,9,11.0,1.0,0.0
501219,R Vinay Kumar,11,10,12.0,1.0,0.0
501219,RA Jadeja,29,19,36.0,1.0,3.0
501219,RR Powar,3,6,3.0,0.0,0.0
501219,RV Gomez,10,10,12.0,0.0,1.0
501219,Shakib Al Hasan,2,5,2.0,0.0,0.0
501219,YK Pathan,8,3,10.0,0.0,1.0
501220,AC Gilchrist,28,17,34.0,4.0,1.0
501220,AL Menaria,34,26,38.0,2.0,1.0
501220,AM Nayar,1,3,1.0,0.0,0.0
501220,AS Raut,25,21,28.0,3.0,0.0
501220,DH Yagnik,10,10,11.0,1.0,0.0
501220,KD Karthik,21,17,24.0,3.0,0.0
501220,LRPL Taylor,0,5,0.0,0.0,0.0
501220,PC Valthaty,46,32,56.0,4.0,3.0
501220,PP Chawla,4,3,5.0,1.0,0.0
501220,R Dravid,8,7,10.0,2.0,0.0
501220,R McLaren,2,8,2.0,0.0,0.0
501220,SA Asnodkar,9,9,10.0,1.0,0.0
501220,SE Marsh,71,43,83.0,6.0,3.0
501220,SK Warne,5,3,6.0,1.0,0.0
501220,SR Watson,24,16,28.0,4.0,0.0
501220,STR Binny,30,24,34.0,2.0,1.0
501220,Sunny Singh,5,5,6.0,1.0,0.0
501221,A Symonds,31,29,36.0,1.0,2.0
501221,AT Rayudu,27,30,31.0,4.0,0.0
501221,DE Bollinger,0,1,0.0,0.0,0.0
501221,JA Morkel,3,5,3.0,0.0,0.0
501221,Joginder Sharma,0,1,0.0,0.0,0.0
501221,KA Pollard,0,2,0.0,0.0,0.0
501221,M Vijay,12,11,15.0,1.0,1.0
501221,MEK Hussey,41,34,47.0,6.0,0.0
501221,MS Dhoni,3,6,3.0,0.0,0.0
501221,R Ashwin,0,2,0.0,0.0,0.0
501221,R Sathish,0,7,0.0,0.0,0.0
501221,RG Sharma,87,51,105.0,8.0,5.0
501221,S Anirudha,9,12,11.0,0.0,1.0
501221,S Badrinath,71,49,82.0,7.0,2.0
501221,S Randiv,2,4,2.0,0.0,0.0
501221,SK Raina,5,4,6.0,1.0,0.0
501221,SR Tendulkar,5,9,6.0,1.0,0.0
501222,BJ Haddin,18,11,22.0,2.0,1.0
501222,CH Gayle,102,57,126.0,10.0,7.0
501222,EJG Morgan,6,6,6.0,0.0,0.0
501222,G Gambhir,48,41,54.0,6.0,0.0
501222,JH Kallis,40,45,44.0,4.0,0.0
501222,TM Dilshan,38,32,44.0,6.0,0.0
501222,V Kohli,30,24,35.0,3.0,1.0
501222,YK Pathan,46,26,55.0,3.0,3.0
501223,AC Gilchrist,42,33,52.0,8.0,1.0
501223,AJ Finch,3,5,3.0,0.0,0.0
501223,AM Nayar,17,13,20.0,3.0,0.0
501223,DA Warner,77,50,92.0,7.0,4.0
501223,DJ Hussey,20,10,24.0,0.0,2.0
501223,KD Karthik,6,5,7.0,1.0,0.0
501223,NV Ojha,19,8,24.0,1.0,2.0
501223,PC Valthaty,14,10,18.0,0.0,2.0
501223,RJ Harris,1,1,1.0,0.0,0.0
501223,SE Marsh,95,47,116.0,9.0,6.0
501223,Sunny Singh,2,4,2.0,0.0,0.0
501223,V Sehwag,77,37,93.0,8.0,4.0
501223,Y Nagar,11,10,14.0,1.0,1.0
501223,Y Venugopal Rao,28,16,33.0,3.0,1.0
501224,A Mishra,25,19,29.0,4.0,0.0
501224,A Symonds,44,33,50.0,4.0,1.0
501224,AT Rayudu,7,8,7.0,0.0,0.0
501224,B Chipli,6,9,7.0,1.0,0.0
501224,CL White,1,7,1.0,0.0,0.0
501224,DB Ravi Teja,1,4,1.0,0.0,0.0
501224,DJ Jacobs,32,20,39.0,5.0,1.0
501224,DT Christian,21,18,24.0,1.0,1.0
501224,DW Steyn,4,10,4.0,0.0,0.0
501224,I Sharma,1,2,1.0,0.0,0.0
501224,KA Pollard,0,1,0.0,0.0,0.0
501224,KC Sangakkara,34,29,37.0,3.0,0.0
501224,RG Sharma,56,34,67.0,5.0,3.0
501224,S Dhawan,25,22,30.0,5.0,0.0
501224,S Sohal,5,3,5.0,0.0,0.0
501224,SR Tendulkar,28,26,32.0,4.0,0.0
501225,BJ Hodge,8,15,8.0,0.0,0.0
501225,DPMD Jayawardene,13,14,15.0,2.0,0.0
501225,J Botha,14,7,17.0,3.0,0.0
501225,KM Jadhav,5,9,5.0,0.0,0.0
501225,LRPL Taylor,2,1,2.0,0.0,0.0
501225,M Muralitharan,5,8,5.0,0.0,0.0
501225,NLTC Perera,1,4,1.0,0.0,0.0
501225,PA Patel,32,34,34.0,2.0,0.0
501225,R Dravid,44,38,51.0,5.0,1.0
501225,R Vinay Kumar,5,4,6.0,1.0,0.0
501225,RA Jadeja,22,23,24.0,2.0,0.0
501225,RP Singh,1,1,1.0,0.0,0.0
501225,RV Gomez,0,1,0.0,0.0,0.0
501225,SR Watson,49,40,57.0,4.0,2.0
501225,VVS Laxman,8,10,9.0,1.0,0.0
501226,AC Thomas,1,2,1.0,0.0,0.0
501226,JA Morkel,0,5,0.0,0.0,0.0
501226,JD Ryder,15,11,18.0,1.0,1.0
501226,JE Taylor,2,2,2.0,0.0,0.0
501226,M Kartik,1,2,1.0,0.0,0.0
501226,M Manhas,20,24,22.0,0.0,1.0
501226,M Vijay,31,29,35.0,2.0,1.0
501226,MD Mishra,9,9,10.0,1.0,0.0
501226,MEK Hussey,61,50,69.0,6.0,1.0
501226,MK Pandey,12,9,14.0,2.0,0.0
501226,MS Dhoni,26,21,30.0,2.0,1.0
501226,NL McCullum,15,16,15.0,0.0,0.0
501226,R Sharma,1,1,1.0,0.0,0.0
501226,RV Uthappa,0,4,0.0,0.0,0.0
501226,S Anirudha,7,7,7.0,0.0,0.0
501226,S Badrinath,11,7,13.0,0.0,1.0
501226,SK Raina,2,4,2.0,0.0,0.0
501226,Yuvraj Singh,34,43,36.0,2.0,0.0
501227,A Mithun,0,2,0.0,0.0,0.0
501227,AB de Villiers,5,2,6.0,1.0,0.0
501227,CA Pujara,7,12,7.0,0.0,0.0
501227,CH Gayle,26,14,32.0,4.0,1.0
501227,DA Warner,7,12,8.0,1.0,0.0
501227,DL Vettori,18,21,21.0,1.0,1.0
501227,IK Pathan,13,10,17.0,0.0,2.0
501227,J Syed Mohammad,13,10,15.0,2.0,0.0
501227,JR Hopes,54,45,61.0,7.0,0.0
501227,MS Wade,8,9,8.0,0.0,0.0
501227,NV Ojha,16,11,20.0,0.0,2.0
501227,SS Tiwary,18,20,21.0,1.0,1.0
501227,TM Dilshan,0,1,0.0,0.0,0.0
501227,V Kohli,56,40,68.0,8.0,2.0
501227,V Sehwag,25,18,28.0,3.0,0.0
501227,Y Nagar,0,3,0.0,0.0,0.0
501227,Y Venugopal Rao,24,21,28.0,2.0,1.0
501228,JD Ryder,19,13,23.0,4.0,0.0
501228,JE Taylor,1,2,1.0,0.0,0.0
501228,M Manhas,0,4,0.0,0.0,0.0
501228,M Vijay,31,33,34.0,1.0,1.0
501228,MD Mishra,2,9,2.0,0.0,0.0
501228,MEK Hussey,9,19,10.0,1.0,0.0
501228,MK Pandey,10,13,11.0,1.0,0.0
501228,MR Marsh,11,16,12.0,1.0,0.0
501228,RV Uthappa,31,22,37.0,2.0,2.0
501228,S Badrinath,63,46,73.0,6.0,2.0
501228,SK Raina,34,25,39.0,1.0,2.0
501228,Yuvraj Singh,62,45,73.0,3.0,4.0
501229,A Mishra,0,1,0.0,0.0,0.0
501229,B Chipli,4,10,4.0,0.0,0.0
501229,BB McCullum,0,4,0.0,0.0,0.0
501229,BJ Hodge,0,3,0.0,0.0,0.0
501229,CL White,31,34,35.0,2.0,1.0
501229,DB Ravi Teja,8,5,9.0,1.0,0.0
501229,DPMD Jayawardene,4,8,5.0,1.0,0.0
501229,DT Christian,9,12,9.0,0.0,0.0
501229,KC Sangakkara,65,48,75.0,10.0,0.0
501229,KM Jadhav,0,2,0.0,0.0,0.0
501229,MS Gony,0,1,0.0,0.0,0.0
501229,NLTC Perera,22,25,26.0,4.0,0.0
501229,PA Patel,0,3,0.0,0.0,0.0
501229,R Vinay Kumar,18,19,20.0,2.0,0.0
501229,RA Jadeja,23,36,25.0,2.0,0.0
501229,RP Singh,0,1,0.0,0.0,0.0
501229,RV Gomez,0,1,0.0,0.0,0.0
501229,S Dhawan,4,9,4.0,0.0,0.0
501229,S Sohal,1,5,1.0,0.0,0.0
501229,S Sreesanth,0,1,0.0,0.0,0.0
501230,B Lee,1,1,1.0,0.0,0.0
501230,DA Warner,2,7,2.0,0.0,0.0
501230,EJG Morgan,0,1,0.0,0.0,0.0
501230,G Gambhir,18,19,20.0,2.0,0.0
501230,IK Pathan,9,12,11.0,0.0,1.0
501230,JH Kallis,11,11,13.0,2.0,0.0
501230,JR Hopes,25,31,28.0,1.0,1.0
501230,L Balaji,3,1,3.0,0.0,0.0
501230,M Morkel,6,5,7.0,1.0,0.0
501230,MK Tiwary,61,50,69.0,2.0,3.0
501230,NV Ojha,1,2,1.0,0.0,0.0
501230,RN ten Doeschate,19,13,23.0,2.0,1.0
501230,SP Goswami,22,21,26.0,4.0,0.0
501230,TR Birt,8,11,8.0,0.0,0.0
501230,UT Yadav,1,1,1.0,0.0,0.0
501230,V Sehwag,34,23,41.0,5.0,1.0
501230,Y Nagar,19,14,23.0,0.0,2.0
501230,Y Venugopal Rao,19,18,21.0,2.0,0.0
501230,YK Pathan,5,9,5.0,0.0,0.0
501231,A Symonds,17,27,18.0,1.0,0.0
501231,AG Murtaza,2,5,2.0,0.0,0.0
501231,AL Menaria,4,4,5.0,1.0,0.0
501231,AT Rayudu,11,14,12.0,1.0,0.0
501231,DJ Jacobs,15,16,17.0,0.0,1.0
501231,Harbhajan Singh,10,7,12.0,0.0,1.0
501231,J Botha,45,39,49.0,2.0,1.0
501231,KA Pollard,4,16,4.0,0.0,0.0
501231,LRPL Taylor,13,19,14.0,1.0,0.0
501231,R Dravid,5,16,5.0,0.0,0.0
501231,R Sathish,7,6,7.0,0.0,0.0
501231,RG Sharma,13,22,14.0,1.0,0.0
501231,SL Malinga,1,4,1.0,0.0,0.0
501231,SR Tendulkar,7,7,8.0,1.0,0.0
501231,SR Watson,26,32,31.0,3.0,1.0
501232,AB de Villiers,26,20,29.0,1.0,1.0
501232,CH Gayle,49,26,61.0,4.0,4.0
501232,Harpreet Singh,1,1,1.0,0.0,0.0
501232,JD Ryder,51,34,59.0,4.0,2.0
501232,M Kaif,8,5,9.0,1.0,0.0
501232,M Manhas,3,5,3.0,0.0,0.0
501232,MK Pandey,19,24,21.0,2.0,0.0
501232,RV Uthappa,23,18,28.0,3.0,1.0
501232,SS Tiwary,14,8,17.0,1.0,1.0
501232,TD Paine,8,20,8.0,0.0,0.0
501232,TM Dilshan,15,19,17.0,2.0,0.0
501232,V Kohli,67,43,79.0,4.0,4.0
501232,Yuvraj Singh,41,23,49.0,2.0,3.0
501233,B Akhil,13,9,15.0,0.0,1.0
501233,BB McCullum,7,8,8.0,1.0,0.0
501233,BJ Hodge,27,25,30.0,3.0,0.0
501233,DA Warner,3,8,3.0,0.0,0.0
501233,DPMD Jayawardene,18,28,20.0,2.0,0.0
501233,IK Pathan,13,7,16.0,1.0,1.0
501233,M Klinger,2,6,2.0,0.0,0.0
501233,NV Ojha,0,3,0.0,0.0,0.0
501233,PA Patel,1,3,1.0,0.0,0.0
501233,R Vinay Kumar,11,9,13.0,0.0,1.0
501233,RA Jadeja,31,22,36.0,3.0,1.0
501233,RE van der Merwe,2,4,2.0,0.0,0.0
501233,RP Singh,1,1,1.0,0.0,0.0
501233,RR Powar,0,1,0.0,0.0,0.0
501233,S Sreesanth,0,2,0.0,0.0,0.0
501233,TR Birt,20,13,24.0,2.0,1.0
501233,V Sehwag,80,48,98.0,8.0,5.0
501233,Y Nagar,22,31,23.0,1.0,0.0
501233,Y Venugopal Rao,1,11,1.0,0.0,0.0
501234,AC Gilchrist,26,29,31.0,3.0,1.0
501234,AM Nayar,0,2,0.0,0.0,0.0
501234,Bipul Sharma,16,12,17.0,1.0,0.0
501234,DJ Hussey,15,22,16.0,1.0,0.0
501234,EJG Morgan,28,15,34.0,6.0,0.0
501234,G Gambhir,45,47,49.0,4.0,0.0
501234,JH Kallis,1,4,1.0,0.0,0.0
501234,KD Karthik,42,42,46.0,4.0,0.0
501234,MK Tiwary,34,43,39.0,3.0,1.0
501234,P Kumar,2,2,2.0,0.0,0.0
501234,PC Valthaty,7,8,8.0,1.0,0.0
501234,SE Marsh,5,7,6.0,1.0,0.0
501235,AL Menaria,29,22,35.0,0.0,3.0
501235,AM Rahane,15,9,17.0,2.0,0.0
501235,Harpreet Singh,13,19,13.0,0.0,0.0
501235,J Botha,12,18,13.0,1.0,0.0
501235,JD Ryder,18,12,21.0,3.0,0.0
501235,LRPL Taylor,47,36,55.0,4.0,2.0
501235,M Manhas,24,20,27.0,1.0,1.0
501235,MK Pandey,30,31,34.0,4.0,0.0
501235,NL McCullum,11,7,13.0,0.0,1.0
501235,R Dravid,18,20,20.0,2.0,0.0
501235,R Sharma,0,1,0.0,0.0,0.0
501235,RV Uthappa,35,21,42.0,7.0,0.0
501235,SR Watson,12,14,14.0,0.0,1.0
501235,Yuvraj Singh,7,11,7.0,0.0,0.0
501236,A Mishra,2,5,2.0,0.0,0.0
501236,B Chipli,17,15,17.0,0.0,0.0
501236,CL White,13,18,14.0,1.0,0.0
501236,DT Christian,1,1,1.0,0.0,0.0
501236,I Sharma,1,1,1.0,0.0,0.0
501236,JA Morkel,19,6,25.0,0.0,3.0
501236,JP Duminy,17,11,19.0,2.0,0.0
501236,KC Sangakkara,15,12,18.0,1.0,1.0
501236,M Vijay,3,15,3.0,0.0,0.0
501236,MEK Hussey,46,41,51.0,5.0,0.0
501236,MS Dhoni,21,22,24.0,1.0,1.0
501236,S Anirudha,3,2,3.0,0.0,0.0
501236,S Badrinath,5,2,6.0,1.0,0.0
501236,S Dhawan,19,27,19.0,0.0,0.0
501236,S Sohal,56,33,70.0,6.0,4.0
501236,SK Raina,59,36,69.0,6.0,2.0
501237,A Symonds,4,6,4.0,0.0,0.0
501237,AC Gilchrist,0,2,0.0,0.0,0.0
501237,AM Nayar,14,9,16.0,2.0,0.0
501237,AT Rayudu,51,37,61.0,8.0,1.0
501237,Bipul Sharma,1,2,1.0,0.0,0.0
501237,DJ Hussey,1,5,1.0,0.0,0.0
501237,DJ Jacobs,10,10,12.0,2.0,0.0
501237,KA Pollard,20,11,25.0,1.0,2.0
501237,KD Karthik,1,2,1.0,0.0,0.0
501237,P Kumar,2,3,2.0,0.0,0.0
501237,PC Valthaty,33,39,38.0,1.0,2.0
501237,PP Chawla,10,10,11.0,1.0,0.0
501237,RG Sharma,18,11,21.0,3.0,0.0
501237,RJ Harris,1,2,1.0,0.0,0.0
501237,SE Marsh,61,47,69.0,8.0,0.0
501237,SR Tendulkar,51,46,56.0,3.0,1.0
501238,BB McCullum,37,22,46.0,5.0,2.0
501238,BJ Hodge,24,13,29.0,3.0,1.0
501238,DA Warner,13,15,15.0,2.0,0.0
501238,DPMD Jayawardene,7,11,8.0,1.0,0.0
501238,IK Pathan,5,6,5.0,0.0,0.0
501238,M Klinger,18,21,21.0,3.0,0.0
501238,NV Ojha,13,15,16.0,1.0,1.0
501238,PA Patel,37,34,42.0,5.0,0.0
501238,RE van der Merwe,2,3,2.0,0.0,0.0
501238,TR Birt,27,15,32.0,5.0,0.0
501238,V Sehwag,15,9,19.0,2.0,1.0
501238,Y Nagar,18,24,19.0,1.0,0.0
501238,Y Venugopal Rao,40,38,45.0,5.0,0.0
501239,A Mishra,9,10,9.0,0.0,0.0
501239,B Chipli,12,7,14.0,2.0,0.0
501239,CL White,13,13,14.0,1.0,0.0
501239,DB Ravi Teja,30,22,33.0,3.0,0.0
501239,DT Christian,1,3,1.0,0.0,0.0
501239,EJG Morgan,14,18,16.0,0.0,1.0
501239,G Gambhir,35,23,40.0,3.0,1.0
501239,JH Kallis,30,31,34.0,4.0,0.0
501239,KC Sangakkara,0,2,0.0,0.0,0.0
501239,MK Tiwary,33,28,38.0,3.0,1.0
501239,S Dhawan,54,46,60.0,4.0,1.0
501239,S Sohal,26,20,29.0,3.0,0.0
501239,YK Pathan,47,26,56.0,3.0,3.0
501240,AL Menaria,2,8,2.0,0.0,0.0
501240,AM Rahane,4,9,4.0,0.0,0.0
501240,DH Yagnik,1,1,1.0,0.0,0.0
501240,J Botha,8,6,9.0,1.0,0.0
501240,LRPL Taylor,20,14,22.0,2.0,0.0
501240,M Vijay,5,6,6.0,1.0,0.0
501240,MEK Hussey,79,57,89.0,8.0,1.0
501240,R Dravid,66,51,76.0,10.0,0.0
501240,SK Raina,61,53,66.0,3.0,1.0
501240,SR Watson,32,26,37.0,5.0,0.0
501240,STR Binny,7,7,7.0,0.0,0.0
501241,A Symonds,3,3,3.0,0.0,0.0
501241,AA Jhunjhunwala,10,16,12.0,2.0,0.0
501241,AC Blizzard,6,6,7.0,1.0,0.0
501241,AT Rayudu,27,28,29.0,2.0,0.0
501241,GC Smith,6,12,7.0,1.0,0.0
501241,Harbhajan Singh,9,3,11.0,0.0,1.0
501241,JD Ryder,0,1,0.0,0.0,0.0
501241,KA Pollard,28,23,34.0,2.0,2.0
501241,M Manhas,0,1,0.0,0.0,0.0
501241,MK Pandey,59,49,69.0,4.0,3.0
501241,R Sharma,0,1,0.0,0.0,0.0
501241,RG Sharma,12,20,12.0,0.0,0.0
501241,RV Uthappa,34,27,38.0,0.0,2.0
501241,SB Wagh,0,1,0.0,0.0,0.0
501241,SR Tendulkar,24,25,29.0,5.0,0.0
501241,TL Suman,36,16,45.0,3.0,3.0
501241,Yuvraj Singh,20,16,25.0,1.0,2.0
501242,B Lee,1,2,1.0,0.0,0.0
501242,BB McCullum,1,9,1.0,0.0,0.0
501242,BJ Hodge,35,19,42.0,3.0,2.0
501242,DPMD Jayawardene,55,43,61.0,2.0,2.0
501242,EJG Morgan,66,52,78.0,8.0,2.0
501242,G Gambhir,0,1,0.0,0.0,0.0
501242,JH Kallis,45,42,50.0,5.0,0.0
501242,M Klinger,29,26,32.0,3.0,0.0
501242,MK Tiwary,1,7,1.0,0.0,0.0
501242,MV Boucher,5,4,5.0,0.0,0.0
501242,PA Patel,21,16,25.0,4.0,0.0
501242,R Bhatia,1,1,1.0,0.0,0.0
501242,RA Jadeja,8,11,9.0,1.0,0.0
501242,RV Gomez,1,1,1.0,0.0,0.0
501242,YK Pathan,17,13,19.0,2.0,0.0
501243,AJ Finch,0,2,0.0,0.0,0.0
501243,B Chipli,1,2,1.0,0.0,0.0
501243,DB Ravi Teja,2,9,2.0,0.0,0.0
501243,DT Christian,27,23,29.0,2.0,0.0
501243,I Malhotra,7,4,8.0,1.0,0.0
501243,IK Pathan,12,16,13.0,1.0,0.0
501243,JP Duminy,55,32,65.0,2.0,4.0
501243,JR Hopes,17,10,19.0,2.0,0.0
501243,KC Sangakkara,44,37,52.0,8.0,0.0
501243,NV Ojha,7,10,8.0,1.0,0.0
501243,S Dhawan,29,18,34.0,5.0,0.0
501243,TR Birt,4,9,4.0,0.0,0.0
501243,V Sehwag,119,58,144.0,13.0,6.0
501243,Y Nagar,7,3,9.0,0.0,1.0
501243,Y Venugopal Rao,3,14,3.0,0.0,0.0
501244,A Mithun,6,3,7.0,1.0,0.0
501244,AB de Villiers,27,14,33.0,2.0,2.0
501244,AC Gilchrist,0,1,0.0,0.0,0.0
501244,AM Nayar,1,4,1.0,0.0,0.0
501244,AUK Pathan,0,1,0.0,0.0,0.0
501244,CH Gayle,107,49,135.0,10.0,9.0
501244,KD Karthik,20,15,23.0,3.0,0.0
501244,L Ablish,0,2,0.0,0.0,0.0
501244,M Kaif,3,4,3.0,0.0,0.0
501244,P Kumar,15,8,19.0,2.0,1.0
501244,PC Valthaty,21,18,25.0,4.0,0.0
501244,PP Chawla,5,6,5.0,0.0,0.0
501244,R McLaren,28,33,29.0,1.0,0.0
501244,RJ Harris,17,25,18.0,1.0,0.0
501244,SE Marsh,4,8,4.0,0.0,0.0
501244,SS Tiwary,13,9,15.0,2.0,0.0
501244,Sunny Singh,4,5,4.0,0.0,0.0
501244,TM Dilshan,16,9,20.0,4.0,0.0
501244,V Kohli,27,32,31.0,4.0,0.0
501245,EJG Morgan,5,8,6.0,1.0,0.0
501245,G Gambhir,16,19,18.0,2.0,0.0
501245,JA Morkel,30,32,33.0,3.0,0.0
501245,JH Kallis,21,23,23.0,2.0,0.0
501245,M Vijay,5,14,5.0,0.0,0.0
501245,MEK Hussey,15,26,15.0,0.0,0.0
501245,MK Tiwary,15,13,17.0,2.0,0.0
501245,S Badrinath,54,41,61.0,3.0,2.0
501245,SK Raina,4,10,4.0,0.0,0.0
501246,A Symonds,4,4,4.0,0.0,0.0
501246,AB Agarkar,7,7,8.0,1.0,0.0
501246,AC Blizzard,37,24,45.0,8.0,0.0
501246,AT Rayudu,59,40,70.0,7.0,2.0
501246,CA Ingram,1,2,1.0,0.0,0.0
501246,DA Warner,1,2,1.0,0.0,0.0
501246,IK Pathan,23,20,27.0,4.0,0.0
501246,JR Hopes,55,45,65.0,10.0,0.0
501246,KA Pollard,9,9,10.0,1.0,0.0
501246,M Morkel,10,9,11.0,1.0,0.0
501246,NV Ojha,1,8,1.0,0.0,0.0
501246,RG Sharma,49,32,57.0,2.0,3.0
501246,S Nadeem,0,1,0.0,0.0,0.0
501246,SR Tendulkar,14,15,17.0,3.0,0.0
501246,V Sehwag,2,4,2.0,0.0,0.0
501246,Y Nagar,0,1,0.0,0.0,0.0
501246,Y Venugopal Rao,37,27,43.0,4.0,1.0
501247,BB McCullum,22,17,25.0,3.0,0.0
501247,BJ Hodge,5,13,5.0,0.0,0.0
501247,CH Gayle,44,17,57.0,3.0,5.0
501247,DPMD Jayawardene,3,10,3.0,0.0,0.0
501247,M Klinger,24,25,27.0,3.0,0.0
501247,P Parameswaran,1,1,1.0,0.0,0.0
501247,PA Patel,19,14,22.0,3.0,0.0
501247,R Vinay Kumar,3,4,3.0,0.0,0.0
501247,RA Jadeja,23,23,25.0,2.0,0.0
501247,RR Powar,8,6,8.0,0.0,0.0
501247,RV Gomez,7,16,8.0,1.0,0.0
501247,TM Dilshan,52,31,62.0,8.0,1.0
501247,V Kohli,27,34,30.0,3.0,0.0
501248,AA Jhunjhunwala,0,3,0.0,0.0,0.0
501248,AC Gilchrist,3,8,3.0,0.0,0.0
501248,CJ Ferguson,6,15,6.0,0.0,0.0
501248,DJ Hussey,4,5,4.0,0.0,0.0
501248,JD Ryder,15,18,18.0,3.0,0.0
501248,KD Karthik,30,27,33.0,3.0,0.0
501248,MK Pandey,28,33,31.0,3.0,0.0
501248,MR Marsh,2,6,2.0,0.0,0.0
501248,Mandeep Singh,6,11,6.0,0.0,0.0
501248,P Kumar,3,5,3.0,0.0,0.0
501248,PC Valthaty,23,22,27.0,4.0,0.0
501248,RJ Harris,4,4,5.0,1.0,0.0
501248,RV Uthappa,22,18,25.0,3.0,0.0
501248,SD Chitnis,9,9,10.0,1.0,0.0
501248,SE Marsh,32,28,37.0,3.0,1.0
501248,SJ Srivastava,1,1,1.0,0.0,0.0
501248,Yuvraj Singh,35,16,44.0,5.0,2.0
501249,A Singh,1,2,1.0,0.0,0.0
501249,AL Menaria,2,6,2.0,0.0,0.0
501249,AM Rahane,52,36,59.0,7.0,0.0
501249,AS Raut,19,14,22.0,1.0,1.0
501249,DH Yagnik,3,7,3.0,0.0,0.0
501249,J Botha,14,18,14.0,0.0,0.0
501249,JA Morkel,5,5,5.0,0.0,0.0
501249,LRPL Taylor,6,9,6.0,0.0,0.0
501249,M Vijay,53,43,61.0,2.0,3.0
501249,MEK Hussey,46,31,54.0,8.0,0.0
501249,MS Dhoni,41,19,50.0,3.0,3.0
501249,R Dravid,20,17,22.0,2.0,0.0
501249,SK Raina,43,27,49.0,6.0,0.0
501249,SK Warne,0,2,0.0,0.0,0.0
501249,SR Watson,11,10,12.0,1.0,0.0
501250,A Mishra,0,1,0.0,0.0,0.0
501250,B Chipli,18,14,20.0,2.0,0.0
501250,CJ Ferguson,15,9,18.0,3.0,0.0
501250,DB Ravi Teja,30,28,34.0,4.0,0.0
501250,DT Christian,10,11,11.0,1.0,0.0
501250,DW Steyn,11,6,12.0,1.0,0.0
501250,JD Ryder,35,21,44.0,5.0,2.0
501250,JP Duminy,30,30,31.0,1.0,0.0
501250,KC Sangakkara,12,13,13.0,1.0,0.0
501250,MK Pandey,49,42,59.0,6.0,2.0
501250,RV Uthappa,1,3,1.0,0.0,0.0
501250,S Dhawan,24,17,29.0,1.0,2.0
501250,S Sohal,0,1,0.0,0.0,0.0
501250,SC Ganguly,32,32,37.0,3.0,1.0
501250,Yuvraj Singh,2,6,2.0,0.0,0.0
501251,A Symonds,8,7,9.0,1.0,0.0
501251,AC Blizzard,15,10,18.0,3.0,0.0
501251,AC Gilchrist,28,30,32.0,2.0,1.0
501251,AT Rayudu,13,19,15.0,2.0,0.0
501251,Bipul Sharma,6,4,6.0,0.0,0.0
501251,DJ Hussey,0,3,0.0,0.0,0.0
501251,DS Kulkarni,2,4,2.0,0.0,0.0
501251,Harbhajan Singh,12,7,15.0,1.0,1.0
501251,KA Pollard,17,13,20.0,1.0,1.0
501251,KD Karthik,31,24,37.0,4.0,1.0
501251,MM Patel,0,1,0.0,0.0,0.0
501251,Mandeep Singh,8,5,10.0,0.0,1.0
501251,P Kumar,2,2,2.0,0.0,0.0
501251,PC Valthaty,14,15,17.0,3.0,0.0
501251,RG Sharma,5,6,6.0,1.0,0.0
501251,RJ Harris,6,4,7.0,1.0,0.0
501251,SE Marsh,43,34,48.0,5.0,0.0
501251,SJ Srivastava,3,2,3.0,0.0,0.0
501251,SR Tendulkar,6,9,7.0,1.0,0.0
501251,TL Suman,4,5,4.0,0.0,0.0
501252,AL Menaria,8,6,9.0,1.0,0.0
501252,AM Rahane,17,10,20.0,1.0,1.0
501252,AS Raut,5,9,5.0,0.0,0.0
501252,CH Gayle,70,44,85.0,7.0,4.0
501252,DH Yagnik,2,5,2.0,0.0,0.0
501252,J Botha,19,21,20.0,1.0,0.0
501252,LRPL Taylor,13,13,13.0,0.0,0.0
501252,R Dravid,37,31,43.0,6.0,0.0
501252,SR Watson,34,30,41.0,3.0,2.0
501252,TM Dilshan,38,25,46.0,8.0,0.0
501252,V Kohli,39,35,44.0,3.0,1.0
501253,AB McDonald,8,7,8.0,0.0,0.0
501253,CA Ingram,7,12,8.0,1.0,0.0
501253,DA Warner,21,25,23.0,2.0,0.0
501253,IK Pathan,44,36,51.0,3.0,2.0
501253,JR Hopes,8,6,8.0,0.0,0.0
501253,M Vijay,35,33,41.0,2.0,2.0
501253,MEK Hussey,5,4,6.0,1.0,0.0
501253,MS Dhoni,63,31,76.0,5.0,4.0
501253,NV Ojha,25,14,32.0,3.0,2.0
501253,S Badrinath,55,44,63.0,6.0,1.0
501253,SK Raina,14,10,17.0,1.0,1.0
501253,Y Nagar,1,2,1.0,0.0,0.0
501253,Y Venugopal Rao,30,22,36.0,2.0,2.0
501254,AC Gilchrist,9,17,10.0,1.0,0.0
501254,BB McCullum,32,31,38.0,2.0,2.0
501254,BJ Hodge,4,6,4.0,0.0,0.0
501254,DJ Hussey,21,15,25.0,2.0,1.0
501254,DPMD Jayawardene,76,56,88.0,8.0,2.0
501254,KD Karthik,69,33,86.0,7.0,5.0
501254,Mandeep Singh,15,11,16.0,1.0,0.0
501254,OA Shah,23,13,28.0,1.0,2.0
501254,PA Patel,0,1,0.0,0.0,0.0
501254,PC Valthaty,17,10,22.0,1.0,2.0
501254,R Vinay Kumar,1,1,1.0,0.0,0.0
501254,RA Jadeja,17,18,20.0,1.0,1.0
501254,RV Gomez,2,3,2.0,0.0,0.0
501254,SE Marsh,42,32,51.0,5.0,2.0
501255,AB de Villiers,13,14,15.0,2.0,0.0
501255,CH Gayle,38,12,48.0,6.0,2.0
501255,EJG Morgan,2,5,2.0,0.0,0.0
501255,G Gambhir,7,9,8.0,1.0,0.0
501255,JH Kallis,17,14,20.0,3.0,0.0
501255,KB Arun Karthik,1,2,1.0,0.0,0.0
501255,LA Pomersbach,16,15,18.0,2.0,0.0
501255,M Kaif,15,15,16.0,1.0,0.0
501255,MK Tiwary,19,26,20.0,1.0,0.0
501255,MV Boucher,1,2,1.0,0.0,0.0
501255,SS Tiwary,1,5,1.0,0.0,0.0
501255,V Kohli,15,16,17.0,2.0,0.0
501255,YK Pathan,36,24,44.0,2.0,3.0
501256,A Mishra,18,7,22.0,4.0,0.0
501256,A Symonds,8,19,8.0,0.0,0.0
501256,AC Blizzard,1,7,1.0,0.0,0.0
501256,AT Rayudu,2,8,2.0,0.0,0.0
501256,B Chipli,10,11,11.0,1.0,0.0
501256,DT Christian,18,23,18.0,0.0,0.0
501256,Harbhajan Singh,17,13,20.0,1.0,1.0
501256,JP Duminy,8,10,9.0,1.0,0.0
501256,KA Pollard,24,14,29.0,3.0,1.0
501256,KC Sangakkara,27,28,30.0,1.0,1.0
501256,MJ Lumb,0,2,0.0,0.0,0.0
501256,RG Sharma,4,6,5.0,1.0,0.0
501256,S Dhawan,27,18,31.0,2.0,1.0
501256,S Sohal,20,22,24.0,0.0,2.0
501256,SR Tendulkar,37,46,40.0,3.0,0.0
501256,TL Suman,14,15,18.0,0.0,2.0
501257,AC Gilchrist,9,9,11.0,2.0,0.0
501257,DA Warner,29,29,35.0,4.0,1.0
501257,DJ Hussey,3,4,3.0,0.0,0.0
501257,IK Pathan,3,7,3.0,0.0,0.0
501257,JR Hopes,7,7,8.0,1.0,0.0
501257,KD Karthik,27,22,31.0,4.0,0.0
501257,M Morkel,16,6,19.0,1.0,1.0
501257,Mandeep Singh,11,7,13.0,2.0,0.0
501257,NV Ojha,28,31,34.0,2.0,2.0
501257,PC Valthaty,62,54,75.0,7.0,3.0
501257,PP Chawla,1,1,1.0,0.0,0.0
501257,RJ Harris,2,2,2.0,0.0,0.0
501257,S Sriram,4,7,4.0,0.0,0.0
501257,SE Marsh,46,28,57.0,5.0,3.0
501257,TR Birt,16,11,20.0,2.0,1.0
501257,VR Aaron,0,5,0.0,0.0,0.0
501257,Y Nagar,10,8,12.0,2.0,0.0
501257,Y Venugopal Rao,16,13,19.0,1.0,1.0
501258,AA Chavan,1,3,1.0,0.0,0.0
501258,AL Menaria,31,30,36.0,3.0,1.0
501258,AM Rahane,8,9,9.0,1.0,0.0
501258,BB McCullum,29,12,38.0,1.0,4.0
501258,BJ Hodge,33,18,42.0,5.0,2.0
501258,DPMD Jayawardene,6,3,7.0,1.0,0.0
501258,FY Fazal,16,15,19.0,3.0,0.0
501258,JDP Oram,0,3,0.0,0.0,0.0
501258,ND Doshi,0,13,0.0,0.0,0.0
501258,PA Patel,21,15,25.0,2.0,1.0
501258,PR Shah,5,5,6.0,1.0,0.0
501258,R Dravid,1,4,1.0,0.0,0.0
501258,SK Warne,2,9,2.0,0.0,0.0
501258,SR Watson,20,13,26.0,0.0,3.0
501258,SW Tait,10,9,11.0,1.0,0.0
501259,B Chipli,5,4,6.0,1.0,0.0
501259,B Kumar,1,1,1.0,0.0,0.0
501259,CJ Ferguson,11,13,12.0,1.0,0.0
501259,DT Christian,14,12,15.0,1.0,0.0
501259,JD Ryder,18,14,21.0,1.0,1.0
501259,JP Duminy,23,27,25.0,0.0,1.0
501259,KC Sangakkara,25,21,29.0,2.0,1.0
501259,M Manhas,0,1,0.0,0.0,0.0
501259,MK Pandey,23,20,28.0,3.0,1.0
501259,MR Marsh,37,28,44.0,1.0,3.0
501259,RV Uthappa,4,5,5.0,1.0,0.0
501259,S Dhawan,28,25,32.0,4.0,0.0
501259,S Sohal,34,32,40.0,2.0,2.0
501259,SC Ganguly,0,5,0.0,0.0,0.0
501259,WD Parnell,16,17,18.0,0.0,1.0
501259,Yuvraj Singh,23,18,28.0,3.0,1.0
501260,A Mithun,10,7,12.0,0.0,1.0
501260,AB de Villiers,34,27,39.0,3.0,1.0
501260,AC Gilchrist,106,58,132.0,8.0,9.0
501260,AUK Pathan,7,4,9.0,0.0,1.0
501260,CH Gayle,0,7,0.0,0.0,0.0
501260,CK Langeveldt,8,8,10.0,0.0,1.0
501260,DJ Hussey,0,1,0.0,0.0,0.0
501260,JJ van der Wath,4,5,4.0,0.0,0.0
501260,KB Arun Karthik,6,6,7.0,1.0,0.0
501260,M Kaif,15,11,18.0,3.0,0.0
501260,PC Valthaty,20,18,24.0,2.0,1.0
501260,S Aravind,11,5,13.0,2.0,0.0
501260,SE Marsh,79,49,96.0,7.0,5.0
501260,SS Tiwary,6,14,7.0,1.0,0.0
501260,V Kohli,11,12,13.0,2.0,0.0
501261,BB McCullum,33,40,36.0,3.0,0.0
501261,BJ Hodge,51,45,58.0,3.0,2.0
501261,JA Morkel,13,10,15.0,2.0,0.0
501261,KM Jadhav,1,1,1.0,0.0,0.0
501261,M Vijay,16,11,19.0,3.0,0.0
501261,MEK Hussey,32,37,34.0,2.0,0.0
501261,MS Dhoni,9,6,10.0,1.0,0.0
501261,OA Shah,3,3,3.0,0.0,0.0
501261,PA Patel,6,7,6.0,0.0,0.0
501261,RA Jadeja,19,13,22.0,1.0,1.0
501261,S Badrinath,13,10,15.0,0.0,1.0
501261,SK Raina,19,13,24.0,1.0,2.0
501261,WP Saha,46,35,53.0,1.0,3.0
501261,Y Gnaneswara Rao,19,18,22.0,3.0,0.0
501262,CJ Ferguson,16,19,18.0,2.0,0.0
501262,G Gambhir,54,48,61.0,7.0,0.0
501262,JD Ryder,1,6,1.0,0.0,0.0
501262,MK Pandey,16,12,19.0,3.0,0.0
501262,MK Tiwary,24,24,27.0,1.0,1.0
501262,R Bhatia,1,3,1.0,0.0,0.0
501262,RV Uthappa,12,20,13.0,1.0,0.0
501262,S Rana,18,16,20.0,2.0,0.0
501262,SC Ganguly,18,24,20.0,0.0,1.0
501262,SP Goswami,6,3,7.0,1.0,0.0
501262,WD Parnell,1,1,1.0,0.0,0.0
501262,YK Pathan,29,25,34.0,3.0,1.0
501262,Yuvraj Singh,24,26,26.0,2.0,0.0
501263,AT Rayudu,2,8,2.0,0.0,0.0
501263,Harbhajan Singh,1,1,1.0,0.0,0.0
501263,JEC Franklin,11,5,13.0,2.0,0.0
501263,KA Pollard,20,18,22.0,2.0,0.0
501263,R Dravid,43,32,49.0,6.0,0.0
501263,RG Sharma,58,49,65.0,5.0,1.0
501263,SR Tendulkar,31,35,34.0,3.0,0.0
501263,SR Watson,89,49,110.0,9.0,6.0
501263,TL Suman,5,6,6.0,1.0,0.0
501264,AC Gilchrist,51,38,61.0,6.0,2.0
501264,AM Nayar,3,7,3.0,0.0,0.0
501264,BA Bhatt,0,5,0.0,0.0,0.0
501264,CL White,15,12,15.0,0.0,0.0
501264,DB Ravi Teja,60,42,69.0,5.0,2.0
501264,JP Duminy,12,10,14.0,0.0,1.0
501264,KD Karthik,11,15,12.0,1.0,0.0
501264,Mandeep Singh,7,8,8.0,1.0,0.0
501264,P Kumar,0,7,0.0,0.0,0.0
501264,PC Valthaty,5,6,6.0,1.0,0.0
501264,PP Chawla,13,7,17.0,0.0,2.0
501264,R McLaren,9,14,9.0,0.0,0.0
501264,RJ Harris,0,1,0.0,0.0,0.0
501264,S Dhawan,95,59,111.0,14.0,1.0
501264,SE Marsh,13,8,16.0,3.0,0.0
501265,CA Ingram,13,12,14.0,1.0,0.0
501265,DA Warner,19,10,24.0,1.0,2.0
501265,MS Wade,11,20,11.0,0.0,0.0
501265,NV Ojha,8,20,9.0,1.0,0.0
501265,Y Venugopal Rao,0,1,0.0,0.0,0.0
501266,AB de Villiers,0,3,0.0,0.0,0.0
501266,CH Gayle,75,54,91.0,4.0,6.0
501266,DJ Bravo,5,5,6.0,1.0,0.0
501266,JA Morkel,5,10,5.0,0.0,0.0
501266,M Vijay,6,9,7.0,1.0,0.0
501266,MEK Hussey,4,8,4.0,0.0,0.0
501266,MS Dhoni,70,40,85.0,3.0,6.0
501266,R Ashwin,2,4,2.0,0.0,0.0
501266,S Badrinath,0,11,0.0,0.0,0.0
501266,SK Raina,4,7,5.0,1.0,0.0
501266,SS Tiwary,13,28,14.0,1.0,0.0
501266,V Kohli,31,31,36.0,5.0,0.0
501266,WP Saha,22,32,25.0,1.0,1.0
501267,AT Rayudu,17,7,21.0,0.0,2.0
501267,G Gambhir,8,7,10.0,0.0,1.0
501267,Harbhajan Singh,30,31,35.0,5.0,0.0
501267,JEC Franklin,45,24,52.0,5.0,1.0
501267,JH Kallis,59,43,69.0,4.0,3.0
501267,KA Pollard,18,23,20.0,2.0,0.0
501267,MK Tiwary,35,22,42.0,5.0,1.0
501267,R Bhatia,11,6,13.0,2.0,0.0
501267,RG Sharma,10,9,11.0,1.0,0.0
501267,RN ten Doeschate,18,12,21.0,1.0,1.0
501267,SP Goswami,1,4,1.0,0.0,0.0
501267,SR Tendulkar,38,28,44.0,6.0,0.0
501267,Shakib Al Hasan,1,1,1.0,0.0,0.0
501267,TL Suman,4,4,5.0,1.0,0.0
501267,YK Pathan,36,27,42.0,4.0,1.0
501268,AB de Villiers,11,10,13.0,0.0,1.0
501268,CH Gayle,8,9,10.0,0.0,1.0
501268,JA Morkel,28,10,35.0,1.0,3.0
501268,LA Pomersbach,29,18,35.0,2.0,2.0
501268,M Vijay,5,5,6.0,1.0,0.0
501268,MA Agarwal,34,36,39.0,5.0,0.0
501268,MEK Hussey,0,5,0.0,0.0,0.0
501268,MS Dhoni,29,19,34.0,3.0,1.0
501268,S Badrinath,34,33,39.0,5.0,0.0
501268,SK Raina,73,52,89.0,4.0,6.0
501268,SS Tiwary,9,6,10.0,1.0,0.0
501268,V Kohli,70,46,81.0,5.0,3.0
501269,AC Blizzard,51,30,62.0,7.0,2.0
501269,AT Rayudu,12,16,14.0,2.0,0.0
501269,B Lee,2,3,2.0,0.0,0.0
501269,G Gambhir,4,9,5.0,1.0,0.0
501269,Harbhajan Singh,11,5,14.0,1.0,1.0
501269,JEC Franklin,29,26,31.0,2.0,0.0
501269,JH Kallis,7,7,8.0,1.0,0.0
501269,KA Pollard,3,5,3.0,0.0,0.0
501269,MK Tiwary,4,7,4.0,0.0,0.0
501269,R Bhatia,2,3,2.0,0.0,0.0
501269,RN ten Doeschate,70,51,82.0,6.0,3.0
501269,SP Goswami,0,3,0.0,0.0,0.0
501269,SR Tendulkar,36,28,42.0,6.0,0.0
501269,Shakib Al Hasan,26,17,30.0,4.0,0.0
501269,TL Suman,2,7,2.0,0.0,0.0
501269,YK Pathan,26,24,29.0,3.0,0.0
501270,AB de Villiers,21,16,23.0,0.0,1.0
501270,AC Blizzard,10,11,12.0,2.0,0.0
501270,AN Ahmed,18,13,21.0,1.0,1.0
501270,AT Rayudu,0,1,0.0,0.0,0.0
501270,CH Gayle,89,50,108.0,9.0,5.0
501270,Harbhajan Singh,13,7,16.0,1.0,1.0
501270,JEC Franklin,16,17,18.0,0.0,1.0
501270,KA Pollard,3,6,3.0,0.0,0.0
501270,LA Pomersbach,4,5,4.0,0.0,0.0
501270,MA Agarwal,41,34,49.0,4.0,2.0
501270,R Sathish,18,22,19.0,1.0,0.0
501270,RG Sharma,13,15,14.0,1.0,0.0
501270,SL Malinga,7,5,9.0,0.0,1.0
501270,SR Tendulkar,40,25,47.0,7.0,0.0
501270,SS Tiwary,8,12,8.0,0.0,0.0
501270,V Kohli,8,12,8.0,0.0,0.0
501271,A Mithun,11,8,13.0,2.0,0.0
501271,AB de Villiers,18,12,21.0,3.0,0.0
501271,CH Gayle,0,3,0.0,0.0,0.0
501271,DJ Bravo,6,1,8.0,0.0,1.0
501271,DL Vettori,0,1,0.0,0.0,0.0
501271,J Syed Mohammad,2,3,2.0,0.0,0.0
501271,JA Morkel,2,4,2.0,0.0,0.0
501271,LA Pomersbach,2,3,2.0,0.0,0.0
501271,M Vijay,95,53,111.0,4.0,6.0
501271,MA Agarwal,10,5,12.0,2.0,0.0
501271,MEK Hussey,63,45,72.0,3.0,3.0
501271,MS Dhoni,22,13,26.0,0.0,2.0
501271,SK Raina,8,6,10.0,0.0,1.0
501271,SS Tiwary,42,34,49.0,1.0,3.0
501271,V Kohli,35,32,38.0,1.0,1.0
501271,Z Khan,21,21,23.0,2.0,0.0
548306,AT Rayudu,18,18,20.0,0.0,1.0
548306,DE Bollinger,3,5,3.0,0.0,0.0
548306,DJ Bravo,19,19,22.0,3.0,0.0
548306,F du Plessis,3,3,3.0,0.0,0.0
548306,JA Morkel,3,9,3.0,0.0,0.0
548306,JEC Franklin,25,31,27.0,2.0,0.0
548306,M Vijay,10,18,11.0,1.0,0.0
548306,MS Dhoni,4,6,4.0,0.0,0.0
548306,R Ashwin,3,5,3.0,0.0,0.0
548306,RA Jadeja,3,5,3.0,0.0,0.0
548306,RE Levi,50,36,62.0,6.0,3.0
548306,RG Sharma,0,3,0.0,0.0,0.0
548306,S Badrinath,10,17,10.0,0.0,0.0
548306,SB Jakati,6,10,6.0,0.0,0.0
548306,SK Raina,36,29,40.0,2.0,1.0
548306,SR Tendulkar,16,16,19.0,1.0,1.0
548307,AJ Finch,30,28,35.0,5.0,0.0
548307,B Lee,9,5,11.0,0.0,1.0
548307,BB McCullum,9,8,11.0,2.0,0.0
548307,DB Das,18,10,22.0,0.0,2.0
548307,G Gambhir,16,15,18.0,2.0,0.0
548307,GJ Maxwell,3,7,3.0,0.0,0.0
548307,IK Pathan,42,20,50.0,2.0,3.0
548307,Iqbal Abdulla,1,1,1.0,0.0,0.0
548307,JH Kallis,4,4,5.0,1.0,0.0
548307,LR Shukla,26,17,31.0,1.0,2.0
548307,MK Tiwary,0,1,0.0,0.0,0.0
548307,R Bhatia,7,9,7.0,0.0,0.0
548307,V Sehwag,20,13,23.0,1.0,1.0
548307,YK Pathan,0,4,0.0,0.0,0.0
548308,AT Rayudu,1,2,1.0,0.0,0.0
548308,B Kumar,2,4,2.0,0.0,0.0
548308,CJ Ferguson,12,13,13.0,1.0,0.0
548308,Harbhajan Singh,16,15,18.0,2.0,0.0
548308,JEC Franklin,32,44,35.0,1.0,1.0
548308,KA Pollard,8,11,8.0,0.0,0.0
548308,KD Karthik,32,34,38.0,4.0,1.0
548308,M Kartik,14,9,17.0,1.0,1.0
548308,MK Pandey,0,5,0.0,0.0,0.0
548308,MM Patel,1,2,1.0,0.0,0.0
548308,MN Samuels,4,4,4.0,0.0,0.0
548308,PP Ojha,0,1,0.0,0.0,0.0
548308,RE Levi,0,2,0.0,0.0,0.0
548308,RG Sharma,1,6,1.0,0.0,0.0
548308,RV Uthappa,36,35,39.0,3.0,0.0
548308,SA Yadav,0,4,0.0,0.0,0.0
548308,SC Ganguly,3,6,3.0,0.0,0.0
548308,SL Malinga,5,3,6.0,1.0,0.0
548308,SPD Smith,39,32,43.0,4.0,0.0
548308,WD Parnell,11,15,13.0,2.0,0.0
548309,AC Gilchrist,27,19,32.0,3.0,1.0
548309,AL Menaria,0,3,0.0,0.0,0.0
548309,AM Nayar,10,10,12.0,0.0,1.0
548309,AM Rahane,98,72,116.0,16.0,1.0
548309,BJ Hodge,21,16,24.0,1.0,1.0
548309,Bipul Sharma,18,13,20.0,2.0,0.0
548309,DJ Hussey,13,10,14.0,1.0,0.0
548309,Harmeet Singh,1,1,1.0,0.0,0.0
548309,JP Faulkner,11,9,11.0,0.0,0.0
548309,KK Cooper,11,3,14.0,1.0,1.0
548309,Mandeep Singh,34,25,39.0,5.0,0.0
548309,OA Shah,14,9,16.0,2.0,0.0
548309,P Kumar,10,6,12.0,0.0,1.0
548309,PC Valthaty,13,15,15.0,2.0,0.0
548309,PP Chawla,10,8,12.0,0.0,1.0
548309,R Dravid,28,24,31.0,3.0,0.0
548309,SE Marsh,7,6,8.0,1.0,0.0
548310,AB McDonald,30,19,38.0,4.0,2.0
548310,AB de Villiers,64,42,74.0,6.0,2.0
548310,AJ Finch,25,24,28.0,3.0,0.0
548310,CA Pujara,11,13,12.0,1.0,0.0
548310,DAJ Bracewell,12,9,13.0,1.0,0.0
548310,DL Vettori,3,5,3.0,0.0,0.0
548310,GJ Maxwell,3,4,3.0,0.0,0.0
548310,HV Patel,0,1,0.0,0.0,0.0
548310,IK Pathan,24,16,28.0,2.0,1.0
548310,M Morkel,2,3,2.0,0.0,0.0
548310,MA Agarwal,16,15,19.0,1.0,1.0
548310,NV Ojha,33,27,39.0,4.0,1.0
548310,R Vinay Kumar,18,16,19.0,1.0,0.0
548310,SS Tiwary,1,3,1.0,0.0,0.0
548310,V Kohli,8,8,9.0,1.0,0.0
548310,V Sehwag,0,1,0.0,0.0,0.0
548310,Y Nagar,16,15,18.0,2.0,0.0
548310,Y Venugopal Rao,18,23,19.0,1.0,0.0
548311,Ankit Sharma,15,8,19.0,0.0,2.0
548311,B Chipli,10,9,12.0,0.0,1.0
548311,CL White,23,16,27.0,2.0,1.0
548311,DB Ravi Teja,0,2,0.0,0.0,0.0
548311,DJ Bravo,43,19,53.0,0.0,5.0
548311,DJ Harris,15,14,18.0,3.0,0.0
548311,DT Christian,2,3,2.0,0.0,0.0
548311,DW Steyn,5,8,5.0,0.0,0.0
548311,F du Plessis,39,25,48.0,1.0,4.0
548311,JA Morkel,2,4,2.0,0.0,0.0
548311,M Vijay,2,5,2.0,0.0,0.0
548311,MS Dhoni,7,10,7.0,0.0,0.0
548311,MS Gony,4,8,4.0,0.0,0.0
548311,PA Patel,20,17,23.0,3.0,0.0
548311,RA Jadeja,48,29,57.0,3.0,3.0
548311,S Badrinath,25,22,28.0,3.0,0.0
548311,S Dhawan,21,21,24.0,3.0,0.0
548311,SK Raina,16,13,19.0,3.0,0.0
548312,AL Menaria,40,31,46.0,4.0,1.0
548312,AM Rahane,0,4,0.0,0.0,0.0
548312,B Lee,25,12,31.0,2.0,2.0
548312,BB McCullum,2,4,2.0,0.0,0.0
548312,BJ Hodge,44,29,51.0,3.0,2.0
548312,DB Das,12,14,14.0,0.0,1.0
548312,G Gambhir,0,1,0.0,0.0,0.0
548312,Iqbal Abdulla,1,2,1.0,0.0,0.0
548312,JH Kallis,5,9,5.0,0.0,0.0
548312,KK Cooper,5,5,5.0,0.0,0.0
548312,LR Shukla,8,8,10.0,0.0,1.0
548312,MK Tiwary,59,50,66.0,7.0,0.0
548312,OA Shah,23,11,27.0,2.0,1.0
548312,R Bhatia,8,8,9.0,1.0,0.0
548312,R Dravid,26,24,32.0,2.0,2.0
548312,SP Goswami,23,19,25.0,2.0,0.0
548312,SP Narine,0,1,0.0,0.0,0.0
548312,YK Pathan,15,16,17.0,0.0,1.0
548313,AC Gilchrist,6,11,7.0,1.0,0.0
548313,AD Mascarenhas,5,5,5.0,0.0,0.0
548313,AM Nayar,24,28,26.0,2.0,0.0
548313,Bipul Sharma,35,18,42.0,3.0,2.0
548313,CJ Ferguson,3,6,3.0,0.0,0.0
548313,DJ Hussey,18,18,20.0,0.0,1.0
548313,JD Ryder,8,9,8.0,0.0,0.0
548313,JP Faulkner,3,5,3.0,0.0,0.0
548313,MK Pandey,12,4,15.0,1.0,1.0
548313,MN Samuels,46,39,54.0,4.0,2.0
548313,Mandeep Singh,24,24,27.0,3.0,0.0
548313,P Kumar,1,2,1.0,0.0,0.0
548313,PC Valthaty,1,5,1.0,0.0,0.0
548313,PP Chawla,16,8,20.0,2.0,1.0
548313,R Sharma,0,2,0.0,0.0,0.0
548313,RV Uthappa,40,34,46.0,2.0,2.0
548313,SC Ganguly,20,18,23.0,3.0,0.0
548313,SPD Smith,25,12,31.0,0.0,3.0
548314,A Mishra,0,2,0.0,0.0,0.0
548314,AT Rayudu,19,24,20.0,1.0,0.0
548314,Ankit Sharma,1,2,1.0,0.0,0.0
548314,B Chipli,1,6,1.0,0.0,0.0
548314,CL White,30,23,35.0,1.0,2.0
548314,DB Ravi Teja,4,2,5.0,1.0,0.0
548314,DT Christian,39,38,44.0,1.0,2.0
548314,DW Steyn,2,2,2.0,0.0,0.0
548314,JEC Franklin,7,4,8.0,1.0,0.0
548314,KA Pollard,24,18,30.0,0.0,3.0
548314,KC Sangakkara,14,19,15.0,1.0,0.0
548314,KD Karthik,7,6,8.0,1.0,0.0
548314,PA Patel,1,5,1.0,0.0,0.0
548314,RE Levi,3,9,3.0,0.0,0.0
548314,RG Sharma,73,50,87.0,4.0,5.0
548314,S Dhawan,41,24,51.0,2.0,4.0
548314,TL Suman,5,9,6.0,1.0,0.0
548315,AB de Villiers,10,10,11.0,1.0,0.0
548315,B Lee,8,4,10.0,0.0,1.0
548315,CA Pujara,6,9,8.0,0.0,1.0
548315,CH Gayle,2,8,2.0,0.0,0.0
548315,DL Vettori,20,13,25.0,3.0,1.0
548315,G Gambhir,64,39,75.0,9.0,1.0
548315,HV Patel,10,11,11.0,1.0,0.0
548315,JH Kallis,22,23,27.0,3.0,1.0
548315,LR Shukla,5,8,5.0,0.0,0.0
548315,MA Agarwal,5,6,5.0,0.0,0.0
548315,MK Tiwary,2,5,2.0,0.0,0.0
548315,MS Bisla,46,29,54.0,2.0,3.0
548315,R Bhatia,4,1,5.0,1.0,0.0
548315,R Vinay Kumar,25,29,27.0,0.0,1.0
548315,RN ten Doeschate,3,4,3.0,0.0,0.0
548315,SS Tiwary,18,20,19.0,1.0,0.0
548315,Shakib Al Hasan,4,6,4.0,0.0,0.0
548315,V Kohli,6,14,7.0,1.0,0.0
548315,YK Pathan,1,3,1.0,0.0,0.0
548315,Z Khan,11,7,12.0,1.0,0.0
548316,DJ Bravo,22,31,23.0,1.0,0.0
548316,DPMD Jayawardene,20,21,21.0,1.0,0.0
548316,F du Plessis,15,13,18.0,3.0,0.0
548316,JA Morkel,2,3,2.0,0.0,0.0
548316,KP Pietersen,43,26,50.0,3.0,2.0
548316,MS Dhoni,11,18,11.0,0.0,0.0
548316,NV Ojha,14,12,17.0,3.0,0.0
548316,R Ashwin,8,5,9.0,1.0,0.0
548316,RA Jadeja,13,17,14.0,1.0,0.0
548316,S Badrinath,15,18,18.0,1.0,1.0
548316,SB Jakati,1,2,1.0,0.0,0.0
548316,SK Raina,17,17,21.0,0.0,2.0
548316,V Sehwag,33,21,39.0,4.0,1.0
548317,A Singh,0,3,0.0,0.0,0.0
548317,AA Chavan,4,2,5.0,1.0,0.0
548317,AL Menaria,20,16,24.0,2.0,1.0
548317,AM Rahane,40,31,48.0,4.0,2.0
548317,AT Rayudu,47,32,54.0,1.0,3.0
548317,GB Hogg,2,5,2.0,0.0,0.0
548317,Harbhajan Singh,18,6,23.0,1.0,2.0
548317,J Botha,2,3,2.0,0.0,0.0
548317,JEC Franklin,2,3,2.0,0.0,0.0
548317,KA Pollard,64,33,78.0,6.0,4.0
548317,KD Karthik,0,1,0.0,0.0,0.0
548317,KK Cooper,14,6,18.0,0.0,2.0
548317,OA Shah,76,43,91.0,5.0,5.0
548317,R Dravid,3,5,3.0,0.0,0.0
548317,RE Levi,29,22,35.0,4.0,1.0
548317,RG Sharma,21,13,25.0,2.0,1.0
548317,SK Trivedi,5,6,5.0,0.0,0.0
548317,SP Goswami,0,1,0.0,0.0,0.0
548317,TL Suman,10,10,12.0,0.0,1.0
548318,AB de Villiers,4,3,5.0,1.0,0.0
548318,CA Pujara,0,1,0.0,0.0,0.0
548318,CH Gayle,68,40,82.0,2.0,6.0
548318,DJ Bravo,25,15,29.0,2.0,1.0
548318,DL Vettori,1,1,1.0,0.0,0.0
548318,F du Plessis,71,46,84.0,5.0,4.0
548318,JA Morkel,28,7,36.0,2.0,3.0
548318,M Vijay,11,15,12.0,1.0,0.0
548318,MA Agarwal,45,28,56.0,5.0,3.0
548318,MS Dhoni,41,26,46.0,1.0,2.0
548318,R Vinay Kumar,6,1,8.0,0.0,1.0
548318,RA Jadeja,4,1,5.0,1.0,0.0
548318,RR Bhatkal,0,2,0.0,0.0,0.0
548318,SK Raina,23,14,28.0,3.0,1.0
548318,SS Tiwary,8,6,9.0,1.0,0.0
548318,V Kohli,57,48,66.0,5.0,2.0
548319,A Nehra,2,5,2.0,0.0,0.0
548319,AB Dinda,2,5,2.0,0.0,0.0
548319,AC Gilchrist,21,17,24.0,3.0,0.0
548319,AD Mathews,11,9,13.0,2.0,0.0
548319,JD Ryder,7,12,8.0,1.0,0.0
548319,M Manhas,31,29,36.0,3.0,1.0
548319,MK Pandey,0,3,0.0,0.0,0.0
548319,MN Samuels,2,13,2.0,0.0,0.0
548319,Mandeep Singh,10,10,11.0,1.0,0.0
548319,PC Valthaty,0,1,0.0,0.0,0.0
548319,PP Chawla,21,24,24.0,3.0,0.0
548319,R Sharma,2,4,2.0,0.0,0.0
548319,RV Uthappa,17,17,19.0,0.0,1.0
548319,SC Ganguly,16,9,19.0,3.0,0.0
548319,SE Marsh,64,54,73.0,7.0,1.0
548319,SPD Smith,13,13,14.0,1.0,0.0
548320,AL Menaria,1,6,1.0,0.0,0.0
548320,AM Rahane,19,16,22.0,3.0,0.0
548320,BJ Hodge,12,11,14.0,0.0,1.0
548320,G Gambhir,11,12,13.0,2.0,0.0
548320,J Botha,6,7,7.0,1.0,0.0
548320,JH Kallis,31,38,34.0,3.0,0.0
548320,MK Tiwary,24,18,27.0,1.0,1.0
548320,MS Bisla,29,32,32.0,3.0,0.0
548320,OA Shah,31,36,34.0,3.0,0.0
548320,R Dravid,28,27,33.0,5.0,0.0
548320,RN ten Doeschate,7,3,9.0,0.0,1.0
548320,SP Goswami,24,22,27.0,1.0,1.0
548320,Shakib Al Hasan,16,10,19.0,1.0,1.0
548320,YK Pathan,7,8,8.0,1.0,0.0
548321,A Mishra,6,7,6.0,0.0,0.0
548321,AA Jhunjhunwala,4,6,5.0,1.0,0.0
548321,Ankit Sharma,1,1,1.0,0.0,0.0
548321,B Chipli,25,17,30.0,3.0,1.0
548321,DPMD Jayawardene,6,5,7.0,1.0,0.0
548321,DT Christian,19,22,20.0,1.0,0.0
548321,DW Steyn,2,3,2.0,0.0,0.0
548321,IK Pathan,5,13,5.0,0.0,0.0
548321,JP Duminy,4,5,4.0,0.0,0.0
548321,KC Sangakkara,1,7,1.0,0.0,0.0
548321,KP Pietersen,103,66,127.0,6.0,9.0
548321,LRPL Taylor,13,11,14.0,1.0,0.0
548321,NV Ojha,1,4,1.0,0.0,0.0
548321,PA Patel,45,27,52.0,5.0,1.0
548321,S Dhawan,44,31,51.0,5.0,1.0
548321,V Sehwag,7,5,8.0,1.0,0.0
548321,Y Nagar,23,15,26.0,3.0,0.0
548322,DJ Bravo,5,2,6.0,1.0,0.0
548322,F du Plessis,43,34,52.0,5.0,2.0
548322,JA Morkel,3,3,3.0,0.0,0.0
548322,JD Ryder,73,56,82.0,7.0,1.0
548322,M Vijay,8,11,8.0,0.0,0.0
548322,MN Samuels,8,15,8.0,0.0,0.0
548322,MS Dhoni,26,28,27.0,1.0,0.0
548322,RA Jadeja,44,27,52.0,4.0,2.0
548322,RV Uthappa,10,8,12.0,0.0,1.0
548322,SC Ganguly,16,17,17.0,1.0,0.0
548322,SK Raina,20,19,22.0,2.0,0.0
548322,SPD Smith,44,23,54.0,4.0,3.0
548323,AC Gilchrist,5,9,5.0,0.0,0.0
548323,AD Mascarenhas,0,1,0.0,0.0,0.0
548323,BA Bhatt,6,2,8.0,0.0,1.0
548323,Bipul Sharma,12,11,14.0,0.0,1.0
548323,DB Das,35,23,40.0,3.0,1.0
548323,DJ Hussey,32,31,35.0,1.0,1.0
548323,G Gambhir,22,13,26.0,4.0,0.0
548323,Harmeet Singh,14,6,17.0,3.0,0.0
548323,JH Kallis,1,5,1.0,0.0,0.0
548323,MK Tiwary,20,27,21.0,1.0,0.0
548323,MS Bisla,27,27,30.0,1.0,1.0
548323,Mandeep Singh,38,34,43.0,3.0,1.0
548323,P Dogra,6,11,6.0,0.0,0.0
548323,P Kumar,0,1,0.0,0.0,0.0
548323,PP Chawla,13,8,15.0,0.0,1.0
548323,R Bhatia,3,2,3.0,0.0,0.0
548323,RN ten Doeschate,11,14,12.0,1.0,0.0
548323,SE Marsh,1,7,1.0,0.0,0.0
548323,Shakib Al Hasan,4,8,4.0,0.0,0.0
548323,YK Pathan,0,3,0.0,0.0,0.0
548324,AB de Villiers,6,10,6.0,0.0,0.0
548324,AM Rahane,103,60,125.0,12.0,5.0
548324,BJ Hodge,1,2,1.0,0.0,0.0
548324,CH Gayle,8,9,10.0,0.0,1.0
548324,DL Vettori,1,2,1.0,0.0,0.0
548324,M Kaif,14,16,15.0,1.0,0.0
548324,M Muralitharan,6,8,6.0,0.0,0.0
548324,MA Agarwal,34,21,43.0,3.0,3.0
548324,OA Shah,60,27,75.0,5.0,5.0
548324,R Dravid,25,32,27.0,2.0,0.0
548324,R Vinay Kumar,11,9,12.0,1.0,0.0
548324,S Aravind,14,8,17.0,3.0,0.0
548324,SS Tiwary,17,16,19.0,0.0,1.0
548324,V Kohli,22,18,24.0,2.0,0.0
548324,Z Khan,0,3,0.0,0.0,0.0
548325,AT Rayudu,4,12,4.0,0.0,0.0
548325,CJ McKay,8,15,8.0,0.0,0.0
548325,DJ Jacobs,0,10,0.0,0.0,0.0
548325,DPMD Jayawardene,17,21,18.0,1.0,0.0
548325,Harbhajan Singh,33,23,40.0,5.0,1.0
548325,KA Pollard,1,4,1.0,0.0,0.0
548325,KD Karthik,3,4,3.0,0.0,0.0
548325,KP Pietersen,9,8,10.0,1.0,0.0
548325,LRPL Taylor,11,12,12.0,1.0,0.0
548325,MM Patel,1,5,1.0,0.0,0.0
548325,NV Ojha,13,17,15.0,2.0,0.0
548325,PP Ojha,3,12,3.0,0.0,0.0
548325,RE Levi,1,4,1.0,0.0,0.0
548325,RG Sharma,29,27,34.0,5.0,0.0
548325,RP Singh,0,4,0.0,0.0,0.0
548325,V Sehwag,32,37,36.0,2.0,1.0
548326,AL Menaria,22,20,25.0,1.0,1.0
548326,AM Rahane,44,32,51.0,5.0,1.0
548326,BJ Hodge,48,21,58.0,6.0,2.0
548326,DH Yagnik,9,3,11.0,2.0,0.0
548326,DT Christian,29,19,33.0,2.0,1.0
548326,J Botha,14,9,16.0,0.0,1.0
548326,JP Duminy,58,27,71.0,3.0,5.0
548326,KC Sangakkara,44,36,51.0,5.0,1.0
548326,OA Shah,12,12,13.0,1.0,0.0
548326,R Dravid,42,27,51.0,7.0,1.0
548326,S Dhawan,52,43,60.0,8.0,0.0
548327,AB de Villiers,33,14,41.0,2.0,3.0
548327,AD Mathews,10,7,12.0,0.0,1.0
548327,CH Gayle,81,49,101.0,4.0,8.0
548327,JD Ryder,34,22,40.0,4.0,1.0
548327,M Manhas,6,4,7.0,1.0,0.0
548327,MA Agarwal,9,11,11.0,0.0,1.0
548327,MN Samuels,34,20,39.0,1.0,2.0
548327,RV Uthappa,69,48,82.0,9.0,2.0
548327,SC Ganguly,6,8,6.0,0.0,0.0
548327,SPD Smith,16,14,18.0,0.0,1.0
548327,SS Tiwary,36,23,41.0,1.0,2.0
548327,TM Dilshan,4,8,4.0,0.0,0.0
548327,V Kohli,16,19,17.0,1.0,0.0
548328,AC Gilchrist,40,30,45.0,3.0,1.0
548328,AD Mascarenhas,9,10,10.0,1.0,0.0
548328,BB McCullum,15,18,18.0,3.0,0.0
548328,DJ Hussey,10,14,10.0,0.0,0.0
548328,G Gambhir,66,44,75.0,7.0,1.0
548328,JH Kallis,30,23,34.0,2.0,1.0
548328,MS Bisla,11,15,13.0,0.0,1.0
548328,Mandeep Singh,6,10,6.0,0.0,0.0
548328,P Dogra,6,9,6.0,0.0,0.0
548328,PC Valthaty,8,9,9.0,1.0,0.0
548328,PP Chawla,9,10,9.0,0.0,0.0
548328,SE Marsh,33,30,37.0,4.0,0.0
548329,CL White,65,41,76.0,7.0,2.0
548329,DA Warner,109,55,133.0,10.0,7.0
548329,DJ Harris,19,17,23.0,4.0,0.0
548329,JP Duminy,13,9,15.0,2.0,0.0
548329,KC Sangakkara,4,5,5.0,1.0,0.0
548329,NV Ojha,64,47,76.0,2.0,5.0
548329,S Dhawan,84,49,103.0,9.0,5.0
548329,V Sehwag,4,2,5.0,1.0,0.0
548330,AD Mathews,27,23,28.0,1.0,0.0
548330,B Kumar,2,5,2.0,0.0,0.0
548330,DJ Bravo,12,8,14.0,0.0,1.0
548330,F du Plessis,58,48,66.0,4.0,2.0
548330,JD Ryder,9,10,11.0,2.0,0.0
548330,M Kartik,4,3,4.0,0.0,0.0
548330,MK Pandey,13,6,15.0,0.0,1.0
548330,MN Samuels,26,24,30.0,2.0,1.0
548330,MS Dhoni,28,12,33.0,3.0,1.0
548330,RA Jadeja,7,3,9.0,0.0,1.0
548330,RV Uthappa,8,5,10.0,2.0,0.0
548330,S Badrinath,57,48,65.0,8.0,0.0
548330,SC Ganguly,24,26,28.0,4.0,0.0
548330,SK Raina,0,2,0.0,0.0,0.0
548330,SPD Smith,23,22,23.0,0.0,0.0
548331,AB McDonald,8,6,9.0,1.0,0.0
548331,AB de Villiers,52,41,58.0,6.0,0.0
548331,Azhar Mahmood,33,14,40.0,3.0,2.0
548331,CH Gayle,87,61,103.0,8.0,4.0
548331,DA Miller,8,14,8.0,0.0,0.0
548331,DJ Hussey,41,36,45.0,4.0,0.0
548331,DL Vettori,2,3,2.0,0.0,0.0
548331,MA Agarwal,1,3,1.0,0.0,0.0
548331,Mandeep Singh,20,15,20.0,0.0,0.0
548331,N Saini,14,12,15.0,1.0,0.0
548331,PC Valthaty,6,12,7.0,1.0,0.0
548331,PP Chawla,7,3,8.0,1.0,0.0
548331,SE Marsh,26,17,31.0,3.0,1.0
548331,SS Tiwary,4,7,4.0,0.0,0.0
548331,V Kohli,4,4,5.0,1.0,0.0
548332,AL Menaria,36,34,40.0,2.0,1.0
548332,AM Rahane,15,10,18.0,3.0,0.0
548332,BJ Hodge,3,5,3.0,0.0,0.0
548332,DJ Bravo,16,10,17.0,1.0,0.0
548332,F du Plessis,73,53,83.0,6.0,2.0
548332,MS Dhoni,15,12,16.0,1.0,0.0
548332,OA Shah,52,45,62.0,4.0,3.0
548332,R Dravid,26,29,31.0,3.0,1.0
548332,S Badrinath,15,22,16.0,1.0,0.0
548332,SK Raina,26,24,29.0,3.0,0.0
548333,AD Mathews,6,2,7.0,1.0,0.0
548333,DPMD Jayawardene,7,7,8.0,1.0,0.0
548333,IK Pathan,15,11,17.0,0.0,1.0
548333,JD Ryder,86,58,101.0,7.0,4.0
548333,KP Pietersen,32,23,39.0,1.0,3.0
548333,LRPL Taylor,12,14,13.0,1.0,0.0
548333,M Morkel,1,1,1.0,0.0,0.0
548333,NV Ojha,11,6,13.0,0.0,1.0
548333,P Negi,8,8,9.0,1.0,0.0
548333,RV Uthappa,10,14,12.0,2.0,0.0
548333,SC Ganguly,41,42,48.0,5.0,1.0
548333,SPD Smith,34,14,42.0,4.0,2.0
548333,V Sehwag,57,33,70.0,5.0,4.0
548333,Y Nagar,24,19,27.0,3.0,0.0
548334,AT Rayudu,3,4,3.0,0.0,0.0
548334,Azhar Mahmood,10,8,12.0,0.0,1.0
548334,DA Miller,5,5,5.0,0.0,0.0
548334,DJ Hussey,21,19,23.0,2.0,0.0
548334,Harbhajan Singh,4,3,5.0,1.0,0.0
548334,JEC Franklin,79,51,93.0,6.0,4.0
548334,KA Pollard,7,10,8.0,1.0,0.0
548334,KD Karthik,35,20,40.0,5.0,0.0
548334,Mandeep Singh,24,21,27.0,3.0,0.0
548334,N Saini,30,25,35.0,5.0,0.0
548334,NLTC Perera,4,8,4.0,0.0,0.0
548334,RG Sharma,2,5,2.0,0.0,0.0
548334,SE Marsh,68,43,79.0,5.0,3.0
548334,SR Tendulkar,23,24,26.0,3.0,0.0
548335,A Mishra,1,1,1.0,0.0,0.0
548335,Ankit Sharma,1,2,1.0,0.0,0.0
548335,BB McCullum,10,9,11.0,1.0,0.0
548335,CL White,10,9,11.0,1.0,0.0
548335,DB Das,9,8,10.0,1.0,0.0
548335,DW Steyn,7,3,9.0,0.0,1.0
548335,G Gambhir,30,31,34.0,4.0,0.0
548335,IR Jaggi,3,7,3.0,0.0,0.0
548335,JH Kallis,23,24,25.0,2.0,0.0
548335,JP Duminy,16,15,17.0,1.0,0.0
548335,KC Sangakkara,12,15,13.0,1.0,0.0
548335,MK Tiwary,30,30,32.0,2.0,0.0
548335,MS Bisla,10,14,12.0,2.0,0.0
548335,PA Patel,23,19,25.0,2.0,0.0
548335,S Dhawan,50,50,56.0,4.0,1.0
548335,YK Pathan,6,5,8.0,0.0,1.0
548336,AB de Villiers,59,24,72.0,3.0,5.0
548336,AM Rahane,13,19,14.0,1.0,0.0
548336,BJ Hodge,10,8,11.0,1.0,0.0
548336,CH Gayle,4,8,4.0,0.0,0.0
548336,GB Hogg,13,11,14.0,1.0,0.0
548336,KK Cooper,8,6,10.0,2.0,0.0
548336,MA Agarwal,15,17,17.0,2.0,0.0
548336,OA Shah,10,15,12.0,0.0,1.0
548336,R Dravid,58,44,66.0,8.0,0.0
548336,SP Goswami,1,2,1.0,0.0,0.0
548336,STR Binny,20,19,22.0,2.0,0.0
548336,TM Dilshan,76,60,88.0,10.0,1.0
548336,V Kohli,16,16,18.0,2.0,0.0
548337,DPMD Jayawardene,18,15,21.0,3.0,0.0
548337,JD Ryder,0,2,0.0,0.0,0.0
548337,KP Pietersen,27,21,32.0,1.0,2.0
548337,LRPL Taylor,9,14,9.0,0.0,0.0
548337,MK Pandey,80,56,93.0,7.0,3.0
548337,RV Uthappa,60,58,66.0,6.0,0.0
548337,SC Ganguly,1,4,1.0,0.0,0.0
548337,V Sehwag,87,48,103.0,10.0,3.0
548339,AT Rayudu,34,17,40.0,2.0,2.0
548339,DA Miller,34,17,41.0,1.0,3.0
548339,DJ Hussey,68,44,80.0,4.0,4.0
548339,Harbhajan Singh,0,2,0.0,0.0,0.0
548339,JEC Franklin,22,23,24.0,2.0,0.0
548339,KA Pollard,3,8,3.0,0.0,0.0
548339,KD Karthik,3,6,3.0,0.0,0.0
548339,Mandeep Singh,22,16,26.0,4.0,0.0
548339,N Saini,17,22,19.0,2.0,0.0
548339,RG Sharma,50,31,59.0,3.0,3.0
548339,RJ Peterson,16,7,20.0,2.0,1.0
548339,SE Marsh,17,27,18.0,1.0,0.0
548339,SR Tendulkar,34,29,38.0,4.0,0.0
548341,AC Thomas,12,9,14.0,0.0,1.0
548341,B Kumar,7,4,8.0,1.0,0.0
548341,CL White,78,46,94.0,6.0,5.0
548341,IR Jaggi,10,8,10.0,0.0,0.0
548341,JD Ryder,7,6,8.0,1.0,0.0
548341,JP Duminy,26,24,28.0,0.0,1.0
548341,KC Sangakkara,12,15,13.0,1.0,0.0
548341,M Manhas,22,15,26.0,0.0,2.0
548341,MK Pandey,21,22,25.0,2.0,1.0
548341,MN Samuels,3,8,3.0,0.0,0.0
548341,PA Patel,24,18,29.0,3.0,1.0
548341,RV Uthappa,29,27,33.0,2.0,1.0
548341,S Dhawan,16,11,19.0,1.0,1.0
548341,SC Ganguly,23,21,28.0,3.0,1.0
548341,SPD Smith,26,14,32.0,0.0,3.0
548342,AC Blizzard,0,3,0.0,0.0,0.0
548342,AT Rayudu,62,41,73.0,5.0,3.0
548342,DPMD Jayawardene,55,42,63.0,8.0,0.0
548342,Harbhajan Singh,15,13,17.0,2.0,0.0
548342,IK Pathan,0,1,0.0,0.0,0.0
548342,KA Pollard,16,9,19.0,1.0,1.0
548342,KD Karthik,40,28,47.0,7.0,0.0
548342,KP Pietersen,50,27,62.0,6.0,3.0
548342,LRPL Taylor,15,7,19.0,0.0,2.0
548342,NV Ojha,5,4,5.0,0.0,0.0
548342,RG Sharma,12,6,15.0,1.0,1.0
548342,RJ Peterson,2,2,2.0,0.0,0.0
548342,RP Singh,1,1,1.0,0.0,0.0
548342,SL Malinga,11,14,12.0,1.0,0.0
548342,SR Tendulkar,7,7,9.0,0.0,1.0
548342,V Sehwag,73,43,89.0,8.0,4.0
548342,Y Nagar,0,1,0.0,0.0,0.0
548343,Azhar Mahmood,18,13,22.0,0.0,2.0
548343,Bipul Sharma,7,5,8.0,1.0,0.0
548343,DA Miller,19,15,21.0,2.0,0.0
548343,DJ Bravo,30,23,34.0,0.0,2.0
548343,DJ Hussey,7,4,8.0,1.0,0.0
548343,F du Plessis,29,20,36.0,3.0,2.0
548343,JA Morkel,8,9,8.0,0.0,0.0
548343,KMDN Kulasekara,5,3,6.0,1.0,0.0
548343,MS Dhoni,1,4,1.0,0.0,0.0
548343,Mandeep Singh,56,53,63.0,5.0,1.0
548343,N Saini,6,4,7.0,1.0,0.0
548343,P Kumar,6,6,6.0,0.0,0.0
548343,PP Chawla,0,2,0.0,0.0,0.0
548343,R Ashwin,7,3,8.0,1.0,0.0
548343,RA Jadeja,17,12,20.0,1.0,1.0
548343,S Badrinath,25,18,29.0,4.0,0.0
548343,SE Marsh,32,23,38.0,4.0,1.0
548343,SK Raina,15,17,16.0,1.0,0.0
548343,WP Saha,6,14,6.0,0.0,0.0
548344,AB de Villiers,0,1,0.0,0.0,0.0
548344,BB McCullum,43,38,51.0,8.0,0.0
548344,CH Gayle,86,59,105.0,7.0,6.0
548344,DL Vettori,4,4,4.0,0.0,0.0
548344,G Gambhir,93,54,112.0,9.0,5.0
548344,JH Kallis,41,27,48.0,1.0,3.0
548344,MA Agarwal,10,13,11.0,1.0,0.0
548344,MK Tiwary,1,1,1.0,0.0,0.0
548344,R Vinay Kumar,0,1,0.0,0.0,0.0
548344,SS Tiwary,19,23,22.0,1.0,1.0
548344,TM Dilshan,1,3,1.0,0.0,0.0
548344,V Kohli,18,19,21.0,3.0,0.0
548344,YK Pathan,7,4,9.0,0.0,1.0
548345,AM Rahane,84,65,95.0,9.0,1.0
548345,BJ Hodge,22,18,25.0,3.0,0.0
548345,DPMD Jayawardene,6,5,7.0,1.0,0.0
548345,IK Pathan,7,5,8.0,1.0,0.0
548345,KP Pietersen,5,5,6.0,1.0,0.0
548345,LRPL Taylor,25,36,25.0,0.0,0.0
548345,NV Ojha,11,11,13.0,0.0,1.0
548345,OA Shah,1,1,1.0,0.0,0.0
548345,R Dravid,40,40,45.0,5.0,0.0
548345,V Sehwag,63,40,75.0,8.0,2.0
548345,Y Nagar,27,21,33.0,2.0,2.0
548346,A Ashish Reddy,10,10,12.0,0.0,1.0
548346,A Mishra,1,6,1.0,0.0,0.0
548346,AT Rayudu,19,16,21.0,2.0,0.0
548346,B Chipli,1,3,1.0,0.0,0.0
548346,CL White,0,2,0.0,0.0,0.0
548346,DT Christian,5,5,6.0,1.0,0.0
548346,DW Steyn,3,5,3.0,0.0,0.0
548346,IR Jaggi,2,7,2.0,0.0,0.0
548346,JEC Franklin,13,22,13.0,0.0,0.0
548346,JP Duminy,25,26,28.0,3.0,0.0
548346,KD Karthik,2,6,2.0,0.0,0.0
548346,PA Patel,19,18,22.0,1.0,1.0
548346,RE Levi,0,1,0.0,0.0,0.0
548346,RG Sharma,42,50,48.0,4.0,1.0
548346,RJ Peterson,1,6,1.0,0.0,0.0
548346,S Dhawan,29,32,32.0,3.0,0.0
548346,SR Tendulkar,14,16,15.0,1.0,0.0
548346,V Pratap Singh,0,1,0.0,0.0,0.0
548347,BB McCullum,2,8,2.0,0.0,0.0
548347,DB Das,11,4,13.0,2.0,0.0
548347,DJ Bravo,12,14,14.0,0.0,1.0
548347,F du Plessis,3,4,3.0,0.0,0.0
548347,G Gambhir,63,56,71.0,6.0,1.0
548347,JA Morkel,13,8,13.0,0.0,0.0
548347,JH Kallis,26,35,29.0,1.0,1.0
548347,MEK Hussey,18,20,20.0,2.0,0.0
548347,MK Tiwary,13,13,14.0,1.0,0.0
548347,MS Dhoni,34,30,36.0,2.0,0.0
548347,RA Jadeja,9,13,9.0,0.0,0.0
548347,SK Raina,44,34,50.0,4.0,1.0
548347,YK Pathan,12,11,12.0,0.0,0.0
548348,BB Samantray,2,2,2.0,0.0,0.0
548348,CL White,74,45,86.0,4.0,4.0
548348,JP Duminy,4,3,4.0,0.0,0.0
548348,KC Sangakkara,82,52,96.0,10.0,2.0
548348,M Manhas,7,4,9.0,0.0,1.0
548348,MJ Clarke,41,31,48.0,7.0,0.0
548348,MK Pandey,0,1,0.0,0.0,0.0
548348,MN Samuels,1,1,1.0,0.0,0.0
548348,PA Patel,0,1,0.0,0.0,0.0
548348,RV Uthappa,26,18,29.0,1.0,1.0
548348,S Dhawan,13,18,15.0,2.0,0.0
548348,SC Ganguly,45,43,52.0,5.0,1.0
548348,SPD Smith,47,27,54.0,3.0,2.0
548349,AA Chavan,7,6,8.0,1.0,0.0
548349,AL Menaria,2,4,2.0,0.0,0.0
548349,AM Rahane,42,33,49.0,7.0,0.0
548349,BJ Hodge,1,2,1.0,0.0,0.0
548349,DPMD Jayawardene,0,3,0.0,0.0,0.0
548349,KP Pietersen,36,34,41.0,3.0,1.0
548349,LRPL Taylor,6,5,7.0,1.0,0.0
548349,NV Ojha,11,3,14.0,1.0,1.0
548349,OA Shah,1,3,1.0,0.0,0.0
548349,R Dravid,57,44,64.0,7.0,0.0
548349,SP Goswami,18,22,19.0,1.0,0.0
548349,SR Watson,8,9,10.0,0.0,1.0
548349,V Sehwag,73,39,87.0,12.0,1.0
548349,Y Nagar,9,9,10.0,1.0,0.0
548350,AB McDonald,9,11,10.0,1.0,0.0
548350,AB de Villiers,17,13,20.0,1.0,1.0
548350,AM Nayar,2,3,2.0,0.0,0.0
548350,AUK Pathan,2,4,2.0,0.0,0.0
548350,Azhar Mahmood,2,4,2.0,0.0,0.0
548350,CH Gayle,71,44,85.0,6.0,4.0
548350,DJ Hussey,45,29,55.0,2.0,4.0
548350,MA Agarwal,7,9,9.0,0.0,1.0
548350,Mandeep Singh,43,31,51.0,6.0,1.0
548350,N Saini,50,36,55.0,5.0,0.0
548350,P Dogra,3,5,3.0,0.0,0.0
548350,PP Chawla,6,2,8.0,0.0,1.0
548350,SE Marsh,8,10,9.0,1.0,0.0
548350,SS Tiwary,1,1,1.0,0.0,0.0
548350,V Kohli,45,42,52.0,3.0,2.0
548351,AT Rayudu,1,3,1.0,0.0,0.0
548351,B Kumar,10,6,11.0,1.0,0.0
548351,Harbhajan Singh,0,1,0.0,0.0,0.0
548351,JD Ryder,9,13,10.0,1.0,0.0
548351,JEC Franklin,25,23,30.0,3.0,1.0
548351,KD Karthik,18,22,19.0,1.0,0.0
548351,M Manhas,42,35,47.0,5.0,0.0
548351,MJ Clarke,14,15,16.0,2.0,0.0
548351,NLTC Perera,0,4,0.0,0.0,0.0
548351,PP Ojha,1,1,1.0,0.0,0.0
548351,RG Sharma,3,5,3.0,0.0,0.0
548351,RJ Peterson,13,14,14.0,1.0,0.0
548351,RV Uthappa,18,19,22.0,2.0,1.0
548351,SC Ganguly,16,27,17.0,1.0,0.0
548351,SL Malinga,14,14,17.0,1.0,1.0
548351,SPD Smith,2,6,2.0,0.0,0.0
548351,SR Tendulkar,34,36,38.0,4.0,0.0
548351,WD Parnell,2,5,2.0,0.0,0.0
548352,A Ashish Reddy,3,3,3.0,0.0,0.0
548352,AA Jhunjhunwala,1,1,1.0,0.0,0.0
548352,CL White,77,55,90.0,9.0,2.0
548352,DJ Bravo,12,4,14.0,0.0,1.0
548352,DT Christian,27,24,31.0,2.0,1.0
548352,F du Plessis,42,36,46.0,2.0,1.0
548352,JA Morkel,13,10,14.0,1.0,0.0
548352,KC Sangakkara,1,5,1.0,0.0,0.0
548352,M Vijay,14,11,16.0,2.0,0.0
548352,MS Dhoni,34,28,36.0,2.0,0.0
548352,PA Patel,1,5,1.0,0.0,0.0
548352,RA Jadeja,4,9,4.0,0.0,0.0
548352,S Badrinath,1,1,1.0,0.0,0.0
548352,S Dhawan,36,29,39.0,3.0,0.0
548352,SK Raina,32,24,38.0,2.0,2.0
548353,AD Mathews,35,28,41.0,0.0,3.0
548353,B Kumar,11,7,13.0,2.0,0.0
548353,BB McCullum,42,44,49.0,5.0,1.0
548353,DB Das,15,19,17.0,0.0,1.0
548353,G Gambhir,56,41,64.0,4.0,2.0
548353,JH Kallis,1,4,1.0,0.0,0.0
548353,LR Shukla,0,1,0.0,0.0,0.0
548353,M Manhas,1,3,1.0,0.0,0.0
548353,MJ Clarke,1,2,1.0,0.0,0.0
548353,MK Pandey,17,16,19.0,2.0,0.0
548353,MK Tiwary,6,4,6.0,0.0,0.0
548353,RV Uthappa,17,16,19.0,2.0,0.0
548353,SC Ganguly,36,36,42.0,4.0,1.0
548353,SPD Smith,14,16,15.0,1.0,0.0
548353,WD Parnell,1,2,1.0,0.0,0.0
548353,YK Pathan,11,16,11.0,0.0,0.0
548354,AL Menaria,34,28,39.0,1.0,2.0
548354,AM Nayar,9,8,9.0,0.0,0.0
548354,AM Rahane,5,7,6.0,1.0,0.0
548354,Azhar Mahmood,24,25,28.0,2.0,1.0
548354,BJ Hodge,36,23,42.0,2.0,2.0
548354,DJ Hussey,8,6,10.0,2.0,0.0
548354,Gurkeerat Singh,23,25,25.0,2.0,0.0
548354,J Botha,14,8,16.0,2.0,0.0
548354,Mandeep Singh,7,6,9.0,0.0,1.0
548354,N Saini,2,10,2.0,0.0,0.0
548354,P Kumar,7,9,8.0,1.0,0.0
548354,PP Chawla,5,4,6.0,1.0,0.0
548354,R Dravid,46,39,54.0,8.0,0.0
548354,RJ Harris,3,5,3.0,0.0,0.0
548354,SE Marsh,34,29,41.0,5.0,1.0
548354,SR Watson,36,18,44.0,4.0,2.0
548354,STR Binny,0,1,0.0,0.0,0.0
548355,AT Rayudu,0,2,0.0,0.0,0.0
548355,DJ Bravo,40,34,46.0,4.0,1.0
548355,DR Smith,24,9,30.0,2.0,2.0
548355,F du Plessis,9,12,9.0,0.0,0.0
548355,Harbhajan Singh,0,1,0.0,0.0,0.0
548355,JA Morkel,3,3,3.0,0.0,0.0
548355,JEC Franklin,1,9,1.0,0.0,0.0
548355,KD Karthik,11,5,13.0,2.0,0.0
548355,M Vijay,41,30,51.0,4.0,3.0
548355,MS Dhoni,25,15,29.0,2.0,1.0
548355,R Ashwin,0,1,0.0,0.0,0.0
548355,RA Jadeja,9,6,11.0,0.0,1.0
548355,RG Sharma,60,48,70.0,6.0,2.0
548355,RJ Peterson,0,3,0.0,0.0,0.0
548355,RP Singh,1,1,1.0,0.0,0.0
548355,S Badrinath,1,1,1.0,0.0,0.0
548355,SK Raina,36,23,43.0,3.0,2.0
548355,SL Malinga,0,1,0.0,0.0,0.0
548355,SR Tendulkar,74,44,87.0,11.0,1.0
548356,AB de Villiers,47,17,58.0,5.0,3.0
548356,AUK Pathan,4,4,4.0,0.0,0.0
548356,CH Gayle,26,23,31.0,1.0,2.0
548356,CL White,45,25,53.0,2.0,3.0
548356,DJ Harris,47,42,57.0,2.0,4.0
548356,J Syed Mohammad,4,1,5.0,1.0,0.0
548356,KC Sangakkara,10,3,13.0,1.0,1.0
548356,MA Agarwal,18,7,23.0,1.0,2.0
548356,S Dhawan,73,53,85.0,10.0,1.0
548356,TM Dilshan,71,56,83.0,8.0,2.0
548356,V Kohli,9,9,10.0,1.0,0.0
548357,BB McCullum,56,44,63.0,7.0,0.0
548357,DA Warner,21,19,25.0,2.0,1.0
548357,DB Das,1,3,1.0,0.0,0.0
548357,DPMD Jayawardene,30,28,35.0,3.0,1.0
548357,G Gambhir,36,22,42.0,4.0,1.0
548357,IK Pathan,36,23,42.0,4.0,1.0
548357,JH Kallis,30,30,33.0,3.0,0.0
548357,LRPL Taylor,16,27,16.0,0.0,0.0
548357,MK Tiwary,8,6,8.0,0.0,0.0
548357,NV Ojha,2,7,2.0,0.0,0.0
548357,S Nadeem,0,2,0.0,0.0,0.0
548357,V Sehwag,23,9,28.0,3.0,1.0
548357,VR Aaron,1,1,1.0,0.0,0.0
548357,Y Nagar,10,7,11.0,1.0,0.0
548357,YK Pathan,7,14,7.0,0.0,0.0
548358,AD Mathews,11,12,11.0,0.0,0.0
548358,AL Menaria,18,21,19.0,1.0,0.0
548358,AM Rahane,0,3,0.0,0.0,0.0
548358,AP Majumdar,30,20,35.0,1.0,2.0
548358,M Manhas,11,9,12.0,1.0,0.0
548358,MJ Clarke,16,18,17.0,1.0,0.0
548358,OA Shah,4,7,4.0,0.0,0.0
548358,R Dravid,14,16,16.0,2.0,0.0
548358,RV Uthappa,13,20,13.0,0.0,0.0
548358,SC Ganguly,14,19,15.0,1.0,0.0
548358,SPD Smith,18,23,19.0,1.0,0.0
548358,SR Watson,90,51,108.0,10.0,4.0
548358,WD Parnell,2,2,2.0,0.0,0.0
548359,A Ashish Reddy,8,8,9.0,1.0,0.0
548359,A Mishra,8,5,9.0,1.0,0.0
548359,AA Jhunjhunwala,19,20,21.0,0.0,1.0
548359,Azhar Mahmood,14,9,16.0,2.0,0.0
548359,CL White,8,15,9.0,1.0,0.0
548359,DA Miller,28,18,33.0,3.0,1.0
548359,DJ Harris,30,30,34.0,2.0,1.0
548359,DJ Hussey,16,17,19.0,1.0,1.0
548359,J Theron,7,6,8.0,1.0,0.0
548359,KC Sangakkara,4,6,4.0,0.0,0.0
548359,Mandeep Singh,75,50,89.0,8.0,3.0
548359,N Saini,2,4,2.0,0.0,0.0
548359,PA Patel,17,13,20.0,1.0,1.0
548359,PA Reddy,24,14,28.0,2.0,1.0
548359,S Dhawan,8,6,9.0,1.0,0.0
548359,SD Chitnis,6,5,6.0,0.0,0.0
548359,SE Marsh,22,20,25.0,3.0,0.0
548360,AT Rayudu,22,17,24.0,2.0,0.0
548360,CH Gayle,82,59,99.0,5.0,6.0
548360,DR Smith,2,3,2.0,0.0,0.0
548360,Harbhajan Singh,20,12,23.0,3.0,0.0
548360,JEC Franklin,1,6,1.0,0.0,0.0
548360,KA Pollard,21,13,25.0,0.0,2.0
548360,KD Karthik,44,39,49.0,3.0,1.0
548360,RG Sharma,0,4,0.0,0.0,0.0
548360,SR Tendulkar,24,28,28.0,4.0,0.0
548360,TM Dilshan,19,25,22.0,3.0,0.0
548360,V Kohli,36,27,41.0,1.0,2.0
548361,AL Menaria,6,5,7.0,1.0,0.0
548361,AM Rahane,17,22,19.0,2.0,0.0
548361,BJ Hodge,33,30,37.0,2.0,1.0
548361,DH Yagnik,10,7,12.0,2.0,0.0
548361,DJ Bravo,10,15,10.0,0.0,0.0
548361,J Botha,12,21,12.0,0.0,0.0
548361,JA Morkel,18,6,23.0,1.0,2.0
548361,M Vijay,0,5,0.0,0.0,0.0
548361,MEK Hussey,19,33,21.0,2.0,0.0
548361,MS Dhoni,10,17,11.0,1.0,0.0
548361,R Dravid,4,10,5.0,1.0,0.0
548361,RA Jadeja,16,13,19.0,1.0,1.0
548361,S Anirudha,18,8,23.0,1.0,2.0
548361,SK Raina,23,20,28.0,5.0,0.0
548361,SR Watson,5,11,6.0,1.0,0.0
548361,STR Binny,27,20,32.0,3.0,1.0
548362,AB de Villiers,9,4,11.0,0.0,1.0
548362,AC Thomas,7,6,8.0,1.0,0.0
548362,AD Mathews,4,10,4.0,0.0,0.0
548362,AP Majumdar,31,27,35.0,4.0,0.0
548362,B Kumar,2,4,2.0,0.0,0.0
548362,CH Gayle,57,32,72.0,3.0,6.0
548362,K Upadhyay,11,8,13.0,0.0,1.0
548362,MD Mishra,4,4,5.0,1.0,0.0
548362,MJ Clarke,13,10,15.0,2.0,0.0
548362,MK Pandey,0,2,0.0,0.0,0.0
548362,R Sharma,0,2,0.0,0.0,0.0
548362,RV Uthappa,38,23,45.0,5.0,1.0
548362,SPD Smith,24,25,25.0,1.0,0.0
548362,SS Tiwary,36,30,41.0,3.0,1.0
548362,TM Dilshan,53,47,61.0,6.0,1.0
548362,V Kohli,9,12,10.0,1.0,0.0
548363,DB Das,4,1,5.0,1.0,0.0
548363,G Gambhir,0,2,0.0,0.0,0.0
548363,HH Gibbs,66,59,77.0,7.0,2.0
548363,JH Kallis,79,60,92.0,7.0,3.0
548363,MK Tiwary,27,25,31.0,4.0,0.0
548363,MS Bisla,1,2,1.0,0.0,0.0
548363,RG Sharma,109,62,131.0,12.0,5.0
548363,SR Tendulkar,2,2,2.0,0.0,0.0
548363,YK Pathan,40,32,44.0,2.0,1.0
548364,DA Warner,8,9,9.0,1.0,0.0
548364,DPMD Jayawardene,8,10,9.0,1.0,0.0
548364,IK Pathan,13,20,13.0,0.0,0.0
548364,M Vijay,48,41,55.0,5.0,1.0
548364,MEK Hussey,38,32,45.0,5.0,1.0
548364,NV Ojha,3,12,3.0,0.0,0.0
548364,SK Raina,28,20,33.0,1.0,2.0
548364,V Sehwag,4,2,5.0,1.0,0.0
548364,Y Nagar,44,47,47.0,1.0,1.0
548364,Y Venugopal Rao,27,25,31.0,0.0,2.0
548365,A Nehra,9,8,10.0,1.0,0.0
548365,AD Mathews,23,19,24.0,1.0,0.0
548365,AM Rahane,61,48,68.0,7.0,0.0
548365,AP Majumdar,9,8,11.0,2.0,0.0
548365,B Kumar,3,5,3.0,0.0,0.0
548365,BJ Hodge,14,15,14.0,0.0,0.0
548365,CJ Ferguson,23,26,25.0,2.0,0.0
548365,J Botha,7,3,8.0,1.0,0.0
548365,JD Ryder,1,2,1.0,0.0,0.0
548365,M Kartik,8,9,8.0,0.0,0.0
548365,R Dravid,21,20,25.0,4.0,0.0
548365,R Sharma,0,3,0.0,0.0,0.0
548365,RV Uthappa,6,7,7.0,1.0,0.0
548365,SC Ganguly,2,4,2.0,0.0,0.0
548365,SPD Smith,37,31,42.0,5.0,0.0
548365,SR Watson,58,31,72.0,6.0,4.0
548365,STR Binny,6,5,6.0,0.0,0.0
548366,Azhar Mahmood,31,20,35.0,2.0,1.0
548366,CL White,67,41,77.0,8.0,1.0
548366,DJ Hussey,65,35,79.0,4.0,5.0
548366,DT Christian,24,11,29.0,1.0,2.0
548366,Gurkeerat Singh,29,12,35.0,4.0,1.0
548366,KC Sangakkara,1,4,1.0,0.0,0.0
548366,Mandeep Singh,28,20,33.0,5.0,0.0
548366,N Saini,3,11,3.0,0.0,0.0
548366,PA Patel,18,16,20.0,2.0,0.0
548366,PP Chawla,8,3,10.0,2.0,0.0
548366,S Dhawan,71,51,81.0,4.0,3.0
548366,SD Chitnis,11,14,12.0,1.0,0.0
548366,SE Marsh,11,7,13.0,2.0,0.0
548367,AB de Villiers,14,13,15.0,1.0,0.0
548367,AT Rayudu,81,58,95.0,6.0,4.0
548367,CH Gayle,6,8,8.0,0.0,1.0
548367,DR Smith,6,5,7.0,1.0,0.0
548367,HH Gibbs,2,7,2.0,0.0,0.0
548367,KA Pollard,52,32,63.0,5.0,3.0
548367,KD Karthik,16,15,19.0,3.0,0.0
548367,MA Agarwal,64,32,78.0,6.0,4.0
548367,R Vinay Kumar,1,2,1.0,0.0,0.0
548367,RG Sharma,5,7,6.0,1.0,0.0
548367,SR Tendulkar,0,1,0.0,0.0,0.0
548367,SS Tiwary,21,17,26.0,1.0,2.0
548367,TM Dilshan,47,55,53.0,4.0,1.0
548367,V Kohli,3,1,3.0,0.0,0.0
548367,Z Khan,1,3,1.0,0.0,0.0
548368,BB McCullum,37,29,43.0,4.0,1.0
548368,DB Das,19,11,23.0,2.0,1.0
548368,DJ Bravo,11,7,13.0,0.0,1.0
548368,F du Plessis,13,16,13.0,0.0,0.0
548368,G Gambhir,62,43,74.0,6.0,3.0
548368,JH Kallis,4,9,4.0,0.0,0.0
548368,LR Shukla,9,6,11.0,0.0,1.0
548368,M Vijay,36,25,43.0,5.0,1.0
548368,MEK Hussey,56,40,68.0,4.0,4.0
548368,MK Tiwary,12,14,13.0,1.0,0.0
548368,MS Dhoni,28,21,33.0,3.0,1.0
548368,R Bhatia,1,1,1.0,0.0,0.0
548368,RA Jadeja,3,2,3.0,0.0,0.0
548368,SK Raina,8,10,9.0,1.0,0.0
548368,YK Pathan,11,8,13.0,0.0,1.0
548369,Azhar Mahmood,9,7,10.0,1.0,0.0
548369,DA Miller,4,7,4.0,0.0,0.0
548369,DA Warner,14,9,17.0,3.0,0.0
548369,DJ Hussey,40,35,47.0,5.0,1.0
548369,DPMD Jayawardene,56,49,64.0,8.0,0.0
548369,Gurkeerat Singh,8,5,10.0,2.0,0.0
548369,IK Pathan,19,10,22.0,3.0,0.0
548369,LRPL Taylor,0,2,0.0,0.0,0.0
548369,Mandeep Singh,21,12,26.0,5.0,0.0
548369,N Saini,15,15,17.0,2.0,0.0
548369,NV Ojha,34,29,41.0,3.0,2.0
548369,P Awana,4,5,4.0,0.0,0.0
548369,P Kumar,8,6,9.0,1.0,0.0
548369,PP Chawla,10,14,10.0,0.0,0.0
548369,SE Marsh,13,15,16.0,3.0,0.0
548369,V Sehwag,8,9,10.0,0.0,1.0
548369,Y Venugopal Rao,7,7,8.0,1.0,0.0
548370,AT Rayudu,11,8,13.0,0.0,1.0
548370,BB McCullum,1,5,1.0,0.0,0.0
548370,DB Das,2,3,2.0,0.0,0.0
548370,DR Smith,0,1,0.0,0.0,0.0
548370,G Gambhir,27,24,32.0,3.0,1.0
548370,HH Gibbs,13,25,14.0,1.0,0.0
548370,Harbhajan Singh,1,2,1.0,0.0,0.0
548370,JH Kallis,0,1,0.0,0.0,0.0
548370,KA Pollard,8,5,9.0,1.0,0.0
548370,KD Karthik,21,27,24.0,3.0,0.0
548370,MK Tiwary,41,45,47.0,2.0,2.0
548370,R Bhatia,12,9,14.0,2.0,0.0
548370,RG Sharma,12,14,13.0,1.0,0.0
548370,RP Singh,3,5,3.0,0.0,0.0
548370,SL Malinga,8,6,10.0,0.0,1.0
548370,SP Narine,9,7,11.0,2.0,0.0
548370,SR Tendulkar,27,24,32.0,3.0,1.0
548370,Shakib Al Hasan,13,13,14.0,1.0,0.0
548370,YK Pathan,21,21,23.0,2.0,0.0
548371,AC Gilchrist,64,48,77.0,9.0,2.0
548371,Azhar Mahmood,9,7,11.0,2.0,0.0
548371,DJ Bravo,48,43,56.0,2.0,3.0
548371,DJ Hussey,9,9,10.0,1.0,0.0
548371,JA Morkel,14,8,17.0,1.0,1.0
548371,M Vijay,10,14,12.0,2.0,0.0
548371,MEK Hussey,7,11,8.0,1.0,0.0
548371,MS Dhoni,6,16,7.0,1.0,0.0
548371,Mandeep Singh,24,21,29.0,5.0,0.0
548371,N Saini,1,4,1.0,0.0,0.0
548371,R Ashwin,0,1,0.0,0.0,0.0
548371,RA Jadeja,13,14,15.0,2.0,0.0
548371,S Anirudha,1,1,1.0,0.0,0.0
548371,SD Chitnis,11,12,12.0,1.0,0.0
548371,SK Raina,17,13,21.0,0.0,2.0
548372,AD Russell,31,16,38.0,1.0,3.0
548372,CH Gayle,128,62,161.0,7.0,13.0
548372,DA Warner,15,9,19.0,2.0,1.0
548372,DPMD Jayawardene,9,14,9.0,0.0,0.0
548372,IK Pathan,4,4,4.0,0.0,0.0
548372,LRPL Taylor,55,27,66.0,7.0,2.0
548372,NV Ojha,13,12,14.0,1.0,0.0
548372,P Negi,6,5,7.0,1.0,0.0
548372,TM Dilshan,10,7,12.0,2.0,0.0
548372,UBT Chand,18,11,22.0,2.0,1.0
548372,UT Yadav,0,2,0.0,0.0,0.0
548372,V Kohli,73,55,84.0,9.0,1.0
548372,Y Venugopal Rao,36,24,42.0,4.0,1.0
548373,A Ashish Reddy,10,4,12.0,2.0,0.0
548373,A Chandila,0,1,0.0,0.0,0.0
548373,AL Menaria,20,17,23.0,1.0,1.0
548373,AM Rahane,6,7,7.0,1.0,0.0
548373,CA Lynn,6,10,7.0,1.0,0.0
548373,CL White,1,4,1.0,0.0,0.0
548373,J Botha,3,4,3.0,0.0,0.0
548373,JP Duminy,24,33,24.0,0.0,0.0
548373,OA Shah,28,34,29.0,1.0,0.0
548373,PA Patel,10,5,11.0,1.0,0.0
548373,PA Reddy,42,37,48.0,4.0,1.0
548373,R Dravid,39,37,44.0,5.0,0.0
548373,S Dhawan,26,26,32.0,2.0,2.0
548373,SP Goswami,3,3,3.0,0.0,0.0
548373,SR Watson,13,13,16.0,1.0,1.0
548373,STR Binny,7,8,8.0,1.0,0.0
548374,AC Gilchrist,9,13,11.0,2.0,0.0
548374,Azhar Mahmood,36,38,42.0,4.0,1.0
548374,DA Warner,79,46,97.0,10.0,4.0
548374,DJ Hussey,3,6,3.0,0.0,0.0
548374,DPMD Jayawardene,8,10,9.0,1.0,0.0
548374,Gurkeerat Singh,26,12,32.0,4.0,1.0
548374,IK Pathan,5,7,6.0,1.0,0.0
548374,Mandeep Singh,0,1,0.0,0.0,0.0
548374,NV Ojha,5,6,6.0,1.0,0.0
548374,P Kumar,3,2,3.0,0.0,0.0
548374,PC Valthaty,2,10,2.0,0.0,0.0
548374,PP Chawla,1,2,1.0,0.0,0.0
548374,RJ Harris,15,6,18.0,1.0,1.0
548374,SD Chitnis,38,33,45.0,5.0,1.0
548374,UBT Chand,18,24,22.0,0.0,2.0
548374,Y Venugopal Rao,21,20,25.0,2.0,1.0
548375,AG Murtaza,3,5,3.0,0.0,0.0
548375,AP Majumdar,17,22,17.0,0.0,0.0
548375,B Kumar,3,6,3.0,0.0,0.0
548375,BB McCullum,41,43,46.0,5.0,0.0
548375,CJ Ferguson,12,18,12.0,0.0,0.0
548375,G Gambhir,10,12,11.0,1.0,0.0
548375,Harpreet Singh,6,6,6.0,0.0,0.0
548375,JD Ryder,22,26,26.0,0.0,2.0
548375,JH Kallis,13,18,14.0,1.0,0.0
548375,MJ Clarke,13,20,13.0,0.0,0.0
548375,MK Tiwary,8,9,8.0,0.0,0.0
548375,RV Uthappa,8,8,9.0,1.0,0.0
548375,SC Ganguly,5,8,5.0,0.0,0.0
548375,Shakib Al Hasan,42,30,49.0,3.0,2.0
548375,WD Parnell,3,5,3.0,0.0,0.0
548375,YK Pathan,15,10,17.0,2.0,0.0
548376,A Ashish Reddy,4,5,4.0,0.0,0.0
548376,AB de Villiers,4,11,4.0,0.0,0.0
548376,CH Gayle,27,10,34.0,3.0,2.0
548376,CL White,1,5,1.0,0.0,0.0
548376,HV Patel,5,5,5.0,0.0,0.0
548376,JP Duminy,74,53,88.0,4.0,5.0
548376,KC Sangakkara,15,23,16.0,1.0,0.0
548376,M Muralitharan,0,1,0.0,0.0,0.0
548376,MA Agarwal,1,2,1.0,0.0,0.0
548376,P Parameswaran,0,2,0.0,0.0,0.0
548376,PA Patel,16,22,17.0,1.0,0.0
548376,PA Reddy,7,12,7.0,0.0,0.0
548376,R Vinay Kumar,7,7,8.0,1.0,0.0
548376,S Dhawan,5,4,6.0,1.0,0.0
548376,SS Tiwary,30,27,33.0,1.0,1.0
548376,TM Dilshan,4,13,4.0,0.0,0.0
548376,V Kohli,42,41,50.0,2.0,3.0
548376,Z Khan,0,4,0.0,0.0,0.0
548377,AL Menaria,21,22,24.0,1.0,1.0
548377,AM Rahane,13,19,15.0,2.0,0.0
548377,DH Yagnik,6,4,7.0,1.0,0.0
548377,DR Smith,87,60,103.0,10.0,3.0
548377,OA Shah,28,26,31.0,1.0,1.0
548377,R Dravid,5,6,6.0,1.0,0.0
548377,SR Tendulkar,58,58,64.0,6.0,0.0
548377,SR Watson,45,38,53.0,4.0,2.0
548377,STR Binny,30,17,37.0,3.0,2.0
548378,BB McCullum,31,37,35.0,2.0,1.0
548378,DA Warner,7,7,9.0,0.0,1.0
548378,DPMD Jayawardene,40,35,46.0,6.0,0.0
548378,G Gambhir,32,16,39.0,3.0,2.0
548378,IK Pathan,6,3,7.0,1.0,0.0
548378,JH Kallis,30,33,33.0,3.0,0.0
548378,LR Shukla,24,11,29.0,3.0,1.0
548378,LRPL Taylor,11,8,13.0,0.0,1.0
548378,M Morkel,0,1,0.0,0.0,0.0
548378,NV Ojha,28,28,34.0,4.0,1.0
548378,P Negi,14,11,16.0,2.0,0.0
548378,Shakib Al Hasan,1,3,1.0,0.0,0.0
548378,UT Yadav,1,1,1.0,0.0,0.0
548378,V Sehwag,10,7,11.0,1.0,0.0
548378,Y Venugopal Rao,13,23,13.0,0.0,0.0
548378,YK Pathan,40,22,47.0,3.0,2.0
548379,AT Rayudu,11,7,13.0,2.0,0.0
548379,DJ Bravo,33,15,40.0,3.0,2.0
548379,DR Smith,38,24,47.0,5.0,2.0
548379,DS Kulkarni,10,5,12.0,2.0,0.0
548379,Harbhajan Singh,1,4,1.0,0.0,0.0
548379,JEC Franklin,13,13,15.0,0.0,1.0
548379,KA Pollard,16,20,19.0,1.0,1.0
548379,KD Karthik,6,4,7.0,1.0,0.0
548379,M Vijay,1,5,1.0,0.0,0.0
548379,MEK Hussey,49,39,59.0,8.0,1.0
548379,MS Dhoni,51,20,61.0,6.0,2.0
548379,RA Jadeja,1,2,1.0,0.0,0.0
548379,RG Sharma,14,19,14.0,0.0,0.0
548379,RP Singh,1,1,1.0,0.0,0.0
548379,S Badrinath,47,41,55.0,6.0,1.0
548379,SK Raina,0,1,0.0,0.0,0.0
548379,SL Malinga,17,17,20.0,1.0,1.0
548379,SR Tendulkar,11,12,13.0,2.0,0.0
548380,AD Russell,16,11,18.0,2.0,0.0
548380,DA Warner,3,7,3.0,0.0,0.0
548380,DJ Bravo,33,12,40.0,3.0,2.0
548380,DPMD Jayawardene,55,41,63.0,4.0,2.0
548380,JA Morkel,0,1,0.0,0.0,0.0
548380,LRPL Taylor,24,14,29.0,1.0,2.0
548380,M Vijay,113,61,136.0,15.0,4.0
548380,MEK Hussey,20,22,22.0,2.0,0.0
548380,MS Dhoni,23,10,28.0,1.0,2.0
548380,NV Ojha,7,5,9.0,0.0,1.0
548380,P Negi,8,6,10.0,0.0,1.0
548380,SK Raina,27,17,32.0,3.0,1.0
548380,Sunny Gupta,0,1,0.0,0.0,0.0
548380,UT Yadav,1,4,1.0,0.0,0.0
548380,V Sehwag,1,8,1.0,0.0,0.0
548380,VR Aaron,0,2,0.0,0.0,0.0
548380,Y Venugopal Rao,10,7,12.0,0.0,1.0
548381,G Gambhir,2,4,2.0,0.0,0.0
548381,JH Kallis,69,50,78.0,7.0,1.0
548381,LR Shukla,3,6,3.0,0.0,0.0
548381,M Vijay,42,32,48.0,4.0,1.0
548381,MEK Hussey,54,44,62.0,4.0,2.0
548381,MK Tiwary,9,3,11.0,2.0,0.0
548381,MS Bisla,89,52,107.0,8.0,5.0
548381,MS Dhoni,14,10,16.0,2.0,0.0
548381,SK Raina,73,38,86.0,3.0,5.0
548381,Shakib Al Hasan,11,7,12.0,1.0,0.0
548381,YK Pathan,1,2,1.0,0.0,0.0
597998,A Nehra,0,1,0.0,0.0,0.0
597998,AD Russell,4,8,4.0,0.0,0.0
597998,DA Warner,21,20,25.0,4.0,0.0
597998,DPMD Jayawardene,66,55,76.0,8.0,1.0
597998,EJG Morgan,14,16,15.0,1.0,0.0
597998,G Gambhir,41,29,48.0,5.0,1.0
597998,IK Pathan,4,7,4.0,0.0,0.0
597998,J Botha,7,6,8.0,1.0,0.0
597998,JH Kallis,23,21,28.0,5.0,0.0
597998,MC Juneja,8,9,9.0,1.0,0.0
597998,MK Tiwary,23,23,25.0,2.0,0.0
597998,MS Bisla,4,9,5.0,1.0,0.0
597998,NV Ojha,9,9,10.0,1.0,0.0
597998,S Nadeem,4,8,4.0,0.0,0.0
597998,UBT Chand,0,1,0.0,0.0,0.0
597998,YK Pathan,18,17,20.0,0.0,1.0
597999,AT Rayudu,18,18,19.0,1.0,0.0
597999,CH Gayle,92,61,113.0,11.0,5.0
597999,DT Christian,4,14,4.0,0.0,0.0
597999,Harbhajan Singh,1,1,1.0,0.0,0.0
597999,KA Pollard,5,2,6.0,1.0,0.0
597999,KB Arun Karthik,19,20,22.0,3.0,0.0
597999,KD Karthik,60,37,71.0,3.0,4.0
597999,KK Nair,0,3,0.0,0.0,0.0
597999,MA Agarwal,1,5,1.0,0.0,0.0
597999,RG Sharma,11,11,12.0,1.0,0.0
597999,RT Ponting,28,34,31.0,1.0,1.0
597999,SR Tendulkar,23,19,27.0,4.0,0.0
597999,TM Dilshan,0,8,0.0,0.0,0.0
597999,V Kohli,24,14,30.0,4.0,1.0
598000,A Ashish Reddy,7,4,8.0,1.0,0.0
598000,AB Dinda,0,2,0.0,0.0,0.0
598000,AD Mathews,8,6,9.0,1.0,0.0
598000,AM Nayar,19,14,21.0,2.0,0.0
598000,B Kumar,3,3,3.0,0.0,0.0
598000,CL White,10,18,10.0,0.0,0.0
598000,DB Ravi Teja,4,4,4.0,0.0,0.0
598000,GH Vihari,11,12,12.0,1.0,0.0
598000,KC Sangakkara,15,16,17.0,2.0,0.0
598000,LRPL Taylor,19,19,19.0,0.0,0.0
598000,MK Pandey,15,29,15.0,0.0,0.0
598000,MN Samuels,5,9,6.0,1.0,0.0
598000,MR Marsh,7,3,9.0,0.0,1.0
598000,NLTC Perera,30,18,35.0,3.0,1.0
598000,PA Patel,19,19,22.0,3.0,0.0
598000,PA Reddy,27,31,29.0,2.0,0.0
598000,R Sharma,0,1,0.0,0.0,0.0
598000,RV Uthappa,24,24,28.0,2.0,1.0
598000,Yuvraj Singh,2,5,2.0,0.0,0.0
598001,AD Russell,7,7,7.0,0.0,0.0
598001,AL Menaria,1,2,1.0,0.0,0.0
598001,AM Rahane,28,25,31.0,3.0,0.0
598001,BJ Hodge,5,7,5.0,0.0,0.0
598001,DA Warner,77,58,88.0,9.0,1.0
598001,DPMD Jayawardene,19,16,20.0,1.0,0.0
598001,IK Pathan,1,1,1.0,0.0,0.0
598001,J Botha,2,3,2.0,0.0,0.0
598001,KK Cooper,2,2,2.0,0.0,0.0
598001,MC Juneja,20,20,23.0,1.0,1.0
598001,MDKJ Perera,14,12,17.0,3.0,0.0
598001,NV Ojha,0,1,0.0,0.0,0.0
598001,R Dravid,65,52,75.0,6.0,2.0
598001,R Shukla,1,2,1.0,0.0,0.0
598001,STR Binny,40,20,48.0,2.0,3.0
598001,UBT Chand,23,20,27.0,2.0,1.0
598002,AS Rajpoot,2,6,2.0,0.0,0.0
598002,AT Rayudu,7,10,7.0,0.0,0.0
598002,B Laughlin,0,1,0.0,0.0,0.0
598002,DJ Bravo,10,17,10.0,0.0,0.0
598002,DR Smith,3,5,3.0,0.0,0.0
598002,Harbhajan Singh,21,23,24.0,1.0,1.0
598002,KA Pollard,57,40,71.0,4.0,5.0
598002,KD Karthik,37,26,43.0,4.0,1.0
598002,M Vijay,5,8,5.0,0.0,0.0
598002,MEK Hussey,20,24,23.0,3.0,0.0
598002,MS Dhoni,51,30,62.0,5.0,3.0
598002,R Ashwin,2,5,2.0,0.0,0.0
598002,RA Jadeja,16,11,19.0,1.0,1.0
598002,RG Sharma,8,11,9.0,1.0,0.0
598002,RT Ponting,6,10,6.0,0.0,0.0
598002,S Badrinath,16,17,17.0,1.0,0.0
598002,SK Raina,10,7,11.0,1.0,0.0
598002,SR Tendulkar,0,1,0.0,0.0,0.0
598003,AC Gilchrist,15,10,19.0,2.0,1.0
598003,AD Mathews,4,4,5.0,1.0,0.0
598003,AM Nayar,25,26,28.0,3.0,0.0
598003,B Kumar,8,12,9.0,1.0,0.0
598003,DJ Hussey,8,12,9.0,1.0,0.0
598003,LRPL Taylor,15,19,16.0,1.0,0.0
598003,M Vohra,43,28,50.0,7.0,0.0
598003,MK Pandey,0,4,0.0,0.0,0.0
598003,MN Samuels,3,9,3.0,0.0,0.0
598003,MR Marsh,15,9,18.0,1.0,1.0
598003,Mandeep Singh,31,27,35.0,4.0,0.0
598003,R Sharma,1,1,1.0,0.0,0.0
598003,RV Uthappa,19,23,21.0,2.0,0.0
598003,TL Suman,6,14,7.0,1.0,0.0
598004,A Ashish Reddy,14,12,16.0,0.0,1.0
598004,CH Gayle,11,6,13.0,0.0,1.0
598004,CL White,22,16,27.0,1.0,2.0
598004,DW Steyn,3,3,3.0,0.0,0.0
598004,GH Vihari,44,47,46.0,2.0,0.0
598004,JD Unadkat,1,1,1.0,0.0,0.0
598004,KB Arun Karthik,0,2,0.0,0.0,0.0
598004,KC Sangakkara,16,17,17.0,1.0,0.0
598004,KK Nair,9,9,9.0,0.0,0.0
598004,M Kartik,2,2,2.0,0.0,0.0
598004,MA Agarwal,7,8,7.0,0.0,0.0
598004,MC Henriques,44,40,49.0,5.0,0.0
598004,NLTC Perera,9,11,10.0,1.0,0.0
598004,PA Patel,2,4,2.0,0.0,0.0
598004,PA Reddy,23,22,25.0,2.0,0.0
598004,R Vinay Kumar,7,4,8.0,1.0,0.0
598004,TM Dilshan,5,10,5.0,0.0,0.0
598004,V Kohli,51,47,59.0,6.0,1.0
598005,AM Rahane,36,34,41.0,3.0,1.0
598005,B Lee,5,6,6.0,1.0,0.0
598005,BJ Hodge,46,31,53.0,7.0,0.0
598005,DH Yagnik,16,11,19.0,1.0,1.0
598005,EJG Morgan,51,39,60.0,3.0,3.0
598005,G Gambhir,22,23,25.0,1.0,1.0
598005,JH Kallis,0,2,0.0,0.0,0.0
598005,KK Cooper,0,2,0.0,0.0,0.0
598005,LR Shukla,2,10,2.0,0.0,0.0
598005,MK Tiwary,14,13,15.0,1.0,0.0
598005,MS Bisla,1,6,1.0,0.0,0.0
598005,Mohammed Shami,5,10,5.0,0.0,0.0
598005,R Bhatia,12,7,14.0,2.0,0.0
598005,R Dravid,17,20,19.0,2.0,0.0
598005,S Sreesanth,1,2,1.0,0.0,0.0
598005,SP Narine,2,2,2.0,0.0,0.0
598005,SR Watson,5,11,6.0,1.0,0.0
598005,STR Binny,14,11,17.0,3.0,0.0
598005,YK Pathan,0,2,0.0,0.0,0.0
598006,A Nehra,1,5,1.0,0.0,0.0
598006,AT Rayudu,24,8,30.0,2.0,2.0
598006,BMAJ Mendis,0,1,0.0,0.0,0.0
598006,DA Warner,61,38,74.0,5.0,4.0
598006,DPMD Jayawardene,3,7,3.0,0.0,0.0
598006,Harbhajan Singh,1,1,1.0,0.0,0.0
598006,IK Pathan,10,12,10.0,0.0,0.0
598006,KA Pollard,13,8,16.0,1.0,1.0
598006,KD Karthik,86,49,104.0,14.0,2.0
598006,KM Jadhav,1,2,1.0,0.0,0.0
598006,M Morkel,23,9,28.0,3.0,1.0
598006,MC Juneja,49,42,55.0,6.0,0.0
598006,RG Sharma,74,51,88.0,4.0,5.0
598006,RT Ponting,0,6,0.0,0.0,0.0
598006,S Nadeem,2,3,2.0,0.0,0.0
598006,SR Tendulkar,1,1,1.0,0.0,0.0
598006,UBT Chand,0,1,0.0,0.0,0.0
598006,UT Yadav,5,4,6.0,1.0,0.0
598007,AC Gilchrist,9,6,11.0,2.0,0.0
598007,Azhar Mahmood,8,7,8.0,0.0,0.0
598007,DJ Hussey,41,36,47.0,4.0,1.0
598007,Gurkeerat Singh,31,28,34.0,3.0,0.0
598007,M Vijay,50,52,55.0,3.0,1.0
598007,M Vohra,16,11,19.0,3.0,0.0
598007,MEK Hussey,86,54,101.0,11.0,2.0
598007,Mandeep Singh,9,10,10.0,1.0,0.0
598007,P Awana,1,5,1.0,0.0,0.0
598007,P Kumar,3,5,3.0,0.0,0.0
598007,PP Chawla,4,5,5.0,1.0,0.0
598007,R Sathish,8,6,9.0,1.0,0.0
598007,RJ Harris,0,2,0.0,0.0,0.0
598008,AB de Villiers,22,22,26.0,2.0,1.0
598008,CH Gayle,85,55,107.0,4.0,9.0
598008,EJG Morgan,2,5,2.0,0.0,0.0
598008,G Gambhir,59,46,68.0,7.0,1.0
598008,JH Kallis,16,19,18.0,2.0,0.0
598008,MA Agarwal,6,9,7.0,1.0,0.0
598008,MK Tiwary,23,16,25.0,2.0,0.0
598008,MS Bisla,1,6,1.0,0.0,0.0
598008,PJ Sangwan,4,2,5.0,1.0,0.0
598008,R Bhatia,13,8,15.0,2.0,0.0
598008,R McLaren,2,3,2.0,0.0,0.0
598008,SP Narine,1,1,1.0,0.0,0.0
598008,V Kohli,35,28,43.0,4.0,2.0
598008,YK Pathan,27,17,32.0,3.0,1.0
598009,AD Mathews,1,1,1.0,0.0,0.0
598009,AJ Finch,64,56,76.0,6.0,3.0
598009,AM Rahane,30,27,33.0,3.0,0.0
598009,BJ Hodge,22,20,25.0,3.0,0.0
598009,DH Yagnik,12,8,14.0,2.0,0.0
598009,JP Faulkner,19,14,22.0,1.0,1.0
598009,LRPL Taylor,17,20,19.0,0.0,1.0
598009,MDKJ Perera,0,1,0.0,0.0,0.0
598009,R Dravid,54,48,62.0,8.0,0.0
598009,RV Uthappa,32,16,39.0,3.0,2.0
598009,STR Binny,1,5,1.0,0.0,0.0
598009,Yuvraj Singh,28,23,34.0,2.0,2.0
598010,A Ashish Reddy,16,9,18.0,2.0,0.0
598010,A Mishra,16,14,18.0,2.0,0.0
598010,CL White,4,8,4.0,0.0,0.0
598010,DA Warner,0,4,0.0,0.0,0.0
598010,DPMD Jayawardene,12,14,15.0,1.0,1.0
598010,DW Steyn,9,5,10.0,1.0,0.0
598010,GH Vihari,17,23,19.0,0.0,1.0
598010,IK Pathan,23,33,24.0,1.0,0.0
598010,J Botha,9,14,10.0,1.0,0.0
598010,KC Sangakkara,28,28,32.0,4.0,0.0
598010,KM Jadhav,30,20,35.0,1.0,2.0
598010,M Morkel,0,1,0.0,0.0,0.0
598010,MC Juneja,15,22,15.0,0.0,0.0
598010,NLTC Perera,2,3,2.0,0.0,0.0
598010,PA Patel,19,19,23.0,4.0,0.0
598010,PA Reddy,1,9,1.0,0.0,0.0
598010,S Nadeem,0,1,0.0,0.0,0.0
598010,UT Yadav,6,6,7.0,1.0,0.0
598010,V Sehwag,12,10,14.0,2.0,0.0
598011,AD Mathews,19,19,21.0,0.0,1.0
598011,AJ Finch,0,1,0.0,0.0,0.0
598011,AM Nayar,6,8,6.0,0.0,0.0
598011,B Kumar,6,11,6.0,0.0,0.0
598011,KA Pollard,19,15,22.0,1.0,1.0
598011,KD Karthik,41,29,47.0,4.0,1.0
598011,LRPL Taylor,4,6,5.0,1.0,0.0
598011,MR Marsh,38,26,44.0,2.0,2.0
598011,R Sharma,10,12,11.0,1.0,0.0
598011,RG Sharma,62,32,75.0,3.0,5.0
598011,RT Ponting,14,17,16.0,2.0,0.0
598011,RV Uthappa,7,10,8.0,1.0,0.0
598011,SR Tendulkar,44,30,53.0,7.0,1.0
598011,TL Suman,23,15,28.0,5.0,0.0
598011,Yuvraj Singh,24,16,29.0,1.0,2.0
598012,AB de Villiers,64,33,74.0,8.0,1.0
598012,CH Gayle,4,11,5.0,1.0,0.0
598012,CH Morris,7,4,7.0,0.0,0.0
598012,DJ Bravo,8,4,10.0,0.0,1.0
598012,DT Christian,2,2,2.0,0.0,0.0
598012,KB Arun Karthik,5,5,5.0,0.0,0.0
598012,M Vijay,2,6,2.0,0.0,0.0
598012,MA Agarwal,24,22,28.0,2.0,1.0
598012,MEK Hussey,6,16,6.0,0.0,0.0
598012,MS Dhoni,33,25,38.0,1.0,2.0
598012,R Rampaul,0,6,0.0,0.0,0.0
598012,RA Jadeja,38,20,43.0,3.0,1.0
598012,S Badrinath,34,29,38.0,4.0,0.0
598012,SK Raina,30,22,35.0,5.0,0.0
598012,V Kohli,58,48,64.0,2.0,2.0
598013,A Ashish Reddy,4,5,4.0,0.0,0.0
598013,A Mishra,1,1,1.0,0.0,0.0
598013,CL White,34,31,39.0,3.0,1.0
598013,DB Ravi Teja,10,14,10.0,0.0,0.0
598013,EJG Morgan,47,24,58.0,5.0,3.0
598013,G Gambhir,53,46,61.0,6.0,1.0
598013,GH Vihari,1,2,1.0,0.0,0.0
598013,JH Kallis,41,27,47.0,6.0,0.0
598013,KC Sangakkara,2,3,2.0,0.0,0.0
598013,KV Sharma,5,10,5.0,0.0,0.0
598013,MS Bisla,28,24,33.0,5.0,0.0
598013,NLTC Perera,36,25,40.0,2.0,1.0
598013,PA Patel,27,32,31.0,2.0,1.0
598013,YK Pathan,3,3,3.0,0.0,0.0
598014,AC Gilchrist,0,2,0.0,0.0,0.0
598014,AM Rahane,34,43,37.0,3.0,0.0
598014,Azhar Mahmood,23,20,26.0,3.0,0.0
598014,BJ Hodge,15,16,17.0,2.0,0.0
598014,DJ Hussey,41,31,47.0,4.0,1.0
598014,Gurkeerat Singh,10,15,11.0,1.0,0.0
598014,M Vohra,3,6,3.0,0.0,0.0
598014,Mandeep Singh,2,9,2.0,0.0,0.0
598014,P Awana,0,1,0.0,0.0,0.0
598014,P Kumar,15,8,19.0,2.0,1.0
598014,PP Chawla,7,9,7.0,0.0,0.0
598014,R Dravid,9,12,11.0,2.0,0.0
598014,R Sathish,11,12,13.0,2.0,0.0
598014,RJ Harris,2,3,2.0,0.0,0.0
598014,SR Watson,32,21,39.0,7.0,0.0
598014,STR Binny,0,4,0.0,0.0,0.0
598014,SV Samson,27,23,30.0,3.0,0.0
598015,AJ Finch,67,46,81.0,10.0,2.0
598015,AM Nayar,0,1,0.0,0.0,0.0
598015,CH Morris,5,5,5.0,0.0,0.0
598015,DJ Bravo,1,5,1.0,0.0,0.0
598015,JA Morkel,13,11,15.0,0.0,1.0
598015,LRPL Taylor,8,13,8.0,0.0,0.0
598015,M Vijay,24,23,28.0,2.0,1.0
598015,MK Pandey,9,9,10.0,1.0,0.0
598015,MR Marsh,2,4,2.0,0.0,0.0
598015,MS Dhoni,10,13,10.0,0.0,0.0
598015,R Ashwin,11,5,13.0,2.0,0.0
598015,RA Jadeja,27,22,30.0,1.0,1.0
598015,RV Uthappa,26,33,28.0,2.0,0.0
598015,S Anirudha,0,2,0.0,0.0,0.0
598015,S Badrinath,34,26,38.0,4.0,0.0
598015,SK Raina,8,10,9.0,1.0,0.0
598015,SPD Smith,39,16,48.0,3.0,3.0
598016,AC Gilchrist,7,13,8.0,1.0,0.0
598016,Azhar Mahmood,0,1,0.0,0.0,0.0
598016,DA Miller,20,17,21.0,1.0,0.0
598016,DB Das,1,3,1.0,0.0,0.0
598016,DJ Hussey,12,15,12.0,0.0,0.0
598016,EJG Morgan,47,39,53.0,6.0,0.0
598016,G Gambhir,60,39,69.0,9.0,0.0
598016,Gurkeerat Singh,0,1,0.0,0.0,0.0
598016,JH Kallis,1,6,1.0,0.0,0.0
598016,M Vohra,17,16,19.0,2.0,0.0
598016,MK Tiwary,1,8,1.0,0.0,0.0
598016,MS Bisla,0,1,0.0,0.0,0.0
598016,MS Gony,42,19,52.0,4.0,3.0
598016,Mandeep Singh,41,30,47.0,6.0,0.0
598016,P Kumar,1,2,1.0,0.0,0.0
598016,PP Chawla,11,9,13.0,2.0,0.0
598016,R Bhatia,16,6,20.0,0.0,2.0
598016,SMSM Senanayake,1,2,1.0,0.0,0.0
598016,SP Narine,1,3,1.0,0.0,0.0
598016,YK Pathan,13,18,15.0,2.0,0.0
598017,AB McDonald,0,2,0.0,0.0,0.0
598017,AB de Villiers,52,36,61.0,3.0,3.0
598017,BJ Rohrer,14,15,16.0,2.0,0.0
598017,CH Gayle,15,12,19.0,0.0,2.0
598017,DA Warner,15,15,18.0,3.0,0.0
598017,DPMD Jayawardene,28,31,30.0,2.0,0.0
598017,IK Pathan,30,12,37.0,3.0,2.0
598017,J Syed Mohammad,1,2,1.0,0.0,0.0
598017,KB Arun Karthik,5,5,5.0,0.0,0.0
598017,KL Rahul,12,12,14.0,2.0,0.0
598017,KM Jadhav,29,16,33.0,2.0,1.0
598017,MC Juneja,17,18,19.0,2.0,0.0
598017,R Rampaul,12,7,14.0,0.0,1.0
598017,R Vinay Kumar,1,1,1.0,0.0,0.0
598017,V Kohli,65,51,74.0,7.0,1.0
598017,V Sehwag,25,23,29.0,4.0,0.0
598018,A Ashish Reddy,19,15,21.0,0.0,1.0
598018,A Mishra,30,26,33.0,3.0,0.0
598018,AB Dinda,0,1,0.0,0.0,0.0
598018,AD Mathews,20,24,21.0,1.0,0.0
598018,AJ Finch,16,13,19.0,3.0,0.0
598018,AM Nayar,0,2,0.0,0.0,0.0
598018,B Kumar,0,1,0.0,0.0,0.0
598018,BB Samantray,37,37,42.0,3.0,1.0
598018,CL White,0,1,0.0,0.0,0.0
598018,DW Steyn,4,1,5.0,1.0,0.0
598018,GH Vihari,1,9,1.0,0.0,0.0
598018,KV Sharma,7,14,7.0,0.0,0.0
598018,MK Pandey,7,6,8.0,1.0,0.0
598018,MR Marsh,14,13,17.0,1.0,1.0
598018,NLTC Perera,2,4,2.0,0.0,0.0
598018,PA Patel,12,9,14.0,2.0,0.0
598018,Q de Kock,2,9,2.0,0.0,0.0
598018,R Sharma,0,1,0.0,0.0,0.0
598018,RV Uthappa,22,14,26.0,4.0,0.0
598018,SPD Smith,17,25,17.0,0.0,0.0
598018,TL Suman,12,14,13.0,1.0,0.0
598019,AM Rahane,68,57,78.0,8.0,1.0
598019,AT Rayudu,27,29,29.0,2.0,0.0
598019,BJ Hodge,27,16,31.0,0.0,2.0
598019,DH Yagnik,34,26,40.0,4.0,1.0
598019,Harbhajan Singh,1,1,1.0,0.0,0.0
598019,KA Pollard,1,7,1.0,0.0,0.0
598019,KD Karthik,30,34,33.0,3.0,0.0
598019,MG Johnson,11,9,13.0,2.0,0.0
598019,PP Ojha,1,1,1.0,0.0,0.0
598019,R Dhawan,0,1,0.0,0.0,0.0
598019,RG Sharma,2,7,2.0,0.0,0.0
598019,RT Ponting,4,9,4.0,0.0,0.0
598019,SL Malinga,7,12,8.0,1.0,0.0
598019,SR Tendulkar,1,3,1.0,0.0,0.0
598019,SR Watson,31,25,38.0,5.0,1.0
598019,STR Binny,4,4,4.0,0.0,0.0
598020,AB Agarkar,3,7,3.0,0.0,0.0
598020,BMAJ Mendis,12,17,12.0,0.0,0.0
598020,DA Warner,1,4,1.0,0.0,0.0
598020,DJ Bravo,3,3,3.0,0.0,0.0
598020,DPMD Jayawardene,6,12,7.0,1.0,0.0
598020,IK Pathan,2,6,2.0,0.0,0.0
598020,KM Jadhav,31,28,34.0,3.0,0.0
598020,M Morkel,2,4,2.0,0.0,0.0
598020,M Vijay,18,13,21.0,3.0,0.0
598020,MC Juneja,2,3,2.0,0.0,0.0
598020,MEK Hussey,65,53,75.0,6.0,2.0
598020,MS Dhoni,44,24,51.0,5.0,1.0
598020,S Nadeem,2,7,2.0,0.0,0.0
598020,SK Raina,30,32,35.0,5.0,0.0
598020,UT Yadav,1,5,1.0,0.0,0.0
598020,V Sehwag,17,16,20.0,1.0,1.0
598021,A Ashish Reddy,7,7,8.0,1.0,0.0
598021,AC Gilchrist,26,25,30.0,4.0,0.0
598021,AD Mascarenhas,5,5,5.0,0.0,0.0
598021,Azhar Mahmood,4,4,5.0,1.0,0.0
598021,BB Samantray,10,12,11.0,1.0,0.0
598021,CL White,16,23,17.0,1.0,0.0
598021,DJ Hussey,22,24,25.0,1.0,1.0
598021,GH Vihari,46,39,51.0,5.0,0.0
598021,Gurkeerat Singh,17,12,20.0,1.0,1.0
598021,M Vohra,0,1,0.0,0.0,0.0
598021,Mandeep Singh,10,12,11.0,1.0,0.0
598021,NLTC Perera,23,12,29.0,0.0,3.0
598021,P Kumar,3,6,3.0,0.0,0.0
598021,PA Reddy,19,17,21.0,2.0,0.0
598021,PC Valthaty,6,17,6.0,0.0,0.0
598021,PP Chawla,23,16,28.0,1.0,2.0
598021,Q de Kock,0,4,0.0,0.0,0.0
598022,DB Das,19,15,23.0,0.0,2.0
598022,DJ Bravo,7,4,8.0,1.0,0.0
598022,EJG Morgan,2,7,2.0,0.0,0.0
598022,G Gambhir,25,20,30.0,5.0,0.0
598022,L Balaji,9,7,10.0,1.0,0.0
598022,LR Shukla,1,3,1.0,0.0,0.0
598022,M Vijay,2,5,2.0,0.0,0.0
598022,MEK Hussey,40,52,44.0,2.0,1.0
598022,MK Tiwary,13,18,13.0,0.0,0.0
598022,MS Dhoni,9,7,9.0,0.0,0.0
598022,R Ashwin,11,13,13.0,2.0,0.0
598022,R Bhatia,1,10,1.0,0.0,0.0
598022,RA Jadeja,36,14,45.0,3.0,3.0
598022,S Badrinath,6,13,6.0,0.0,0.0
598022,SK Raina,7,8,8.0,1.0,0.0
598022,SMSM Senanayake,7,13,7.0,0.0,0.0
598022,SP Narine,13,6,17.0,0.0,2.0
598022,YK Pathan,25,22,29.0,4.0,0.0
598023,A Chandila,4,6,4.0,0.0,0.0
598023,AB de Villiers,7,8,8.0,1.0,0.0
598023,AM Rahane,14,13,18.0,2.0,1.0
598023,BJ Hodge,13,17,14.0,1.0,0.0
598023,CH Gayle,49,49,55.0,4.0,1.0
598023,DH Yagnik,5,4,6.0,1.0,0.0
598023,JP Faulkner,3,7,3.0,0.0,0.0
598023,R Dravid,35,31,40.0,5.0,0.0
598023,S Sreesanth,0,2,0.0,0.0,0.0
598023,SK Trivedi,3,6,3.0,0.0,0.0
598023,SR Watson,6,9,7.0,1.0,0.0
598023,SS Tiwary,25,30,29.0,2.0,1.0
598023,STR Binny,33,20,39.0,4.0,1.0
598023,SW Tait,1,3,1.0,0.0,0.0
598023,TM Dilshan,25,22,30.0,5.0,0.0
598023,V Kohli,1,5,1.0,0.0,0.0
598024,AT Rayudu,2,2,2.0,0.0,0.0
598024,DA Warner,7,6,8.0,1.0,0.0
598024,DPMD Jayawardene,59,43,69.0,8.0,1.0
598024,DR Smith,8,12,9.0,1.0,0.0
598024,KA Pollard,19,10,22.0,1.0,1.0
598024,KD Karthik,2,6,2.0,0.0,0.0
598024,RG Sharma,73,44,88.0,5.0,5.0
598024,SR Tendulkar,54,48,62.0,4.0,2.0
598024,V Sehwag,95,57,112.0,13.0,2.0
598025,AC Gilchrist,4,3,5.0,1.0,0.0
598025,AJ Finch,64,43,76.0,8.0,2.0
598025,AM Nayar,2,2,2.0,0.0,0.0
598025,Azhar Mahmood,0,4,0.0,0.0,0.0
598025,DA Miller,80,42,95.0,5.0,5.0
598025,LJ Wright,34,11,42.0,6.0,1.0
598025,M Vohra,22,13,25.0,3.0,0.0
598025,Mandeep Singh,77,58,84.0,7.0,0.0
598025,RV Uthappa,37,34,41.0,4.0,0.0
598025,SPD Smith,6,9,6.0,0.0,0.0
598025,Yuvraj Singh,34,25,42.0,2.0,3.0
598026,AM Rahane,16,16,17.0,1.0,0.0
598026,BJ Hodge,9,6,10.0,1.0,0.0
598026,CH Morris,1,1,1.0,0.0,0.0
598026,DH Yagnik,7,8,8.0,1.0,0.0
598026,DJ Bravo,15,9,17.0,0.0,1.0
598026,M Vijay,3,5,3.0,0.0,0.0
598026,MEK Hussey,88,52,103.0,13.0,1.0
598026,MS Dhoni,21,17,22.0,1.0,0.0
598026,R Dravid,6,10,6.0,0.0,0.0
598026,RA Jadeja,0,2,0.0,0.0,0.0
598026,SK Raina,51,35,59.0,4.0,2.0
598026,SR Watson,101,64,119.0,6.0,6.0
598026,STR Binny,36,23,41.0,3.0,1.0
598027,AB Dinda,1,1,1.0,0.0,0.0
598027,AB de Villiers,31,9,40.0,3.0,3.0
598027,AG Murtaza,5,4,6.0,1.0,0.0
598027,AJ Finch,18,15,22.0,4.0,0.0
598027,B Kumar,6,12,7.0,1.0,0.0
598027,CH Gayle,175,69,222.0,13.0,17.0
598027,IC Pandey,0,2,0.0,0.0,0.0
598027,LJ Wright,7,4,9.0,0.0,1.0
598027,M Manhas,11,13,12.0,1.0,0.0
598027,MR Marsh,24,24,28.0,0.0,2.0
598027,R Rampaul,0,1,0.0,0.0,0.0
598027,RV Uthappa,0,2,0.0,0.0,0.0
598027,SPD Smith,41,32,47.0,6.0,0.0
598027,SS Tiwary,2,2,2.0,0.0,0.0
598027,TM Dilshan,33,38,38.0,5.0,0.0
598027,V Kohli,11,9,13.0,0.0,1.0
598027,Yuvraj Singh,16,14,18.0,2.0,0.0
598028,AC Gilchrist,42,26,51.0,5.0,2.0
598028,Azhar Mahmood,9,14,10.0,1.0,0.0
598028,BJ Rohrer,49,29,59.0,4.0,3.0
598028,CM Gautam,12,8,14.0,2.0,0.0
598028,DA Miller,44,24,55.0,3.0,4.0
598028,DA Warner,0,1,0.0,0.0,0.0
598028,DPMD Jayawardene,39,42,44.0,3.0,1.0
598028,IK Pathan,1,7,1.0,0.0,0.0
598028,M Morkel,13,4,17.0,0.0,2.0
598028,R Sathish,22,13,26.0,2.0,1.0
598028,SE Marsh,45,46,52.0,7.0,0.0
598028,UBT Chand,7,8,9.0,0.0,1.0
598028,V Sehwag,30,22,36.0,6.0,0.0
598029,AT Rayudu,13,8,14.0,1.0,0.0
598029,DB Das,6,7,7.0,1.0,0.0
598029,DR Smith,62,45,75.0,3.0,5.0
598029,EJG Morgan,31,25,37.0,4.0,1.0
598029,G Gambhir,26,20,30.0,2.0,1.0
598029,Harbhajan Singh,7,2,9.0,0.0,1.0
598029,JH Kallis,37,38,41.0,4.0,0.0
598029,KA Pollard,33,24,37.0,2.0,1.0
598029,KD Karthik,7,6,8.0,1.0,0.0
598029,MK Tiwary,33,24,37.0,2.0,1.0
598029,R Bhatia,1,1,1.0,0.0,0.0
598029,RG Sharma,34,28,39.0,1.0,2.0
598029,SR Tendulkar,2,6,2.0,0.0,0.0
598029,YK Pathan,19,7,24.0,3.0,1.0
598030,A Ashish Reddy,36,16,44.0,2.0,3.0
598030,A Mishra,15,21,17.0,2.0,0.0
598030,CH Morris,0,1,0.0,0.0,0.0
598030,CL White,2,3,2.0,0.0,0.0
598030,DJ Bravo,7,16,7.0,0.0,0.0
598030,DJG Sammy,19,12,23.0,2.0,1.0
598030,GH Vihari,2,3,2.0,0.0,0.0
598030,M Vijay,18,23,20.0,2.0,0.0
598030,MEK Hussey,45,28,54.0,5.0,2.0
598030,MS Dhoni,67,38,82.0,7.0,4.0
598030,Q de Kock,4,3,5.0,1.0,0.0
598030,RA Jadeja,1,4,1.0,0.0,0.0
598030,S Dhawan,63,48,73.0,10.0,0.0
598030,SK Raina,16,13,17.0,1.0,0.0
598030,X Thalaivan Sargunam,10,17,10.0,0.0,0.0
598031,AC Gilchrist,27,27,31.0,4.0,0.0
598031,Azhar Mahmood,2,7,2.0,0.0,0.0
598031,DA Miller,10,8,12.0,0.0,1.0
598031,DJ Hussey,21,20,22.0,1.0,0.0
598031,EJG Morgan,42,27,53.0,3.0,4.0
598031,G Gambhir,8,6,10.0,2.0,0.0
598031,Gurkeerat Singh,28,15,34.0,2.0,2.0
598031,JH Kallis,37,33,43.0,6.0,0.0
598031,M Vohra,31,21,36.0,3.0,1.0
598031,MS Bisla,51,45,60.0,3.0,3.0
598031,Mandeep Singh,25,20,30.0,5.0,0.0
598031,PP Chawla,0,2,0.0,0.0,0.0
598031,SMSM Senanayake,0,1,0.0,0.0,0.0
598031,YK Pathan,0,1,0.0,0.0,0.0
598032,A Ashish Reddy,14,11,15.0,1.0,0.0
598032,A Mishra,21,33,23.0,2.0,0.0
598032,AM Rahane,1,9,1.0,0.0,0.0
598032,DJG Sammy,60,44,70.0,8.0,1.0
598032,DW Steyn,18,9,22.0,2.0,1.0
598032,GH Vihari,4,9,4.0,0.0,0.0
598032,KC Sangakkara,4,4,5.0,1.0,0.0
598032,KV Sharma,6,8,7.0,1.0,0.0
598032,NLTC Perera,4,4,5.0,1.0,0.0
598032,PA Reddy,2,5,2.0,0.0,0.0
598032,R Dravid,36,36,42.0,4.0,1.0
598032,S Dhawan,0,2,0.0,0.0,0.0
598032,SR Watson,98,53,119.0,13.0,4.0
598032,STR Binny,9,10,10.0,1.0,0.0
598033,AB de Villiers,2,3,2.0,0.0,0.0
598033,CH Gayle,18,20,22.0,2.0,1.0
598033,DR Smith,50,37,60.0,4.0,3.0
598033,Harbhajan Singh,16,8,19.0,3.0,0.0
598033,J Syed Mohammad,9,11,10.0,1.0,0.0
598033,KA Pollard,34,17,42.0,2.0,3.0
598033,KB Arun Karthik,12,8,14.0,0.0,1.0
598033,KD Karthik,43,34,48.0,3.0,1.0
598033,MG Johnson,9,5,11.0,0.0,1.0
598033,R Rampaul,23,18,26.0,3.0,0.0
598033,R Vinay Kumar,26,20,30.0,4.0,0.0
598033,RG Sharma,10,8,11.0,1.0,0.0
598033,SL Malinga,0,1,0.0,0.0,0.0
598033,SR Tendulkar,23,13,28.0,5.0,0.0
598033,SS Tiwary,21,21,23.0,0.0,1.0
598033,TM Dilshan,13,19,15.0,2.0,0.0
598033,V Kohli,1,4,1.0,0.0,0.0
598034,BB McCullum,6,7,7.0,1.0,0.0
598034,EJG Morgan,32,25,38.0,2.0,2.0
598034,G Gambhir,14,8,17.0,3.0,0.0
598034,JH Kallis,19,20,21.0,0.0,1.0
598034,MEK Hussey,95,59,110.0,11.0,2.0
598034,MS Bisla,92,64,110.0,14.0,2.0
598034,MS Dhoni,18,13,21.0,1.0,1.0
598034,RA Jadeja,1,1,1.0,0.0,0.0
598034,SK Raina,44,25,50.0,4.0,1.0
598034,WP Saha,39,24,47.0,4.0,2.0
598034,YK Pathan,3,3,3.0,0.0,0.0
598035,AJ Finch,37,34,42.0,5.0,0.0
598035,BJ Rohrer,13,14,14.0,1.0,0.0
598035,DA Warner,51,25,63.0,4.0,4.0
598035,DPMD Jayawardene,12,18,14.0,2.0,0.0
598035,IK Pathan,4,1,5.0,1.0,0.0
598035,KM Jadhav,25,20,29.0,0.0,2.0
598035,LJ Wright,19,18,22.0,3.0,0.0
598035,M Manhas,2,4,2.0,0.0,0.0
598035,RV Uthappa,37,34,41.0,4.0,0.0
598035,SPD Smith,17,8,21.0,2.0,1.0
598035,UBT Chand,17,20,19.0,2.0,0.0
598035,V Sehwag,28,30,34.0,2.0,2.0
598035,Yuvraj Singh,31,25,35.0,4.0,0.0
598036,A Mukund,19,22,20.0,1.0,0.0
598036,AB de Villiers,21,13,24.0,3.0,0.0
598036,AM Rahane,2,7,2.0,0.0,0.0
598036,BJ Hodge,32,18,37.0,1.0,2.0
598036,CH Gayle,34,17,42.0,6.0,1.0
598036,JP Faulkner,1,1,1.0,0.0,0.0
598036,MC Henriques,22,19,26.0,2.0,1.0
598036,OA Shah,1,1,1.0,0.0,0.0
598036,R Dravid,22,17,26.0,4.0,0.0
598036,R Rampaul,3,4,3.0,0.0,0.0
598036,R Vinay Kumar,22,6,28.0,0.0,3.0
598036,SR Watson,41,32,46.0,3.0,1.0
598036,SS Tiwary,8,9,8.0,0.0,0.0
598036,STR Binny,6,3,7.0,1.0,0.0
598036,SV Samson,63,42,74.0,7.0,2.0
598036,V Kohli,32,35,35.0,3.0,0.0
598037,Azhar Mahmood,9,13,10.0,1.0,0.0
598037,DA Miller,56,35,67.0,1.0,5.0
598037,DJ Hussey,34,18,41.0,5.0,1.0
598037,DR Smith,33,33,38.0,3.0,1.0
598037,Gurkeerat Singh,2,4,2.0,0.0,0.0
598037,KA Pollard,20,22,23.0,1.0,1.0
598037,KD Karthik,25,20,29.0,2.0,1.0
598037,M Vohra,1,2,1.0,0.0,0.0
598037,MS Gony,0,3,0.0,0.0,0.0
598037,Mandeep Singh,9,9,11.0,2.0,0.0
598037,P Awana,0,2,0.0,0.0,0.0
598037,P Kumar,24,16,29.0,1.0,2.0
598037,PP Chawla,12,11,14.0,0.0,1.0
598037,RG Sharma,79,40,97.0,6.0,6.0
598037,SE Marsh,10,13,11.0,1.0,0.0
598037,SR Tendulkar,9,10,11.0,2.0,0.0
598038,AB Dinda,2,2,2.0,0.0,0.0
598038,AJ Finch,15,9,19.0,2.0,1.0
598038,AM Nayar,2,4,2.0,0.0,0.0
598038,B Kumar,24,25,27.0,1.0,1.0
598038,KW Richardson,26,20,30.0,2.0,1.0
598038,LJ Wright,2,6,2.0,0.0,0.0
598038,MEK Hussey,5,8,6.0,1.0,0.0
598038,MS Dhoni,45,16,55.0,4.0,3.0
598038,R Sharma,0,1,0.0,0.0,0.0
598038,RV Uthappa,10,11,12.0,0.0,1.0
598038,S Badrinath,34,32,36.0,2.0,0.0
598038,SK Raina,63,50,70.0,5.0,1.0
598038,SPD Smith,35,40,38.0,3.0,0.0
598038,TL Suman,0,1,0.0,0.0,0.0
598038,WP Saha,13,15,16.0,1.0,1.0
598038,Yuvraj Singh,5,5,6.0,1.0,0.0
598039,AT Rayudu,34,28,38.0,4.0,0.0
598039,DJG Sammy,1,1,1.0,0.0,0.0
598039,DR Smith,38,40,45.0,3.0,2.0
598039,GH Vihari,25,23,27.0,2.0,0.0
598039,KA Pollard,14,19,15.0,1.0,0.0
598039,KC Sangakkara,21,21,24.0,3.0,0.0
598039,KD Karthik,0,2,0.0,0.0,0.0
598039,PA Reddy,7,9,8.0,1.0,0.0
598039,RG Sharma,22,22,24.0,2.0,0.0
598039,S Dhawan,73,57,84.0,9.0,1.0
598039,SR Tendulkar,14,14,16.0,2.0,0.0
598040,B Lee,16,6,20.0,0.0,2.0
598040,BJ Rohrer,10,3,12.0,0.0,1.0
598040,DA Warner,66,42,78.0,6.0,3.0
598040,DB Das,18,28,21.0,1.0,1.0
598040,DPMD Jayawardene,5,9,5.0,0.0,0.0
598040,EJG Morgan,10,9,12.0,2.0,0.0
598040,JH Kallis,12,16,14.0,2.0,0.0
598040,MS Bisla,4,8,5.0,1.0,0.0
598040,R Bhatia,26,26,28.0,2.0,0.0
598040,S Narwal,23,16,27.0,4.0,0.0
598040,UBT Chand,37,39,41.0,4.0,0.0
598040,V Sehwag,17,15,20.0,3.0,0.0
598040,YK Pathan,20,16,24.0,2.0,1.0
598041,DA Miller,51,26,60.0,5.0,2.0
598041,DJ Hussey,22,16,26.0,2.0,1.0
598041,Gurkeerat Singh,0,1,0.0,0.0,0.0
598041,JA Morkel,23,16,27.0,2.0,1.0
598041,LA Pomersbach,7,9,8.0,1.0,0.0
598041,MEK Hussey,35,30,38.0,3.0,0.0
598041,MS Dhoni,2,2,2.0,0.0,0.0
598041,MS Gony,0,1,0.0,0.0,0.0
598041,Mandeep Singh,15,15,17.0,2.0,0.0
598041,R Sathish,0,1,0.0,0.0,0.0
598041,RA Jadeja,5,2,6.0,1.0,0.0
598041,SE Marsh,73,51,85.0,8.0,2.0
598041,SK Raina,100,54,119.0,7.0,6.0
598041,WP Saha,18,18,21.0,1.0,1.0
598042,AB Dinda,6,5,7.0,1.0,0.0
598042,AB de Villiers,50,23,60.0,6.0,2.0
598042,AD Mathews,32,20,38.0,0.0,3.0
598042,AJ Finch,15,12,18.0,1.0,1.0
598042,AM Nayar,1,3,1.0,0.0,0.0
598042,B Kumar,2,3,2.0,0.0,0.0
598042,BAW Mendis,2,4,2.0,0.0,0.0
598042,CH Gayle,21,21,25.0,2.0,1.0
598042,MC Henriques,27,13,33.0,4.0,1.0
598042,R Sharma,0,1,0.0,0.0,0.0
598042,RV Uthappa,75,47,90.0,5.0,5.0
598042,SPD Smith,4,4,5.0,1.0,0.0
598042,SS Tiwary,52,48,58.0,2.0,2.0
598042,TL Suman,11,14,12.0,1.0,0.0
598042,V Kohli,25,18,28.0,3.0,0.0
598042,Yuvraj Singh,16,11,20.0,0.0,2.0
598043,AM Rahane,6,10,7.0,1.0,0.0
598043,DH Yagnik,10,6,12.0,2.0,0.0
598043,G Gambhir,12,16,13.0,1.0,0.0
598043,JH Kallis,33,30,37.0,2.0,1.0
598043,JP Faulkner,1,4,1.0,0.0,0.0
598043,MS Bisla,29,26,35.0,4.0,1.0
598043,OA Shah,24,23,26.0,2.0,0.0
598043,R Dravid,6,3,7.0,1.0,0.0
598043,SR Watson,35,39,39.0,4.0,0.0
598043,STR Binny,3,5,3.0,0.0,0.0
598043,SV Samson,40,36,45.0,1.0,2.0
598043,YK Pathan,49,36,58.0,3.0,3.0
598044,A Ashish Reddy,5,7,6.0,1.0,0.0
598044,A Nehra,0,1,0.0,0.0,0.0
598044,BMAJ Mendis,11,9,11.0,0.0,0.0
598044,DA Warner,8,15,8.0,0.0,0.0
598044,DJG Sammy,18,20,20.0,0.0,1.0
598044,DPMD Jayawardene,11,12,14.0,1.0,1.0
598044,GH Vihari,11,11,13.0,2.0,0.0
598044,IK Pathan,13,19,13.0,0.0,0.0
598044,J Botha,1,7,1.0,0.0,0.0
598044,KC Sangakkara,8,14,8.0,0.0,0.0
598044,KM Jadhav,3,4,3.0,0.0,0.0
598044,PA Patel,14,18,15.0,1.0,0.0
598044,S Dhawan,22,16,26.0,4.0,0.0
598044,S Nadeem,0,3,0.0,0.0,0.0
598044,UBT Chand,17,25,20.0,3.0,0.0
598044,UT Yadav,2,5,2.0,0.0,0.0
598044,V Sehwag,8,17,8.0,0.0,0.0
598045,AB de Villiers,6,2,8.0,0.0,1.0
598045,AC Gilchrist,85,57,101.0,10.0,3.0
598045,Azhar Mahmood,61,42,71.0,8.0,1.0
598045,CA Pujara,19,20,22.0,3.0,0.0
598045,CH Gayle,77,56,93.0,4.0,6.0
598045,DA Miller,2,4,2.0,0.0,0.0
598045,KL Rahul,8,4,10.0,2.0,0.0
598045,MC Henriques,0,1,0.0,0.0,0.0
598045,R Sathish,12,6,15.0,1.0,1.0
598045,SE Marsh,8,4,10.0,2.0,0.0
598045,V Kohli,57,43,67.0,6.0,2.0
598046,AT Rayudu,10,11,11.0,1.0,0.0
598046,B Laughlin,4,8,4.0,0.0,0.0
598046,CH Morris,1,5,1.0,0.0,0.0
598046,DJ Bravo,9,7,11.0,2.0,0.0
598046,DR Smith,22,24,26.0,2.0,1.0
598046,Harbhajan Singh,25,11,31.0,2.0,2.0
598046,KA Pollard,1,3,1.0,0.0,0.0
598046,KD Karthik,23,23,27.0,2.0,1.0
598046,M Vijay,2,4,2.0,0.0,0.0
598046,MEK Hussey,22,27,25.0,1.0,1.0
598046,MM Sharma,0,3,0.0,0.0,0.0
598046,MS Dhoni,10,12,11.0,1.0,0.0
598046,R Ashwin,2,8,2.0,0.0,0.0
598046,RA Jadeja,20,18,22.0,2.0,0.0
598046,RG Sharma,39,31,44.0,3.0,1.0
598046,S Badrinath,0,3,0.0,0.0,0.0
598046,SK Raina,0,1,0.0,0.0,0.0
598046,SR Tendulkar,15,21,18.0,1.0,1.0
598047,AD Mathews,18,15,20.0,2.0,0.0
598047,AJ Finch,45,33,52.0,7.0,0.0
598047,AM Rahane,67,50,77.0,6.0,2.0
598047,BJ Hodge,4,5,4.0,0.0,0.0
598047,JP Faulkner,3,2,3.0,0.0,0.0
598047,MR Marsh,35,22,43.0,2.0,3.0
598047,R Dravid,58,41,69.0,9.0,1.0
598047,RV Uthappa,54,46,64.0,8.0,1.0
598047,SR Watson,5,5,6.0,1.0,0.0
598047,STR Binny,32,13,38.0,2.0,2.0
598047,SV Samson,10,6,12.0,2.0,0.0
598047,Yuvraj Singh,15,11,18.0,1.0,1.0
598048,A Ashish Reddy,3,4,3.0,0.0,0.0
598048,AB de Villiers,15,15,17.0,0.0,1.0
598048,BB Samantray,2,2,2.0,0.0,0.0
598048,CH Gayle,13,15,15.0,2.0,0.0
598048,CL White,52,35,61.0,3.0,3.0
598048,GH Vihari,4,3,4.0,0.0,0.0
598048,KC Sangakkara,23,24,25.0,2.0,0.0
598048,MA Agarwal,29,20,36.0,3.0,2.0
598048,MC Henriques,7,9,8.0,1.0,0.0
598048,NLTC Perera,40,27,49.0,1.0,4.0
598048,PA Patel,20,19,22.0,2.0,0.0
598048,PA Reddy,12,11,14.0,2.0,0.0
598048,V Kohli,93,51,112.0,11.0,4.0
598049,AM Rahane,63,47,70.0,5.0,1.0
598049,BJ Rohrer,64,41,75.0,9.0,1.0
598049,CM Gautam,2,3,2.0,0.0,0.0
598049,DA Warner,13,18,15.0,2.0,0.0
598049,DPMD Jayawardene,34,32,40.0,4.0,1.0
598049,KM Jadhav,23,22,25.0,2.0,0.0
598049,R Dravid,53,51,60.0,7.0,0.0
598049,SR Watson,28,14,33.0,3.0,1.0
598049,V Sehwag,11,9,13.0,2.0,0.0
598050,DB Das,23,17,29.0,2.0,2.0
598050,DR Smith,47,56,54.0,7.0,0.0
598050,EJG Morgan,5,10,5.0,0.0,0.0
598050,G Gambhir,0,2,0.0,0.0,0.0
598050,Iqbal Abdulla,6,11,6.0,0.0,0.0
598050,JH Kallis,24,26,28.0,2.0,1.0
598050,KA Pollard,4,4,5.0,1.0,0.0
598050,KD Karthik,34,19,41.0,3.0,2.0
598050,L Balaji,0,3,0.0,0.0,0.0
598050,MG Johnson,10,7,12.0,0.0,1.0
598050,MS Bisla,17,19,20.0,3.0,0.0
598050,R Bhatia,4,5,4.0,0.0,0.0
598050,R McLaren,1,3,1.0,0.0,0.0
598050,RG Sharma,16,11,19.0,1.0,1.0
598050,SP Narine,3,6,3.0,0.0,0.0
598050,SR Tendulkar,48,29,56.0,8.0,0.0
598050,YK Pathan,13,8,16.0,1.0,1.0
598051,A Mishra,6,8,6.0,0.0,0.0
598051,DJG Sammy,7,3,9.0,0.0,1.0
598051,DW Steyn,14,13,17.0,1.0,1.0
598051,GH Vihari,3,8,3.0,0.0,0.0
598051,KC Sangakkara,3,10,3.0,0.0,0.0
598051,KV Sharma,39,34,44.0,3.0,1.0
598051,M Vijay,29,20,37.0,2.0,3.0
598051,MEK Hussey,67,44,80.0,5.0,4.0
598051,MS Dhoni,4,3,4.0,0.0,0.0
598051,NLTC Perera,23,13,28.0,1.0,2.0
598051,PA Patel,44,32,52.0,6.0,1.0
598051,RA Jadeja,14,6,17.0,3.0,0.0
598051,S Dhawan,3,3,3.0,0.0,0.0
598051,SK Raina,99,55,116.0,11.0,3.0
598052,AC Gilchrist,42,32,48.0,6.0,0.0
598052,AM Rahane,59,52,68.0,3.0,3.0
598052,DA Miller,8,11,8.0,0.0,0.0
598052,DJ Hussey,1,3,1.0,0.0,0.0
598052,MS Gony,3,4,3.0,0.0,0.0
598052,Mandeep Singh,0,3,0.0,0.0,0.0
598052,PP Chawla,1,1,1.0,0.0,0.0
598052,R Dravid,4,7,5.0,1.0,0.0
598052,R Sathish,4,3,4.0,0.0,0.0
598052,SE Marsh,77,66,87.0,6.0,2.0
598052,SR Watson,31,25,36.0,3.0,1.0
598052,SV Samson,47,33,54.0,5.0,1.0
598053,AD Mathews,40,28,48.0,0.0,4.0
598053,AJ Finch,5,5,6.0,1.0,0.0
598053,B Kumar,1,3,1.0,0.0,0.0
598053,EJG Morgan,15,15,16.0,1.0,0.0
598053,G Gambhir,50,46,56.0,6.0,0.0
598053,JH Kallis,2,6,2.0,0.0,0.0
598053,K Upadhyay,1,1,1.0,0.0,0.0
598053,M Rawat,5,11,5.0,0.0,0.0
598053,MK Tiwary,15,11,17.0,2.0,0.0
598053,MR Marsh,5,8,5.0,0.0,0.0
598053,MS Bisla,12,13,14.0,2.0,0.0
598053,Parvez Rasool,1,4,1.0,0.0,0.0
598053,R Bhatia,13,5,16.0,1.0,1.0
598053,RN ten Doeschate,31,21,36.0,3.0,1.0
598053,RV Uthappa,31,36,33.0,2.0,0.0
598053,UA Birla,7,15,8.0,1.0,0.0
598053,WD Parnell,5,7,5.0,0.0,0.0
598053,YK Pathan,3,7,3.0,0.0,0.0
598053,Yuvraj Singh,1,2,1.0,0.0,0.0
598054,AB de Villiers,32,17,38.0,2.0,2.0
598054,BJ Rohrer,32,29,36.0,4.0,0.0
598054,CA Pujara,17,18,20.0,3.0,0.0
598054,CH Gayle,4,7,5.0,1.0,0.0
598054,DA Warner,4,6,5.0,1.0,0.0
598054,DPMD Jayawardene,19,13,23.0,4.0,0.0
598054,IK Pathan,23,11,29.0,2.0,2.0
598054,KM Jadhav,8,8,8.0,0.0,0.0
598054,M Morkel,19,11,22.0,3.0,0.0
598054,MC Henriques,26,23,29.0,3.0,0.0
598054,UBT Chand,41,36,47.0,4.0,1.0
598054,UT Yadav,4,1,5.0,1.0,0.0
598054,V Kohli,99,59,117.0,10.0,4.0
598054,V Sehwag,18,10,22.0,4.0,0.0
598055,AD Mathews,0,2,0.0,0.0,0.0
598055,AJ Finch,10,11,12.0,2.0,0.0
598055,AM Nayar,11,14,11.0,0.0,0.0
598055,AT Rayudu,26,23,30.0,2.0,1.0
598055,B Kumar,2,2,2.0,0.0,0.0
598055,DR Smith,0,1,0.0,0.0,0.0
598055,GJ Maxwell,13,7,16.0,1.0,1.0
598055,Harbhajan Singh,4,3,5.0,1.0,0.0
598055,KD Karthik,17,25,20.0,1.0,1.0
598055,KW Richardson,8,16,8.0,0.0,0.0
598055,MK Pandey,29,29,32.0,1.0,1.0
598055,Parvez Rasool,4,5,4.0,0.0,0.0
598055,RG Sharma,37,42,40.0,3.0,0.0
598055,RV Uthappa,11,13,12.0,1.0,0.0
598055,SR Tendulkar,15,15,18.0,3.0,0.0
598055,Yuvraj Singh,33,29,38.0,1.0,2.0
598056,AC Gilchrist,26,23,30.0,4.0,0.0
598056,BB Samantray,0,1,0.0,0.0,0.0
598056,CL White,10,8,12.0,2.0,0.0
598056,DA Miller,6,7,7.0,1.0,0.0
598056,DJG Sammy,0,3,0.0,0.0,0.0
598056,DW Steyn,1,3,1.0,0.0,0.0
598056,GH Vihari,5,7,6.0,1.0,0.0
598056,Harmeet Singh,3,4,3.0,0.0,0.0
598056,KV Sharma,22,18,26.0,2.0,1.0
598056,LA Pomersbach,33,41,36.0,1.0,1.0
598056,Mandeep Singh,0,2,0.0,0.0,0.0
598056,NLTC Perera,32,19,38.0,2.0,2.0
598056,P Awana,0,1,0.0,0.0,0.0
598056,P Kumar,1,3,1.0,0.0,0.0
598056,PA Patel,61,47,70.0,5.0,2.0
598056,PP Chawla,0,2,0.0,0.0,0.0
598056,R Sathish,25,18,30.0,1.0,2.0
598056,S Dhawan,15,15,17.0,2.0,0.0
598056,SE Marsh,18,20,21.0,3.0,0.0
598056,Sandeep Sharma,0,1,0.0,0.0,0.0
598057,A Mithun,2,2,2.0,0.0,0.0
598057,AB de Villiers,28,22,31.0,1.0,1.0
598057,CA Pujara,5,14,5.0,0.0,0.0
598057,CH Gayle,33,37,36.0,1.0,1.0
598057,G Gambhir,14,16,17.0,3.0,0.0
598057,JD Unadkat,1,1,1.0,0.0,0.0
598057,JH Kallis,41,47,45.0,4.0,0.0
598057,M Kartik,0,1,0.0,0.0,0.0
598057,MC Henriques,11,11,11.0,0.0,0.0
598057,MK Tiwary,24,27,27.0,3.0,0.0
598057,MS Bisla,0,2,0.0,0.0,0.0
598057,R Bhatia,3,4,3.0,0.0,0.0
598057,R Rampaul,0,3,0.0,0.0,0.0
598057,R Vinay Kumar,14,13,15.0,1.0,0.0
598057,RN ten Doeschate,11,7,13.0,2.0,0.0
598057,SS Tiwary,1,3,1.0,0.0,0.0
598057,V Kohli,17,14,19.0,2.0,0.0
598057,YK Pathan,18,17,21.0,1.0,1.0
598058,AM Rahane,9,10,10.0,1.0,0.0
598058,BJ Hodge,0,1,0.0,0.0,0.0
598058,DJ Bravo,23,11,27.0,4.0,0.0
598058,JP Faulkner,1,2,1.0,0.0,0.0
598058,M Vijay,55,51,61.0,6.0,0.0
598058,MEK Hussey,40,41,46.0,6.0,0.0
598058,MS Dhoni,2,3,2.0,0.0,0.0
598058,R Dravid,22,28,24.0,2.0,0.0
598058,RA Jadeja,12,15,12.0,0.0,0.0
598058,SK Raina,1,2,1.0,0.0,0.0
598058,SR Watson,70,34,88.0,6.0,6.0
598058,STR Binny,41,24,49.0,2.0,3.0
598058,SV Samson,0,5,0.0,0.0,0.0
598059,AB Agarkar,9,9,9.0,0.0,0.0
598059,AC Gilchrist,6,3,7.0,1.0,0.0
598059,DA Miller,34,39,37.0,3.0,0.0
598059,DA Warner,40,36,46.0,4.0,1.0
598059,DJ Hussey,20,21,23.0,1.0,1.0
598059,DPMD Jayawardene,4,4,5.0,1.0,0.0
598059,IK Pathan,14,17,15.0,1.0,0.0
598059,J Botha,1,2,1.0,0.0,0.0
598059,KM Jadhav,0,3,0.0,0.0,0.0
598059,LA Pomersbach,18,10,21.0,3.0,0.0
598059,M Vohra,8,11,9.0,1.0,0.0
598059,MC Juneja,14,20,15.0,1.0,0.0
598059,Mandeep Singh,24,16,29.0,5.0,0.0
598059,PP Chawla,5,3,6.0,1.0,0.0
598059,RE van der Merwe,8,9,9.0,1.0,0.0
598059,V Sehwag,23,23,27.0,2.0,1.0
598060,AT Rayudu,2,5,2.0,0.0,0.0
598060,CL White,43,24,52.0,3.0,3.0
598060,DR Smith,21,18,25.0,4.0,0.0
598060,GH Vihari,41,38,45.0,4.0,0.0
598060,KA Pollard,66,27,84.0,2.0,8.0
598060,KD Karthik,30,24,34.0,4.0,0.0
598060,NLTC Perera,2,5,2.0,0.0,0.0
598060,PA Patel,26,15,31.0,5.0,0.0
598060,RG Sharma,20,15,24.0,0.0,2.0
598060,S Dhawan,59,44,69.0,6.0,2.0
598060,SR Tendulkar,38,33,43.0,3.0,1.0
598061,AJ Finch,48,32,56.0,2.0,3.0
598061,DB Das,8,6,9.0,1.0,0.0
598061,G Gambhir,12,18,13.0,1.0,0.0
598061,JH Kallis,1,7,1.0,0.0,0.0
598061,MK Pandey,66,48,76.0,8.0,1.0
598061,MK Tiwary,0,2,0.0,0.0,0.0
598061,MS Bisla,1,6,1.0,0.0,0.0
598061,R Bhatia,10,9,11.0,1.0,0.0
598061,RN ten Doeschate,42,30,48.0,4.0,1.0
598061,RV Uthappa,25,21,30.0,1.0,2.0
598061,SMSM Senanayake,2,1,2.0,0.0,0.0
598061,YK Pathan,72,44,86.0,8.0,3.0
598061,Yuvraj Singh,30,20,36.0,0.0,3.0
598062,A Nehra,0,1,0.0,0.0,0.0
598062,BJ Rohrer,4,6,4.0,0.0,0.0
598062,DA Warner,44,39,48.0,2.0,1.0
598062,DJ Bravo,12,8,13.0,1.0,0.0
598062,IK Pathan,4,5,4.0,0.0,0.0
598062,J Botha,23,20,28.0,3.0,1.0
598062,KM Jadhav,2,4,2.0,0.0,0.0
598062,M Vijay,31,24,36.0,3.0,1.0
598062,MEK Hussey,26,27,29.0,3.0,0.0
598062,MS Dhoni,58,35,68.0,2.0,4.0
598062,RA Jadeja,24,18,26.0,2.0,0.0
598062,RE van der Merwe,14,16,15.0,1.0,0.0
598062,S Kaul,7,9,7.0,0.0,0.0
598062,SK Raina,7,12,7.0,0.0,0.0
598062,UBT Chand,16,13,20.0,2.0,1.0
598062,UT Yadav,12,9,14.0,0.0,1.0
598062,V Sehwag,0,2,0.0,0.0,0.0
598063,AM Rahane,4,8,4.0,0.0,0.0
598063,AP Tare,59,37,69.0,8.0,1.0
598063,AT Rayudu,7,7,7.0,0.0,0.0
598063,BJ Hodge,39,28,46.0,7.0,0.0
598063,DH Yagnik,10,14,11.0,1.0,0.0
598063,GJ Maxwell,23,17,29.0,0.0,3.0
598063,Harbhajan Singh,15,7,18.0,1.0,1.0
598063,JP Faulkner,12,13,14.0,2.0,0.0
598063,KA Pollard,17,16,20.0,1.0,1.0
598063,KD Karthik,21,23,24.0,3.0,0.0
598063,KK Cooper,7,4,9.0,0.0,1.0
598063,MG Johnson,2,7,2.0,0.0,0.0
598063,R Dravid,4,6,5.0,1.0,0.0
598063,RG Sharma,14,9,16.0,2.0,0.0
598063,SL Malinga,1,1,1.0,0.0,0.0
598063,SR Watson,19,17,23.0,0.0,2.0
598063,STR Binny,37,30,42.0,3.0,1.0
598063,SV Samson,4,4,5.0,1.0,0.0
598064,AB de Villiers,38,20,46.0,4.0,2.0
598064,CA Pujara,51,48,59.0,8.0,0.0
598064,CH Gayle,61,34,73.0,6.0,3.0
598064,DA Miller,101,39,123.0,8.0,7.0
598064,DJ Hussey,13,14,14.0,1.0,0.0
598064,Gurkeerat Singh,20,21,23.0,3.0,0.0
598064,MC Henriques,16,7,20.0,2.0,1.0
598064,Mandeep Singh,16,12,19.0,3.0,0.0
598064,R Sathish,27,20,31.0,2.0,1.0
598064,SE Marsh,6,7,7.0,1.0,0.0
598064,V Kohli,14,16,15.0,1.0,0.0
598065,AM Rahane,12,25,14.0,0.0,1.0
598065,BB Samantray,55,48,63.0,6.0,1.0
598065,BJ Hodge,8,7,9.0,1.0,0.0
598065,CL White,0,1,0.0,0.0,0.0
598065,DJG Sammy,23,19,26.0,1.0,1.0
598065,DW Steyn,0,1,0.0,0.0,0.0
598065,GH Vihari,19,29,19.0,0.0,0.0
598065,JP Faulkner,6,3,8.0,0.0,1.0
598065,KK Cooper,26,12,31.0,3.0,1.0
598065,KV Sharma,4,3,4.0,0.0,0.0
598065,NLTC Perera,17,14,17.0,0.0,0.0
598065,PA Patel,2,6,2.0,0.0,0.0
598065,PV Tambe,3,6,3.0,0.0,0.0
598065,R Dravid,25,24,29.0,2.0,1.0
598065,S Dhawan,1,3,1.0,0.0,0.0
598065,SK Trivedi,0,1,0.0,0.0,0.0
598065,SR Watson,11,21,11.0,0.0,0.0
598065,STR Binny,8,8,9.0,1.0,0.0
598065,SV Samson,5,7,5.0,0.0,0.0
598065,Sachin Baby,3,7,3.0,0.0,0.0
598066,AC Gilchrist,5,7,6.0,1.0,0.0
598066,AP Tare,22,12,28.0,2.0,2.0
598066,AT Rayudu,26,23,29.0,3.0,0.0
598066,Azhar Mahmood,80,46,96.0,8.0,4.0
598066,DA Miller,6,5,7.0,1.0,0.0
598066,GJ Maxwell,0,3,0.0,0.0,0.0
598066,Gurkeerat Singh,0,1,0.0,0.0,0.0
598066,Harbhajan Singh,5,8,5.0,0.0,0.0
598066,KA Pollard,22,22,25.0,1.0,1.0
598066,KD Karthik,0,3,0.0,0.0,0.0
598066,M Vohra,20,8,25.0,3.0,1.0
598066,Mandeep Singh,1,5,1.0,0.0,0.0
598066,NM Coulter-Nile,9,6,11.0,0.0,1.0
598066,P Kumar,0,1,0.0,0.0,0.0
598066,PP Chawla,1,2,1.0,0.0,0.0
598066,R Dhawan,14,15,16.0,2.0,0.0
598066,RG Sharma,25,25,29.0,2.0,1.0
598066,SE Marsh,63,49,74.0,11.0,0.0
598066,SL Malinga,1,1,1.0,0.0,0.0
598067,AD Mathews,30,22,34.0,0.0,2.0
598067,AJ Finch,52,34,63.0,3.0,4.0
598067,B Chipli,16,19,19.0,1.0,1.0
598067,BJ Rohrer,7,9,8.0,1.0,0.0
598067,CM Gautam,30,26,34.0,2.0,1.0
598067,DA Warner,2,6,2.0,0.0,0.0
598067,DPMD Jayawardene,14,14,17.0,3.0,0.0
598067,IK Pathan,24,28,26.0,2.0,0.0
598067,LJ Wright,44,24,53.0,7.0,1.0
598067,M Morkel,0,1,0.0,0.0,0.0
598067,MK Pandey,10,14,12.0,0.0,1.0
598067,RV Gomez,4,1,5.0,1.0,0.0
598067,RV Uthappa,24,21,27.0,3.0,0.0
598067,S Nadeem,6,5,7.0,1.0,0.0
598067,UT Yadav,8,9,8.0,0.0,0.0
598067,V Sehwag,11,10,13.0,2.0,0.0
598067,Yuvraj Singh,3,7,3.0,0.0,0.0
598068,AB de Villiers,5,3,6.0,1.0,0.0
598068,CH Gayle,28,14,36.0,0.0,4.0
598068,DJ Bravo,11,10,13.0,0.0,1.0
598068,M Vijay,32,19,38.0,2.0,2.0
598068,MC Henriques,12,4,15.0,3.0,0.0
598068,MEK Hussey,6,5,7.0,1.0,0.0
598068,MS Dhoni,24,11,30.0,2.0,2.0
598068,RA Jadeja,7,4,8.0,1.0,0.0
598068,SK Raina,0,1,0.0,0.0,0.0
598068,V Kohli,56,29,70.0,6.0,4.0
598069,BB Samantray,5,2,6.0,1.0,0.0
598069,CL White,2,4,2.0,0.0,0.0
598069,DJG Sammy,17,12,21.0,0.0,2.0
598069,EJG Morgan,9,9,10.0,1.0,0.0
598069,G Gambhir,10,19,10.0,0.0,0.0
598069,GH Vihari,6,16,6.0,0.0,0.0
598069,Iqbal Abdulla,2,3,2.0,0.0,0.0
598069,JH Kallis,24,29,26.0,2.0,0.0
598069,MS Bisla,15,19,18.0,3.0,0.0
598069,NLTC Perera,4,10,4.0,0.0,0.0
598069,P Dogra,5,8,5.0,0.0,0.0
598069,PA Patel,47,38,54.0,7.0,0.0
598069,RN ten Doeschate,1,5,1.0,0.0,0.0
598069,S Dhawan,42,35,49.0,3.0,2.0
598069,SP Narine,1,2,1.0,0.0,0.0
598069,YK Pathan,49,29,58.0,3.0,3.0
598070,AP Tare,7,7,8.0,1.0,0.0
598070,AT Rayudu,15,14,16.0,1.0,0.0
598070,DR Smith,68,29,84.0,6.0,5.0
598070,Harbhajan Singh,0,4,0.0,0.0,0.0
598070,KA Pollard,24,16,29.0,1.0,2.0
598070,KD Karthik,11,18,12.0,1.0,0.0
598070,M Vijay,23,20,25.0,2.0,0.0
598070,MEK Hussey,86,58,100.0,10.0,2.0
598070,MG Johnson,6,7,6.0,0.0,0.0
598070,PP Ojha,0,2,0.0,0.0,0.0
598070,RG Sharma,8,15,8.0,0.0,0.0
598070,SK Raina,82,42,97.0,5.0,5.0
598070,SL Malinga,0,2,0.0,0.0,0.0
598071,AM Rahane,18,20,20.0,0.0,1.0
598071,BB Samantray,14,12,16.0,2.0,0.0
598071,BJ Hodge,54,31,66.0,2.0,5.0
598071,CL White,31,28,36.0,5.0,0.0
598071,DH Yagnik,0,4,0.0,0.0,0.0
598071,DJG Sammy,29,22,35.0,0.0,3.0
598071,DW Steyn,4,2,4.0,0.0,0.0
598071,GH Vihari,1,8,1.0,0.0,0.0
598071,JP Faulkner,11,11,13.0,2.0,0.0
598071,KV Sharma,2,2,2.0,0.0,0.0
598071,NLTC Perera,11,8,14.0,1.0,1.0
598071,PA Patel,1,3,1.0,0.0,0.0
598071,R Dravid,12,10,15.0,3.0,0.0
598071,S Dhawan,33,39,36.0,3.0,0.0
598071,SR Watson,24,15,29.0,5.0,0.0
598071,STR Binny,2,6,2.0,0.0,0.0
598071,SV Samson,10,21,10.0,0.0,0.0
598072,AM Rahane,21,19,24.0,3.0,0.0
598072,AP Tare,35,27,42.0,3.0,2.0
598072,AT Rayudu,17,12,20.0,1.0,1.0
598072,BJ Hodge,19,21,21.0,2.0,0.0
598072,DH Yagnik,31,18,36.0,5.0,0.0
598072,DR Smith,62,47,72.0,6.0,2.0
598072,Harbhajan Singh,6,4,7.0,1.0,0.0
598072,KA Pollard,11,6,13.0,0.0,1.0
598072,KD Karthik,22,17,25.0,3.0,0.0
598072,KK Cooper,4,2,5.0,1.0,0.0
598072,R Dhawan,4,2,5.0,1.0,0.0
598072,R Dravid,43,37,50.0,7.0,0.0
598072,RG Sharma,2,8,2.0,0.0,0.0
598072,SR Watson,6,8,7.0,1.0,0.0
598072,STR Binny,27,18,32.0,3.0,1.0
598072,SV Samson,0,2,0.0,0.0,0.0
598073,AP Tare,0,1,0.0,0.0,0.0
598073,AT Rayudu,37,37,41.0,4.0,0.0
598073,CH Morris,0,1,0.0,0.0,0.0
598073,DJ Bravo,15,18,18.0,3.0,0.0
598073,DR Smith,4,4,5.0,1.0,0.0
598073,Harbhajan Singh,14,9,17.0,3.0,0.0
598073,JA Morkel,10,10,12.0,0.0,1.0
598073,KA Pollard,60,32,73.0,7.0,3.0
598073,KD Karthik,21,27,24.0,3.0,0.0
598073,M Vijay,18,20,20.0,2.0,0.0
598073,MEK Hussey,1,2,1.0,0.0,0.0
598073,MG Johnson,1,2,1.0,0.0,0.0
598073,MM Sharma,0,2,0.0,0.0,0.0
598073,MS Dhoni,63,49,76.0,3.0,5.0
598073,PP Ojha,1,1,1.0,0.0,0.0
598073,R Ashwin,9,19,9.0,0.0,0.0
598073,R Dhawan,3,3,3.0,0.0,0.0
598073,RA Jadeja,0,2,0.0,0.0,0.0
598073,RG Sharma,2,5,2.0,0.0,0.0
598073,S Badrinath,0,3,0.0,0.0,0.0
598073,SK Raina,0,1,0.0,0.0,0.0
598073,SL Malinga,0,2,0.0,0.0,0.0
729279,AP Tare,24,22,28.0,2.0,1.0
729279,AT Rayudu,48,40,52.0,4.0,0.0
729279,CJ Anderson,2,8,2.0,0.0,0.0
729279,CM Gautam,7,7,8.0,1.0,0.0
729279,G Gambhir,0,9,0.0,0.0,0.0
729279,Harbhajan Singh,0,2,0.0,0.0,0.0
729279,JH Kallis,72,46,83.0,5.0,3.0
729279,KA Pollard,6,9,6.0,0.0,0.0
729279,MEK Hussey,3,13,3.0,0.0,0.0
729279,MK Pandey,64,55,74.0,6.0,2.0
729279,RG Sharma,27,20,29.0,0.0,1.0
729279,RV Uthappa,1,2,1.0,0.0,0.0
729279,SA Yadav,13,5,16.0,3.0,0.0
729279,Shakib Al Hasan,1,3,1.0,0.0,0.0
729279,YK Pathan,4,4,4.0,0.0,0.0
729281,JP Duminy,67,50,77.0,4.0,3.0
729281,KD Karthik,0,1,0.0,0.0,0.0
729281,LRPL Taylor,43,40,47.0,4.0,0.0
729281,M Vijay,18,21,21.0,1.0,1.0
729281,MA Agarwal,6,11,6.0,0.0,0.0
729281,MK Tiwary,1,3,1.0,0.0,0.0
729281,NJ Maddinson,4,6,5.0,1.0,0.0
729281,PA Patel,37,30,44.0,5.0,1.0
729281,V Kohli,49,38,57.0,2.0,3.0
729281,Yuvraj Singh,52,30,65.0,3.0,5.0
729283,AR Patel,2,3,2.0,0.0,0.0
729283,BB McCullum,67,49,81.0,4.0,5.0
729283,CA Pujara,13,10,15.0,2.0,0.0
729283,DA Miller,54,37,63.0,3.0,3.0
729283,DJ Bravo,8,3,10.0,0.0,1.0
729283,DR Smith,66,46,78.0,6.0,3.0
729283,GJ Bailey,17,10,19.0,2.0,0.0
729283,GJ Maxwell,95,48,114.0,15.0,2.0
729283,MS Dhoni,26,11,31.0,3.0,1.0
729283,SK Raina,24,19,26.0,2.0,0.0
729283,V Sehwag,19,10,23.0,4.0,0.0
729285,AJ Finch,2,5,2.0,0.0,0.0
729285,AM Nayar,4,3,5.0,1.0,0.0
729285,AM Rahane,59,55,65.0,6.0,0.0
729285,BJ Hodge,1,8,1.0,0.0,0.0
729285,DA Warner,32,35,33.0,1.0,0.0
729285,DJG Sammy,6,12,6.0,0.0,0.0
729285,JP Faulkner,8,2,10.0,2.0,0.0
729285,KL Rahul,20,19,23.0,1.0,1.0
729285,KV Sharma,4,5,4.0,0.0,0.0
729285,R Bhatia,4,3,5.0,1.0,0.0
729285,S Dhawan,38,37,43.0,3.0,1.0
729285,SR Watson,3,7,3.0,0.0,0.0
729285,STR Binny,48,32,54.0,4.0,1.0
729285,SV Samson,3,9,3.0,0.0,0.0
729285,Y Venugopal Rao,16,12,17.0,1.0,0.0
729287,AB de Villiers,45,48,50.0,3.0,1.0
729287,AP Tare,17,20,19.0,2.0,0.0
729287,AT Rayudu,35,37,36.0,1.0,0.0
729287,CJ Anderson,18,20,20.0,2.0,0.0
729287,Harbhajan Singh,8,8,9.0,1.0,0.0
729287,JJ Bumrah,1,1,1.0,0.0,0.0
729287,KA Pollard,3,7,3.0,0.0,0.0
729287,MEK Hussey,16,15,18.0,2.0,0.0
729287,NJ Maddinson,12,8,14.0,2.0,0.0
729287,PA Patel,57,46,64.0,7.0,0.0
729287,PP Ojha,1,5,1.0,0.0,0.0
729287,RG Sharma,2,5,2.0,0.0,0.0
729287,SL Malinga,2,4,2.0,0.0,0.0
729287,V Kohli,0,2,0.0,0.0,0.0
729287,Yuvraj Singh,0,2,0.0,0.0,0.0
729287,Z Khan,0,2,0.0,0.0,0.0
729289,G Gambhir,0,5,0.0,0.0,0.0
729289,JDS Neesham,8,11,10.0,0.0,1.0
729289,JH Kallis,0,2,0.0,0.0,0.0
729289,JP Duminy,52,37,61.0,3.0,3.0
729289,KD Karthik,56,40,65.0,5.0,2.0
729289,LRPL Taylor,6,9,7.0,1.0,0.0
729289,M Vijay,0,2,0.0,0.0,0.0
729289,MA Agarwal,26,15,29.0,3.0,0.0
729289,MK Pandey,48,47,53.0,5.0,0.0
729289,MK Tiwary,8,6,9.0,1.0,0.0
729289,RV Uthappa,55,41,63.0,6.0,1.0
729289,SA Yadav,8,3,10.0,2.0,0.0
729289,Shakib Al Hasan,30,22,34.0,2.0,1.0
729289,YK Pathan,11,9,12.0,1.0,0.0
729291,AM Nayar,23,21,27.0,2.0,1.0
729291,AM Rahane,13,8,15.0,2.0,0.0
729291,CA Pujara,40,38,43.0,3.0,0.0
729291,DA Miller,51,20,63.0,0.0,6.0
729291,GJ Maxwell,89,47,109.0,8.0,6.0
729291,JP Faulkner,8,7,10.0,0.0,1.0
729291,SPD Smith,27,15,32.0,5.0,0.0
729291,SR Watson,50,30,61.0,5.0,3.0
729291,STR Binny,12,8,14.0,0.0,1.0
729291,SV Samson,52,34,63.0,3.0,4.0
729291,V Sehwag,2,8,2.0,0.0,0.0
729291,WP Saha,2,3,2.0,0.0,0.0
729293,BB McCullum,9,10,10.0,1.0,0.0
729293,DR Smith,29,29,32.0,3.0,0.0
729293,F du Plessis,24,17,27.0,1.0,1.0
729293,JD Unadkat,1,5,1.0,0.0,0.0
729293,JDS Neesham,22,15,24.0,2.0,0.0
729293,JP Duminy,15,14,15.0,0.0,0.0
729293,KD Karthik,21,22,23.0,2.0,0.0
729293,LRPL Taylor,6,7,7.0,1.0,0.0
729293,M Manhas,13,6,15.0,2.0,0.0
729293,M Vijay,11,12,13.0,2.0,0.0
729293,MA Agarwal,2,7,2.0,0.0,0.0
729293,MK Tiwary,0,2,0.0,0.0,0.0
729293,MS Dhoni,32,15,38.0,2.0,2.0
729293,Mohammed Shami,1,4,1.0,0.0,0.0
729293,R Ashwin,1,1,1.0,0.0,0.0
729293,RA Jadeja,7,3,9.0,0.0,1.0
729293,S Nadeem,3,8,3.0,0.0,0.0
729293,SK Raina,56,42,63.0,5.0,1.0
729295,A Mishra,4,5,4.0,0.0,0.0
729295,AJ Finch,19,15,23.0,2.0,1.0
729295,B Kumar,1,3,1.0,0.0,0.0
729295,CA Pujara,35,33,41.0,6.0,0.0
729295,DA Miller,10,10,12.0,0.0,1.0
729295,DA Warner,8,12,9.0,1.0,0.0
729295,DJG Sammy,15,11,17.0,0.0,1.0
729295,DW Steyn,12,16,12.0,0.0,0.0
729295,GJ Bailey,10,8,11.0,1.0,0.0
729295,GJ Maxwell,95,44,118.0,5.0,9.0
729295,IK Pathan,5,10,5.0,0.0,0.0
729295,KL Rahul,27,28,30.0,1.0,1.0
729295,KV Sharma,10,8,12.0,0.0,1.0
729295,MG Johnson,4,7,4.0,0.0,0.0
729295,S Dhawan,1,4,1.0,0.0,0.0
729295,V Sehwag,30,22,38.0,2.0,3.0
729295,Y Venugopal Rao,11,9,13.0,2.0,0.0
729297,AM Nayar,5,8,6.0,1.0,0.0
729297,AM Rahane,15,12,17.0,2.0,0.0
729297,BB McCullum,6,11,6.0,0.0,0.0
729297,DR Smith,50,28,62.0,6.0,3.0
729297,DS Kulkarni,28,19,32.0,0.0,2.0
729297,F du Plessis,7,9,7.0,0.0,0.0
729297,JP Faulkner,4,2,5.0,1.0,0.0
729297,M Manhas,10,11,11.0,1.0,0.0
729297,MS Dhoni,5,8,5.0,0.0,0.0
729297,PV Tambe,2,2,2.0,0.0,0.0
729297,R Ashwin,9,16,10.0,1.0,0.0
729297,R Bhatia,23,21,26.0,1.0,1.0
729297,RA Jadeja,36,35,38.0,2.0,0.0
729297,SK Raina,4,9,4.0,0.0,0.0
729297,SPD Smith,19,20,20.0,1.0,0.0
729297,SR Watson,7,6,9.0,0.0,1.0
729297,STR Binny,8,11,8.0,0.0,0.0
729297,SV Samson,16,16,20.0,0.0,2.0
729297,TG Southee,4,4,5.0,1.0,0.0
729299,AB de Villiers,11,12,12.0,1.0,0.0
729299,CA Lynn,45,32,54.0,3.0,3.0
729299,G Gambhir,0,1,0.0,0.0,0.0
729299,JA Morkel,6,5,6.0,0.0,0.0
729299,JH Kallis,43,43,47.0,2.0,1.0
729299,MK Pandey,5,3,6.0,1.0,0.0
729299,PA Patel,21,19,24.0,3.0,0.0
729299,R Vinay Kumar,4,6,4.0,0.0,0.0
729299,RV Uthappa,22,18,24.0,0.0,1.0
729299,SA Yadav,24,19,27.0,1.0,1.0
729299,V Kohli,31,23,35.0,4.0,0.0
729299,YK Pathan,0,2,0.0,0.0,0.0
729299,YV Takawale,40,29,48.0,8.0,0.0
729299,Yuvraj Singh,31,35,35.0,2.0,1.0
729301,AJ Finch,88,54,104.0,8.0,4.0
729301,DA Warner,58,45,67.0,3.0,3.0
729301,JP Duminy,20,7,25.0,1.0,2.0
729301,KD Karthik,15,14,16.0,1.0,0.0
729301,KP Pietersen,16,17,19.0,1.0,1.0
729301,M Vijay,52,41,61.0,7.0,1.0
729301,MK Tiwary,23,13,27.0,2.0,1.0
729301,Q de Kock,48,31,56.0,6.0,1.0
729301,S Dhawan,33,23,40.0,5.0,1.0
729303,AP Tare,23,19,27.0,4.0,0.0
729303,AT Rayudu,1,2,1.0,0.0,0.0
729303,BB McCullum,71,54,83.0,8.0,2.0
729303,CJ Anderson,39,31,44.0,3.0,1.0
729303,CM Gautam,7,4,8.0,1.0,0.0
729303,DR Smith,29,22,37.0,0.0,4.0
729303,F du Plessis,20,26,20.0,0.0,0.0
729303,Harbhajan Singh,0,2,0.0,0.0,0.0
729303,KA Pollard,12,11,13.0,1.0,0.0
729303,MEK Hussey,1,7,1.0,0.0,0.0
729303,MS Dhoni,14,11,17.0,1.0,1.0
729303,RG Sharma,50,41,57.0,3.0,2.0
729303,SK Raina,1,4,1.0,0.0,0.0
729303,Z Khan,7,3,9.0,0.0,1.0
729305,AB Dinda,0,3,0.0,0.0,0.0
729305,AB de Villiers,0,1,0.0,0.0,0.0
729305,AM Nayar,11,18,12.0,1.0,0.0
729305,AM Rahane,23,20,27.0,4.0,0.0
729305,JA Morkel,7,13,8.0,1.0,0.0
729305,KK Nair,8,12,8.0,0.0,0.0
729305,MA Starc,18,16,20.0,2.0,0.0
729305,PA Patel,1,1,1.0,0.0,0.0
729305,R Rampaul,13,13,15.0,0.0,1.0
729305,S Rana,3,9,3.0,0.0,0.0
729305,SR Watson,24,24,29.0,1.0,2.0
729305,SV Samson,2,6,2.0,0.0,0.0
729305,V Kohli,21,25,24.0,3.0,0.0
729305,YV Takawale,0,3,0.0,0.0,0.0
729305,Yuvraj Singh,3,7,3.0,0.0,0.0
729307,AR Patel,7,10,7.0,0.0,0.0
729307,CA Lynn,13,20,15.0,2.0,0.0
729307,CA Pujara,8,8,9.0,1.0,0.0
729307,DA Miller,14,10,16.0,2.0,0.0
729307,G Gambhir,1,5,1.0,0.0,0.0
729307,GJ Bailey,11,15,12.0,1.0,0.0
729307,GJ Maxwell,15,13,17.0,2.0,0.0
729307,JH Kallis,9,11,11.0,2.0,0.0
729307,L Balaji,0,2,0.0,0.0,0.0
729307,M Morkel,4,4,4.0,0.0,0.0
729307,MG Johnson,0,1,0.0,0.0,0.0
729307,MK Pandey,8,11,9.0,1.0,0.0
729307,PP Chawla,0,2,0.0,0.0,0.0
729307,R Dhawan,19,18,21.0,2.0,0.0
729307,RV Uthappa,19,27,21.0,2.0,0.0
729307,SA Yadav,34,18,39.0,3.0,1.0
729307,SP Narine,6,8,6.0,0.0,0.0
729307,Sandeep Sharma,2,5,2.0,0.0,0.0
729307,UT Yadav,2,4,2.0,0.0,0.0
729307,V Sehwag,37,30,42.0,3.0,1.0
729307,WP Saha,14,10,17.0,1.0,1.0
729307,YK Pathan,3,5,3.0,0.0,0.0
729309,AP Tare,8,12,9.0,1.0,0.0
729309,AT Rayudu,14,21,15.0,1.0,0.0
729309,CJ Anderson,13,14,15.0,2.0,0.0
729309,CM Gautam,22,18,25.0,3.0,0.0
729309,Harbhajan Singh,10,5,13.0,1.0,1.0
729309,JP Duminy,19,24,19.0,0.0,0.0
729309,KA Pollard,33,30,39.0,2.0,2.0
729309,KD Karthik,2,3,2.0,0.0,0.0
729309,KM Jadhav,14,10,16.0,2.0,0.0
729309,KP Pietersen,26,18,30.0,2.0,1.0
729309,M Vijay,40,35,46.0,4.0,1.0
729309,MEK Hussey,10,19,10.0,0.0,0.0
729309,Q de Kock,16,24,18.0,2.0,0.0
729309,RG Sharma,4,5,4.0,0.0,0.0
729311,AJ Finch,44,46,49.0,5.0,0.0
729311,BB McCullum,40,33,47.0,3.0,2.0
729311,DA Warner,0,2,0.0,0.0,0.0
729311,DJG Sammy,23,16,27.0,2.0,1.0
729311,DR Smith,66,46,80.0,4.0,5.0
729311,F du Plessis,0,1,0.0,0.0,0.0
729311,KL Rahul,25,27,28.0,1.0,1.0
729311,KV Sharma,17,7,21.0,0.0,2.0
729311,M Manhas,3,4,3.0,0.0,0.0
729311,MS Dhoni,13,14,14.0,1.0,0.0
729311,RA Jadeja,6,9,6.0,0.0,0.0
729311,S Dhawan,7,9,8.0,1.0,0.0
729311,SK Raina,14,10,17.0,1.0,1.0
729311,Y Venugopal Rao,13,16,13.0,0.0,0.0
729313,AB Dinda,2,5,2.0,0.0,0.0
729313,AB de Villiers,17,15,19.0,2.0,0.0
729313,CA Pujara,10,20,11.0,1.0,0.0
729313,CH Gayle,20,7,26.0,2.0,2.0
729313,DA Miller,26,22,30.0,4.0,0.0
729313,GJ Bailey,16,16,17.0,1.0,0.0
729313,GJ Maxwell,6,6,6.0,0.0,0.0
729313,JA Morkel,15,14,17.0,0.0,1.0
729313,MA Starc,8,17,8.0,0.0,0.0
729313,PA Patel,2,7,2.0,0.0,0.0
729313,R Dhawan,23,22,26.0,3.0,0.0
729313,V Kohli,4,2,5.0,1.0,0.0
729313,V Sehwag,32,27,36.0,4.0,0.0
729313,VR Aaron,11,15,11.0,0.0,0.0
729313,WP Saha,2,6,2.0,0.0,0.0
729313,YV Takawale,0,7,0.0,0.0,0.0
729313,Yuvraj Singh,35,32,40.0,3.0,1.0
729315,AM Rahane,72,60,80.0,6.0,1.0
729315,G Gambhir,45,45,49.0,4.0,0.0
729315,JH Kallis,13,17,14.0,1.0,0.0
729315,JP Faulkner,2,1,2.0,0.0,0.0
729315,KK Nair,1,6,1.0,0.0,0.0
729315,MK Pandey,27,15,32.0,1.0,2.0
729315,MS Bisla,3,9,3.0,0.0,0.0
729315,PP Chawla,0,1,0.0,0.0,0.0
729315,R Vinay Kumar,0,1,0.0,0.0,0.0
729315,RV Uthappa,0,1,0.0,0.0,0.0
729315,SA Yadav,31,21,36.0,3.0,1.0
729315,SP Narine,1,2,1.0,0.0,0.0
729315,SPD Smith,24,14,26.0,2.0,0.0
729315,SR Watson,39,27,45.0,6.0,0.0
729315,STR Binny,0,1,0.0,0.0,0.0
729315,SV Samson,20,20,24.0,4.0,0.0
729315,Shakib Al Hasan,31,21,34.0,3.0,0.0
729317,AJ Finch,16,15,19.0,3.0,0.0
729317,AP Tare,7,5,8.0,1.0,0.0
729317,AT Rayudu,35,28,40.0,5.0,0.0
729317,BR Dunk,20,18,24.0,4.0,0.0
729317,CJ Anderson,1,9,1.0,0.0,0.0
729317,CM Gautam,4,5,5.0,1.0,0.0
729317,DA Warner,65,53,74.0,1.0,4.0
729317,DJG Sammy,10,6,13.0,1.0,1.0
729317,Harbhajan Singh,1,4,1.0,0.0,0.0
729317,IK Pathan,1,1,1.0,0.0,0.0
729317,KA Pollard,78,50,93.0,3.0,6.0
729317,KL Rahul,46,40,49.0,3.0,0.0
729317,NV Ojha,10,4,12.0,2.0,0.0
729317,RG Sharma,1,5,1.0,0.0,0.0
729317,S Dhawan,6,6,7.0,1.0,0.0
729317,Z Khan,1,2,1.0,0.0,0.0
733971,AD Russell,1,5,1.0,0.0,0.0
733971,BB McCullum,56,40,65.0,5.0,2.0
733971,DR Smith,16,11,20.0,2.0,1.0
733971,G Gambhir,6,6,7.0,1.0,0.0
733971,JH Kallis,4,6,5.0,1.0,0.0
733971,MK Pandey,1,2,1.0,0.0,0.0
733971,MS Dhoni,22,17,25.0,1.0,1.0
733971,PP Chawla,1,2,1.0,0.0,0.0
733971,RA Jadeja,17,10,20.0,1.0,1.0
733971,RV Uthappa,47,38,54.0,5.0,1.0
733971,SA Yadav,8,13,8.0,0.0,0.0
733971,SK Raina,31,25,37.0,4.0,1.0
733971,SP Narine,1,1,1.0,0.0,0.0
733971,Shakib Al Hasan,0,1,0.0,0.0,0.0
733971,YK Pathan,41,29,50.0,1.0,4.0
733973,AP Tare,16,6,19.0,1.0,1.0
733973,AT Rayudu,8,5,10.0,2.0,0.0
733973,BR Dunk,5,4,6.0,1.0,0.0
733973,CA Pujara,19,20,23.0,4.0,0.0
733973,CJ Anderson,35,25,42.0,3.0,2.0
733973,CM Gautam,33,30,39.0,2.0,2.0
733973,DA Miller,16,12,19.0,1.0,1.0
733973,GJ Bailey,15,14,17.0,2.0,0.0
733973,GJ Maxwell,45,29,54.0,5.0,2.0
733973,KA Pollard,28,13,34.0,2.0,2.0
733973,MG Johnson,0,1,0.0,0.0,0.0
733973,RG Sharma,39,35,47.0,4.0,2.0
733973,V Sehwag,1,2,1.0,0.0,0.0
733973,WP Saha,59,47,69.0,4.0,3.0
733975,AM Rahane,12,10,14.0,2.0,0.0
733975,JP Duminy,39,31,45.0,4.0,1.0
733975,KD Karthik,12,16,12.0,0.0,0.0
733975,KK Nair,73,51,85.0,8.0,2.0
733975,KM Jadhav,28,15,34.0,2.0,2.0
733975,KP Pietersen,14,15,16.0,2.0,0.0
733975,M Vijay,13,11,14.0,1.0,0.0
733975,Q de Kock,42,33,49.0,5.0,1.0
733975,R Bhatia,17,14,19.0,0.0,1.0
733975,SR Watson,16,10,20.0,0.0,2.0
733975,SV Samson,34,29,40.0,2.0,2.0
733977,AB de Villiers,89,43,111.0,6.0,8.0
733977,AJ Finch,13,8,16.0,1.0,1.0
733977,CH Gayle,27,20,34.0,3.0,2.0
733977,DA Warner,61,51,71.0,4.0,3.0
733977,DJG Sammy,8,9,10.0,0.0,1.0
733977,HV Patel,1,2,1.0,0.0,0.0
733977,IK Pathan,4,2,5.0,1.0,0.0
733977,KL Rahul,6,6,7.0,1.0,0.0
733977,KV Sharma,1,1,1.0,0.0,0.0
733977,MA Starc,5,8,5.0,0.0,0.0
733977,NV Ojha,15,12,18.0,1.0,1.0
733977,PA Patel,3,5,3.0,0.0,0.0
733977,RR Rossouw,14,23,15.0,1.0,0.0
733977,S Dhawan,37,38,41.0,4.0,0.0
733977,V Kohli,0,6,0.0,0.0,0.0
733977,Yuvraj Singh,14,16,17.0,1.0,1.0
733979,AD Russell,1,3,1.0,0.0,0.0
733979,AM Rahane,30,22,35.0,3.0,1.0
733979,G Gambhir,54,34,62.0,6.0,1.0
733979,JP Faulkner,1,1,1.0,0.0,0.0
733979,KK Nair,44,36,50.0,4.0,1.0
733979,MK Pandey,0,1,0.0,0.0,0.0
733979,R Bhatia,6,1,8.0,0.0,1.0
733979,RN ten Doeschate,0,1,0.0,0.0,0.0
733979,RV Uthappa,65,52,76.0,5.0,3.0
733979,SA Yadav,9,18,9.0,0.0,0.0
733979,SPD Smith,3,2,3.0,0.0,0.0
733979,SR Watson,31,21,37.0,2.0,2.0
733979,STR Binny,11,9,13.0,0.0,1.0
733979,SV Samson,37,32,40.0,3.0,0.0
733979,Shakib Al Hasan,21,15,24.0,1.0,1.0
733979,YK Pathan,0,1,0.0,0.0,0.0
733981,BB McCullum,32,35,37.0,5.0,0.0
733981,DR Smith,79,51,99.0,4.0,8.0
733981,JP Duminy,28,17,33.0,5.0,0.0
733981,KD Karthik,51,36,61.0,4.0,3.0
733981,KM Jadhav,29,20,35.0,2.0,2.0
733981,KP Pietersen,0,1,0.0,0.0,0.0
733981,LR Shukla,0,2,0.0,0.0,0.0
733981,M Vijay,35,31,39.0,2.0,1.0
733981,MS Dhoni,12,5,15.0,1.0,1.0
733981,Q de Kock,24,17,31.0,3.0,2.0
733981,SK Raina,47,29,55.0,6.0,1.0
733983,AB Dinda,2,5,2.0,0.0,0.0
733983,AB de Villiers,9,7,11.0,2.0,0.0
733983,AT Rayudu,9,10,10.0,1.0,0.0
733983,BR Dunk,15,14,17.0,2.0,0.0
733983,CH Gayle,38,25,47.0,3.0,3.0
733983,CJ Anderson,6,4,8.0,0.0,1.0
733983,CM Gautam,30,31,38.0,2.0,3.0
733983,HV Patel,6,2,8.0,0.0,1.0
733983,KA Pollard,43,32,49.0,6.0,0.0
733983,MA Starc,5,4,6.0,1.0,0.0
733983,PA Patel,26,21,31.0,5.0,0.0
733983,RG Sharma,59,37,70.0,3.0,4.0
733983,RR Rossouw,24,14,29.0,1.0,2.0
733983,V Kohli,35,28,41.0,2.0,2.0
733983,VR Aaron,7,8,8.0,1.0,0.0
733983,Yuvraj Singh,6,10,6.0,0.0,0.0
733985,G Gambhir,69,56,78.0,5.0,2.0
733985,JH Kallis,10,6,12.0,2.0,0.0
733985,JP Duminy,40,29,46.0,0.0,3.0
733985,KD Karthik,36,23,42.0,4.0,1.0
733985,KM Jadhav,26,15,31.0,3.0,1.0
733985,KP Pietersen,6,12,7.0,1.0,0.0
733985,LR Shukla,10,14,11.0,1.0,0.0
733985,M Vijay,24,20,28.0,2.0,1.0
733985,MK Pandey,23,14,25.0,2.0,0.0
733985,Q de Kock,10,9,12.0,2.0,0.0
733985,RV Uthappa,47,35,54.0,5.0,1.0
733987,BB McCullum,33,30,36.0,3.0,0.0
733987,DA Miller,47,33,56.0,5.0,2.0
733987,DR Smith,4,5,5.0,1.0,0.0
733987,F du Plessis,52,25,61.0,7.0,1.0
733987,GJ Bailey,40,13,50.0,6.0,2.0
733987,GJ Maxwell,90,40,112.0,6.0,8.0
733987,M Manhas,8,4,10.0,0.0,1.0
733987,MG Johnson,11,6,13.0,2.0,0.0
733987,MS Dhoni,23,20,25.0,0.0,1.0
733987,Mandeep Singh,3,8,3.0,0.0,0.0
733987,R Ashwin,11,4,13.0,2.0,0.0
733987,RA Jadeja,17,8,20.0,3.0,0.0
733987,SK Raina,35,27,40.0,3.0,1.0
733987,V Sehwag,30,25,37.0,5.0,1.0
733989,A Mishra,0,2,0.0,0.0,0.0
733989,AJ Finch,9,10,10.0,1.0,0.0
733989,AM Rahane,0,3,0.0,0.0,0.0
733989,B Kumar,0,1,0.0,0.0,0.0
733989,DA Warner,6,7,6.0,0.0,0.0
733989,DS Kulkarni,7,8,8.0,1.0,0.0
733989,DW Steyn,9,8,10.0,1.0,0.0
733989,IK Pathan,21,22,23.0,2.0,0.0
733989,JP Faulkner,4,6,4.0,0.0,0.0
733989,KK Nair,12,9,15.0,3.0,0.0
733989,KL Rahul,18,18,20.0,2.0,0.0
733989,KV Sharma,0,1,0.0,0.0,0.0
733989,KW Richardson,1,2,1.0,0.0,0.0
733989,MC Henriques,9,13,10.0,1.0,0.0
733989,NV Ojha,17,20,18.0,1.0,0.0
733989,PV Tambe,3,7,3.0,0.0,0.0
733989,R Bhatia,4,8,4.0,0.0,0.0
733989,S Dhawan,33,20,40.0,7.0,0.0
733989,SPD Smith,22,34,22.0,0.0,0.0
733989,SR Watson,11,11,12.0,1.0,0.0
733989,STR Binny,12,19,12.0,0.0,0.0
733989,SV Samson,16,17,19.0,1.0,1.0
733991,AB de Villiers,53,28,64.0,1.0,5.0
733991,AR Patel,2,3,2.0,0.0,0.0
733991,CH Gayle,4,7,5.0,1.0,0.0
733991,DA Miller,66,30,80.0,8.0,3.0
733991,GJ Bailey,1,7,1.0,0.0,0.0
733991,GJ Maxwell,25,12,31.0,2.0,2.0
733991,HV Patel,6,3,7.0,1.0,0.0
733991,JA Morkel,16,8,20.0,0.0,2.0
733991,L Balaji,1,1,1.0,0.0,0.0
733991,MA Starc,29,23,33.0,4.0,0.0
733991,MG Johnson,16,12,19.0,1.0,1.0
733991,Mandeep Singh,21,17,23.0,2.0,0.0
733991,PA Patel,13,14,16.0,3.0,0.0
733991,S Rana,18,16,22.0,2.0,1.0
733991,Shivam Sharma,4,2,5.0,1.0,0.0
733991,V Kohli,0,1,0.0,0.0,0.0
733991,V Sehwag,30,29,35.0,5.0,0.0
733991,VR Aaron,17,11,20.0,1.0,1.0
733991,WP Saha,17,18,19.0,0.0,1.0
733991,YS Chahal,1,2,1.0,0.0,0.0
733991,Yuvraj Singh,3,11,3.0,0.0,0.0
733993,AJ Finch,4,8,4.0,0.0,0.0
733993,DA Warner,12,11,13.0,1.0,0.0
733993,JP Duminy,4,5,4.0,0.0,0.0
733993,KD Karthik,39,30,44.0,1.0,2.0
733993,KM Jadhav,5,11,5.0,0.0,0.0
733993,KP Pietersen,35,20,43.0,4.0,2.0
733993,LR Shukla,21,22,24.0,1.0,1.0
733993,MA Agarwal,25,18,29.0,4.0,0.0
733993,NV Ojha,13,3,17.0,0.0,2.0
733993,Q de Kock,7,12,7.0,0.0,0.0
733993,R Shukla,2,3,2.0,0.0,0.0
733993,S Dhawan,4,8,5.0,1.0,0.0
733995,AP Tare,9,5,11.0,2.0,0.0
733995,AT Rayudu,59,45,69.0,2.0,4.0
733995,BB McCullum,13,11,16.0,1.0,1.0
733995,CJ Anderson,18,7,22.0,0.0,2.0
733995,CM Gautam,9,8,11.0,2.0,0.0
733995,DR Smith,57,51,68.0,5.0,3.0
733995,F du Plessis,31,24,35.0,2.0,1.0
733995,KA Pollard,0,1,0.0,0.0,0.0
733995,LMP Simmons,38,39,45.0,3.0,2.0
733995,M Manhas,1,1,1.0,0.0,0.0
733995,MS Dhoni,22,15,25.0,1.0,1.0
733995,RA Jadeja,6,7,7.0,1.0,0.0
733995,RG Sharma,19,19,20.0,1.0,0.0
733995,SK Raina,19,13,22.0,3.0,0.0
733997,AR Patel,1,1,1.0,0.0,0.0
733997,DA Miller,13,14,14.0,1.0,0.0
733997,G Gambhir,63,47,70.0,7.0,0.0
733997,GJ Bailey,12,11,12.0,0.0,0.0
733997,GJ Maxwell,14,14,15.0,1.0,0.0
733997,MG Johnson,14,12,17.0,1.0,1.0
733997,MK Pandey,36,35,39.0,3.0,0.0
733997,Mandeep Singh,0,3,0.0,0.0,0.0
733997,R Dhawan,4,6,4.0,0.0,0.0
733997,RV Uthappa,46,29,56.0,8.0,1.0
733997,V Sehwag,72,52,85.0,11.0,1.0
733997,WP Saha,15,9,18.0,3.0,0.0
733999,AB de Villiers,58,32,69.0,1.0,5.0
733999,AM Rahane,24,23,27.0,3.0,0.0
733999,CH Gayle,19,25,22.0,3.0,0.0
733999,JA Morkel,1,1,1.0,0.0,0.0
733999,JP Faulkner,41,19,50.0,3.0,3.0
733999,KK Nair,56,39,64.0,8.0,0.0
733999,PA Patel,2,2,2.0,0.0,0.0
733999,SPD Smith,48,22,60.0,4.0,4.0
733999,SR Watson,1,5,1.0,0.0,0.0
733999,STR Binny,1,2,1.0,0.0,0.0
733999,SV Samson,13,8,16.0,1.0,1.0
733999,V Kohli,4,9,5.0,1.0,0.0
733999,VH Zol,16,14,19.0,3.0,0.0
733999,Yuvraj Singh,83,42,104.0,7.0,7.0
734001,AJ Finch,68,62,79.0,7.0,2.0
734001,AT Rayudu,68,49,79.0,7.0,2.0
734001,CM Gautam,1,3,1.0,0.0,0.0
734001,DA Warner,55,32,65.0,6.0,2.0
734001,KA Pollard,6,7,6.0,0.0,0.0
734001,KL Rahul,10,13,11.0,1.0,0.0
734001,LMP Simmons,68,50,81.0,5.0,4.0
734001,NV Ojha,7,4,9.0,0.0,1.0
734001,RG Sharma,14,6,17.0,3.0,0.0
734001,S Dhawan,11,13,13.0,2.0,0.0
734003,AM Rahane,4,7,4.0,0.0,0.0
734003,Ankit Sharma,30,27,36.0,4.0,1.0
734003,BB McCullum,6,3,8.0,0.0,1.0
734003,DH Yagnik,4,6,4.0,0.0,0.0
734003,DR Smith,44,38,53.0,5.0,2.0
734003,F du Plessis,38,40,40.0,2.0,0.0
734003,JP Faulkner,1,4,1.0,0.0,0.0
734003,KK Nair,8,11,9.0,1.0,0.0
734003,MS Dhoni,26,17,29.0,1.0,1.0
734003,R Ashwin,14,16,15.0,1.0,0.0
734003,R Bhatia,7,4,8.0,1.0,0.0
734003,RA Jadeja,11,6,13.0,0.0,1.0
734003,SK Raina,2,3,2.0,0.0,0.0
734003,SPD Smith,9,8,10.0,1.0,0.0
734003,SR Watson,51,39,62.0,3.0,4.0
734003,STR Binny,22,17,26.0,0.0,2.0
734005,AB de Villiers,33,17,39.0,4.0,1.0
734005,CH Gayle,22,23,27.0,1.0,2.0
734005,JP Duminy,48,30,57.0,3.0,3.0
734005,KD Karthik,1,2,1.0,0.0,0.0
734005,KM Jadhav,37,20,44.0,3.0,2.0
734005,KP Pietersen,33,31,37.0,2.0,1.0
734005,M Vijay,1,3,1.0,0.0,0.0
734005,MA Agarwal,31,25,37.0,2.0,2.0
734005,Mohammed Shami,1,1,1.0,0.0,0.0
734005,PA Patel,29,28,33.0,4.0,0.0
734005,Q de Kock,6,6,7.0,1.0,0.0
734005,R Shukla,2,6,2.0,0.0,0.0
734005,S Rana,15,14,16.0,1.0,0.0
734005,V Kohli,10,11,10.0,0.0,0.0
734005,Yuvraj Singh,68,32,87.0,1.0,9.0
734007,AJ Finch,20,25,22.0,2.0,0.0
734007,DA Miller,24,24,25.0,1.0,0.0
734007,DA Warner,44,24,53.0,3.0,3.0
734007,GJ Bailey,35,19,43.0,2.0,3.0
734007,GJ Maxwell,43,22,55.0,2.0,5.0
734007,IK Pathan,1,2,1.0,0.0,0.0
734007,KV Sharma,1,1,1.0,0.0,0.0
734007,M Vohra,47,20,56.0,5.0,2.0
734007,MC Henriques,0,1,0.0,0.0,0.0
734007,NV Ojha,79,37,97.0,4.0,7.0
734007,S Dhawan,45,39,54.0,5.0,2.0
734007,V Sehwag,4,2,5.0,1.0,0.0
734007,WP Saha,54,26,66.0,8.0,2.0
734009,AP Tare,2,3,2.0,0.0,0.0
734009,AT Rayudu,33,28,38.0,3.0,1.0
734009,CJ Anderson,18,12,21.0,1.0,1.0
734009,CM Gautam,8,10,9.0,1.0,0.0
734009,G Gambhir,14,19,15.0,1.0,0.0
734009,KA Pollard,10,11,10.0,0.0,0.0
734009,LMP Simmons,12,15,14.0,2.0,0.0
734009,MK Pandey,14,22,14.0,0.0,0.0
734009,RG Sharma,51,46,59.0,4.0,2.0
734009,RV Uthappa,80,53,95.0,9.0,3.0
734009,Shakib Al Hasan,9,8,10.0,1.0,0.0
734009,YK Pathan,20,14,23.0,3.0,0.0
734011,AM Rahane,64,51,74.0,8.0,1.0
734011,BCJ Cutting,8,6,10.0,0.0,1.0
734011,Imran Tahir,4,6,5.0,1.0,0.0
734011,JP Duminy,8,8,10.0,0.0,1.0
734011,JP Faulkner,23,8,29.0,0.0,3.0
734011,KD Karthik,3,8,3.0,0.0,0.0
734011,KK Cooper,32,17,40.0,2.0,3.0
734011,KK Nair,19,14,22.0,1.0,1.0
734011,KM Jadhav,3,3,3.0,0.0,0.0
734011,KP Pietersen,13,20,14.0,1.0,0.0
734011,LRPL Taylor,4,6,4.0,0.0,0.0
734011,MA Agarwal,17,10,20.0,3.0,0.0
734011,MK Tiwary,61,47,70.0,5.0,2.0
734011,R Shukla,14,12,16.0,2.0,0.0
734011,S Kaul,2,2,2.0,0.0,0.0
734011,S Nadeem,1,4,1.0,0.0,0.0
734011,STR Binny,0,2,0.0,0.0,0.0
734011,SV Samson,40,27,48.0,2.0,3.0
734013,AB de Villiers,28,15,35.0,1.0,3.0
734013,AN Ahmed,4,1,5.0,1.0,0.0
734013,BB McCullum,19,13,24.0,1.0,2.0
734013,CH Gayle,46,52,55.0,3.0,3.0
734013,DJ Hussey,25,31,28.0,1.0,1.0
734013,DR Smith,9,15,10.0,1.0,0.0
734013,MS Dhoni,7,6,8.0,1.0,0.0
734013,PA Patel,10,14,12.0,2.0,0.0
734013,RA Jadeja,10,9,10.0,0.0,0.0
734013,S Rana,1,2,1.0,0.0,0.0
734013,SK Raina,62,49,70.0,6.0,1.0
734013,V Kohli,27,29,30.0,1.0,1.0
734013,Yuvraj Singh,13,9,15.0,0.0,1.0
734015,AJ Finch,8,8,9.0,1.0,0.0
734015,DA Warner,34,18,41.0,3.0,2.0
734015,DJG Sammy,7,16,7.0,0.0,0.0
734015,DW Steyn,1,2,1.0,0.0,0.0
734015,G Gambhir,6,10,7.0,1.0,0.0
734015,IK Pathan,23,21,25.0,2.0,0.0
734015,KL Rahul,14,15,16.0,2.0,0.0
734015,KV Sharma,4,5,4.0,0.0,0.0
734015,MK Pandey,35,32,40.0,3.0,1.0
734015,NV Ojha,22,26,27.0,1.0,2.0
734015,RN ten Doeschate,25,15,29.0,2.0,1.0
734015,RV Uthappa,40,33,47.0,5.0,1.0
734015,S Dhawan,19,15,23.0,4.0,0.0
734015,YK Pathan,39,28,45.0,2.0,2.0
734017,Ankit Sharma,4,4,4.0,0.0,0.0
734017,BJ Hodge,40,31,46.0,0.0,3.0
734017,JP Faulkner,31,22,36.0,1.0,2.0
734017,KA Pollard,14,12,16.0,0.0,1.0
734017,KK Cooper,5,9,5.0,0.0,0.0
734017,KK Nair,48,26,58.0,4.0,3.0
734017,LMP Simmons,62,51,72.0,6.0,2.0
734017,MEK Hussey,56,41,63.0,3.0,2.0
734017,R Bhatia,6,4,7.0,1.0,0.0
734017,RG Sharma,40,19,51.0,3.0,4.0
734017,SR Watson,5,6,6.0,1.0,0.0
734017,STR Binny,2,10,2.0,0.0,0.0
734017,SV Samson,2,5,2.0,0.0,0.0
734017,UBT Chand,2,10,2.0,0.0,0.0
734019,AR Patel,42,36,49.0,5.0,1.0
734019,DA Miller,2,6,2.0,0.0,0.0
734019,GJ Bailey,6,7,6.0,0.0,0.0
734019,GJ Maxwell,14,13,16.0,0.0,1.0
734019,JP Duminy,17,21,18.0,1.0,0.0
734019,KD Karthik,69,46,82.0,7.0,3.0
734019,KM Jadhav,0,1,0.0,0.0,0.0
734019,KP Pietersen,49,33,57.0,6.0,1.0
734019,M Vijay,5,9,6.0,1.0,0.0
734019,M Vohra,42,24,52.0,4.0,3.0
734019,MA Agarwal,6,2,8.0,0.0,1.0
734019,MK Tiwary,10,8,11.0,1.0,0.0
734019,Mohammed Shami,1,2,1.0,0.0,0.0
734019,R Dhawan,8,5,9.0,1.0,0.0
734019,V Sehwag,23,23,27.0,2.0,1.0
734019,WD Parnell,2,2,2.0,0.0,0.0
734019,WP Saha,13,15,14.0,1.0,0.0
734021,AB de Villiers,29,18,33.0,2.0,1.0
734021,AJ Finch,11,9,12.0,1.0,0.0
734021,CH Gayle,14,20,15.0,1.0,0.0
734021,DA Warner,59,47,70.0,3.0,4.0
734021,DJG Sammy,10,4,12.0,0.0,1.0
734021,MA Starc,6,6,7.0,1.0,0.0
734021,NV Ojha,24,22,28.0,0.0,2.0
734021,PA Patel,4,4,5.0,1.0,0.0
734021,S Dhawan,50,39,59.0,7.0,1.0
734021,S Rana,12,7,14.0,2.0,0.0
734021,V Kohli,67,43,79.0,4.0,4.0
734021,Yuvraj Singh,21,25,25.0,2.0,1.0
734023,BB McCullum,28,25,33.0,1.0,2.0
734023,DR Smith,5,6,6.0,1.0,0.0
734023,F du Plessis,23,20,25.0,2.0,0.0
734023,G Gambhir,21,20,24.0,3.0,0.0
734023,MK Pandey,18,28,18.0,0.0,0.0
734023,MS Dhoni,21,15,24.0,1.0,1.0
734023,RA Jadeja,9,4,11.0,0.0,1.0
734023,RV Uthappa,67,40,79.0,10.0,1.0
734023,SK Raina,65,53,78.0,3.0,5.0
734023,Shakib Al Hasan,46,21,56.0,6.0,2.0
734025,AR Patel,6,6,7.0,1.0,0.0
734025,AT Rayudu,17,14,17.0,0.0,0.0
734025,BE Hendricks,0,1,0.0,0.0,0.0
734025,GJ Bailey,39,30,45.0,2.0,2.0
734025,GJ Maxwell,2,3,2.0,0.0,0.0
734025,KA Pollard,8,6,10.0,0.0,1.0
734025,LMP Simmons,100,65,118.0,14.0,2.0
734025,M Vohra,36,35,42.0,4.0,1.0
734025,MEK Hussey,6,14,6.0,0.0,0.0
734025,R Dhawan,14,9,16.0,2.0,0.0
734025,RG Sharma,18,21,20.0,2.0,0.0
734025,SE Marsh,30,18,36.0,2.0,2.0
734025,Shivam Sharma,1,1,1.0,0.0,0.0
734025,V Sehwag,17,12,22.0,1.0,2.0
734025,WP Saha,3,8,3.0,0.0,0.0
734027,AB de Villiers,13,13,14.0,1.0,0.0
734027,CH Gayle,6,9,7.0,1.0,0.0
734027,G Gambhir,4,4,5.0,1.0,0.0
734027,MA Starc,12,8,13.0,1.0,0.0
734027,MK Pandey,13,13,16.0,3.0,0.0
734027,RN ten Doeschate,6,3,8.0,0.0,1.0
734027,RV Uthappa,83,53,95.0,10.0,1.0
734027,S Rana,19,12,21.0,2.0,0.0
734027,Shakib Al Hasan,60,39,71.0,5.0,3.0
734027,V Kohli,38,31,43.0,3.0,1.0
734027,YK Pathan,22,13,27.0,1.0,2.0
734027,YV Takawale,45,36,52.0,5.0,1.0
734027,Yuvraj Singh,22,13,27.0,1.0,2.0
734029,AJ Finch,7,3,9.0,0.0,1.0
734029,DA Warner,90,46,108.0,12.0,3.0
734029,DJ Hussey,50,33,59.0,5.0,2.0
734029,DJG Sammy,0,3,0.0,0.0,0.0
734029,DR Smith,47,28,59.0,4.0,4.0
734029,F du Plessis,19,11,23.0,4.0,0.0
734029,MS Dhoni,57,42,67.0,2.0,4.0
734029,NV Ojha,19,18,21.0,0.0,1.0
734029,S Dhawan,64,50,72.0,4.0,2.0
734029,SK Raina,4,7,4.0,0.0,0.0
734029,Y Venugopal Rao,4,1,5.0,1.0,0.0
734031,AP Tare,14,8,17.0,3.0,0.0
734031,AT Rayudu,2,3,2.0,0.0,0.0
734031,Harbhajan Singh,2,3,2.0,0.0,0.0
734031,JJ Bumrah,0,3,0.0,0.0,0.0
734031,JP Duminy,45,30,53.0,0.0,4.0
734031,KA Pollard,11,8,13.0,0.0,1.0
734031,KD Karthik,7,13,8.0,1.0,0.0
734031,KM Jadhav,7,5,8.0,1.0,0.0
734031,KP Pietersen,44,31,52.0,6.0,1.0
734031,LMP Simmons,35,27,40.0,5.0,0.0
734031,M Vijay,8,12,8.0,0.0,0.0
734031,M de Lange,1,2,1.0,0.0,0.0
734031,MEK Hussey,56,33,67.0,7.0,2.0
734031,MK Tiwary,41,32,48.0,5.0,1.0
734031,PP Ojha,2,2,2.0,0.0,0.0
734031,RG Sharma,30,21,34.0,4.0,0.0
734031,S Gopal,11,10,12.0,1.0,0.0
734033,AM Rahane,23,27,25.0,2.0,0.0
734033,BJ Hodge,31,19,37.0,2.0,2.0
734033,DA Miller,29,20,33.0,0.0,2.0
734033,GJ Bailey,26,18,29.0,1.0,1.0
734033,JP Faulkner,35,13,44.0,1.0,4.0
734033,KK Cooper,2,2,2.0,0.0,0.0
734033,KK Nair,11,6,13.0,2.0,0.0
734033,M Vohra,25,21,30.0,3.0,1.0
734033,R Tewatia,16,13,18.0,0.0,1.0
734033,SE Marsh,40,36,47.0,5.0,1.0
734033,SR Watson,0,1,0.0,0.0,0.0
734033,STR Binny,7,11,7.0,0.0,0.0
734033,SV Samson,30,29,34.0,2.0,1.0
734033,V Sehwag,18,9,23.0,3.0,1.0
734033,VS Malik,1,2,1.0,0.0,0.0
734033,WP Saha,27,20,31.0,4.0,0.0
734035,AB de Villiers,10,6,12.0,2.0,0.0
734035,DR Smith,34,17,40.0,4.0,1.0
734035,F du Plessis,54,44,63.0,3.0,3.0
734035,MA Starc,2,2,2.0,0.0,0.0
734035,MS Dhoni,49,28,59.0,4.0,3.0
734035,RR Rossouw,1,4,1.0,0.0,0.0
734035,S Rana,5,6,5.0,0.0,0.0
734035,SK Raina,18,18,20.0,2.0,0.0
734035,V Kohli,73,53,85.0,2.0,5.0
734035,VH Zol,13,12,15.0,0.0,1.0
734035,YV Takawale,19,17,23.0,4.0,0.0
734035,Yuvraj Singh,25,24,27.0,2.0,0.0
734037,DA Warner,4,3,5.0,1.0,0.0
734037,DJG Sammy,29,20,36.0,1.0,3.0
734037,G Gambhir,28,18,34.0,4.0,1.0
734037,JO Holder,16,12,20.0,2.0,1.0
734037,KV Sharma,5,2,6.0,1.0,0.0
734037,MK Pandey,2,8,2.0,0.0,0.0
734037,NV Ojha,26,24,33.0,5.0,1.0
734037,RN ten Doeschate,0,1,0.0,0.0,0.0
734037,RV Uthappa,41,30,49.0,4.0,2.0
734037,S Anirudha,3,5,3.0,0.0,0.0
734037,S Dhawan,29,31,34.0,5.0,0.0
734037,SA Yadav,12,6,15.0,1.0,1.0
734037,Shakib Al Hasan,1,5,1.0,0.0,0.0
734037,Y Venugopal Rao,27,27,31.0,4.0,0.0
734037,YK Pathan,72,22,91.0,5.0,7.0
734039,DA Miller,47,37,55.0,4.0,2.0
734039,GJ Bailey,1,1,1.0,0.0,0.0
734039,GJ Maxwell,0,3,0.0,0.0,0.0
734039,Imran Tahir,4,4,5.0,1.0,0.0
734039,JD Unadkat,0,1,0.0,0.0,0.0
734039,JDS Neesham,12,20,13.0,1.0,0.0
734039,JP Duminy,8,8,9.0,1.0,0.0
734039,KD Karthik,13,7,16.0,3.0,0.0
734039,KM Jadhav,0,4,0.0,0.0,0.0
734039,KP Pietersen,58,41,67.0,9.0,0.0
734039,M Vohra,47,40,55.0,4.0,2.0
734039,MA Agarwal,2,5,2.0,0.0,0.0
734039,MK Tiwary,8,12,8.0,0.0,0.0
734039,Mohammed Shami,0,1,0.0,0.0,0.0
734039,S Nadeem,3,8,3.0,0.0,0.0
734039,V Sehwag,9,8,11.0,2.0,0.0
734041,AP Tare,6,1,8.0,0.0,1.0
734041,AT Rayudu,30,11,37.0,5.0,1.0
734041,BJ Hodge,29,16,33.0,2.0,1.0
734041,CJ Anderson,95,46,116.0,9.0,6.0
734041,JP Faulkner,23,14,29.0,0.0,3.0
734041,KA Pollard,7,3,9.0,0.0,1.0
734041,KK Nair,50,27,61.0,7.0,2.0
734041,LMP Simmons,12,8,15.0,3.0,0.0
734041,MEK Hussey,22,12,27.0,1.0,2.0
734041,RG Sharma,16,11,19.0,1.0,1.0
734041,SR Watson,8,18,9.0,1.0,0.0
734041,SV Samson,74,48,87.0,7.0,3.0
734043,AR Patel,2,2,2.0,0.0,0.0
734043,DA Miller,8,12,8.0,0.0,0.0
734043,G Gambhir,1,3,1.0,0.0,0.0
734043,GJ Bailey,26,17,31.0,1.0,2.0
734043,GJ Maxwell,6,9,7.0,1.0,0.0
734043,Karanveer Singh,1,1,1.0,0.0,0.0
734043,M Vohra,26,19,32.0,0.0,3.0
734043,MG Johnson,10,11,12.0,0.0,1.0
734043,MK Pandey,21,21,24.0,3.0,0.0
734043,PP Chawla,17,9,20.0,3.0,0.0
734043,R Dhawan,14,15,16.0,0.0,1.0
734043,RN ten Doeschate,17,10,21.0,0.0,2.0
734043,RV Uthappa,42,30,50.0,4.0,2.0
734043,SA Yadav,20,14,25.0,3.0,1.0
734043,Shakib Al Hasan,18,18,20.0,2.0,0.0
734043,V Sehwag,2,3,2.0,0.0,0.0
734043,WP Saha,35,33,41.0,2.0,2.0
734043,YK Pathan,20,18,24.0,2.0,1.0
734045,AP Tare,0,1,0.0,0.0,0.0
734045,AT Rayudu,2,3,2.0,0.0,0.0
734045,BB McCullum,14,11,18.0,0.0,2.0
734045,CJ Anderson,20,10,25.0,1.0,2.0
734045,DJ Hussey,40,29,48.0,2.0,3.0
734045,DR Smith,24,20,28.0,4.0,0.0
734045,F du Plessis,35,22,42.0,5.0,1.0
734045,Harbhajan Singh,7,2,9.0,0.0,1.0
734045,KA Pollard,14,8,17.0,1.0,1.0
734045,LMP Simmons,67,44,80.0,5.0,4.0
734045,MEK Hussey,39,33,45.0,4.0,1.0
734045,P Kumar,1,2,1.0,0.0,0.0
734045,PP Ojha,1,1,1.0,0.0,0.0
734045,RG Sharma,20,16,23.0,3.0,0.0
734045,SK Raina,54,36,62.0,4.0,2.0
734047,BB McCullum,11,16,11.0,0.0,0.0
734047,DA Miller,38,19,45.0,5.0,1.0
734047,DJ Hussey,1,3,1.0,0.0,0.0
734047,DR Smith,7,12,7.0,0.0,0.0
734047,F du Plessis,0,1,0.0,0.0,0.0
734047,GJ Bailey,1,2,1.0,0.0,0.0
734047,GJ Maxwell,13,8,16.0,1.0,1.0
734047,M Vohra,34,33,39.0,1.0,2.0
734047,MG Johnson,1,1,1.0,0.0,0.0
734047,MM Sharma,1,3,1.0,0.0,0.0
734047,MS Dhoni,42,34,51.0,3.0,3.0
734047,R Ashwin,10,11,10.0,0.0,0.0
734047,RA Jadeja,27,22,31.0,2.0,1.0
734047,SK Raina,87,26,111.0,12.0,6.0
734047,V Sehwag,122,62,150.0,12.0,8.0
734047,WP Saha,6,4,8.0,0.0,1.0
734049,DA Miller,1,1,1.0,0.0,0.0
734049,G Gambhir,23,19,26.0,3.0,0.0
734049,GJ Bailey,1,2,1.0,0.0,0.0
734049,GJ Maxwell,0,1,0.0,0.0,0.0
734049,M Vohra,67,52,77.0,6.0,2.0
734049,MK Pandey,94,52,113.0,7.0,6.0
734049,PP Chawla,13,6,16.0,1.0,1.0
734049,RN ten Doeschate,4,3,5.0,1.0,0.0
734049,RV Uthappa,5,3,6.0,1.0,0.0
734049,SA Yadav,5,6,5.0,0.0,0.0
734049,SP Narine,2,4,2.0,0.0,0.0
734049,Shakib Al Hasan,12,7,14.0,2.0,0.0
734049,V Sehwag,7,10,8.0,1.0,0.0
734049,WP Saha,115,56,141.0,10.0,8.0
734049,YK Pathan,36,23,44.0,0.0,4.0
829705,AJ Finch,5,5,6.0,1.0,0.0
829705,AP Tare,7,8,8.0,1.0,0.0
829705,AT Rayudu,0,2,0.0,0.0,0.0
829705,CJ Anderson,55,41,65.0,4.0,3.0
829705,G Gambhir,57,44,66.0,7.0,1.0
829705,MK Pandey,40,24,48.0,2.0,3.0
829705,RG Sharma,98,66,118.0,12.0,4.0
829705,RV Uthappa,9,12,11.0,0.0,1.0
829705,SA Yadav,46,21,57.0,1.0,5.0
829705,YK Pathan,14,12,17.0,1.0,1.0
829707,A Mishra,4,5,4.0,0.0,0.0
829707,BB McCullum,4,2,5.0,1.0,0.0
829707,CM Gautam,4,5,4.0,0.0,0.0
829707,DJ Bravo,1,3,1.0,0.0,0.0
829707,DR Smith,34,31,40.0,6.0,0.0
829707,F du Plessis,32,25,35.0,3.0,0.0
829707,Imran Tahir,2,2,2.0,0.0,0.0
829707,JA Morkel,73,59,83.0,8.0,1.0
829707,JP Duminy,5,5,5.0,0.0,0.0
829707,KM Jadhav,20,20,22.0,2.0,0.0
829707,MA Agarwal,15,12,19.0,2.0,1.0
829707,MM Sharma,2,1,2.0,0.0,0.0
829707,MS Dhoni,30,27,35.0,1.0,2.0
829707,NM Coulter-Nile,5,4,6.0,1.0,0.0
829707,R Ashwin,12,8,13.0,1.0,0.0
829707,RA Jadeja,17,19,20.0,1.0,1.0
829707,SK Raina,4,7,4.0,0.0,0.0
829707,SS Iyer,7,7,8.0,1.0,0.0
829707,Yuvraj Singh,9,6,10.0,1.0,0.0
829709,AM Rahane,0,8,0.0,0.0,0.0
829709,AR Patel,24,29,26.0,2.0,0.0
829709,Anureet Singh,0,3,0.0,0.0,0.0
829709,CH Morris,6,8,6.0,0.0,0.0
829709,DA Miller,23,22,28.0,3.0,1.0
829709,DJ Hooda,30,15,37.0,1.0,3.0
829709,GJ Bailey,24,20,28.0,2.0,1.0
829709,GJ Maxwell,7,5,8.0,1.0,0.0
829709,JP Faulkner,46,37,54.0,2.0,3.0
829709,KK Nair,8,11,10.0,0.0,1.0
829709,Karanveer Singh,5,4,6.0,1.0,0.0
829709,M Vijay,37,35,43.0,4.0,1.0
829709,MG Johnson,0,4,0.0,0.0,0.0
829709,SPD Smith,33,24,38.0,5.0,0.0
829709,STR Binny,13,19,15.0,2.0,0.0
829709,SV Samson,5,6,5.0,0.0,0.0
829709,V Sehwag,0,1,0.0,0.0,0.0
829709,WP Saha,7,4,8.0,1.0,0.0
829711,BB McCullum,100,59,125.0,7.0,9.0
829711,DA Warner,53,43,60.0,1.0,3.0
829711,DR Smith,27,27,33.0,4.0,1.0
829711,KL Rahul,5,8,6.0,1.0,0.0
829711,KS Williamson,26,20,29.0,1.0,1.0
829711,KV Sharma,4,7,4.0,0.0,0.0
829711,MS Dhoni,53,29,65.0,4.0,4.0
829711,NV Ojha,15,11,17.0,0.0,1.0
829711,Parvez Rasool,2,2,2.0,0.0,0.0
829711,RA Jadeja,0,1,0.0,0.0,0.0
829711,RS Bopara,22,15,26.0,0.0,2.0
829711,S Dhawan,26,18,31.0,5.0,0.0
829711,SK Raina,14,12,15.0,1.0,0.0
829713,AB de Villiers,28,13,35.0,3.0,2.0
829713,AD Russell,41,17,51.0,6.0,2.0
829713,AN Ahmed,5,2,6.0,1.0,0.0
829713,CH Gayle,96,57,117.0,7.0,7.0
829713,DJG Sammy,7,9,7.0,0.0,0.0
829713,G Gambhir,58,48,67.0,7.0,1.0
829713,HV Patel,9,4,11.0,0.0,1.0
829713,KD Karthik,6,8,7.0,1.0,0.0
829713,MK Pandey,23,15,27.0,4.0,0.0
829713,Mandeep Singh,6,3,8.0,0.0,1.0
829713,RV Uthappa,35,28,39.0,4.0,0.0
829713,SA Abbott,1,4,1.0,0.0,0.0
829713,SA Yadav,11,9,13.0,2.0,0.0
829713,Shakib Al Hasan,0,2,0.0,0.0,0.0
829713,V Kohli,13,15,15.0,0.0,1.0
829713,YK Pathan,3,4,3.0,0.0,0.0
829715,AD Mathews,27,15,32.0,3.0,1.0
829715,AM Rahane,47,41,55.0,2.0,3.0
829715,CH Morris,13,6,16.0,1.0,1.0
829715,DJ Hooda,54,28,65.0,3.0,4.0
829715,JP Duminy,44,40,50.0,0.0,3.0
829715,JP Faulkner,17,11,19.0,2.0,0.0
829715,KK Nair,20,12,23.0,3.0,0.0
829715,MA Agarwal,37,21,45.0,6.0,1.0
829715,SPD Smith,10,9,12.0,2.0,0.0
829715,SS Iyer,40,34,49.0,3.0,3.0
829715,STR Binny,1,2,1.0,0.0,0.0
829715,SV Samson,11,12,12.0,1.0,0.0
829715,TG Southee,7,4,8.0,1.0,0.0
829715,Yuvraj Singh,27,17,31.0,0.0,2.0
829717,AJ Finch,8,14,9.0,1.0,0.0
829717,AP Tare,7,10,7.0,0.0,0.0
829717,AT Rayudu,13,19,15.0,2.0,0.0
829717,CJ Anderson,5,11,6.0,1.0,0.0
829717,DA Miller,24,24,27.0,3.0,0.0
829717,GJ Bailey,61,33,71.0,4.0,3.0
829717,GJ Maxwell,6,4,7.0,1.0,0.0
829717,Harbhajan Singh,64,27,81.0,5.0,6.0
829717,J Suchith,34,21,42.0,4.0,2.0
829717,KA Pollard,20,21,23.0,1.0,1.0
829717,M Vijay,35,29,41.0,6.0,0.0
829717,MG Johnson,3,7,3.0,0.0,0.0
829717,R Dhawan,6,6,7.0,1.0,0.0
829717,RG Sharma,0,2,0.0,0.0,0.0
829717,V Sehwag,36,20,44.0,6.0,1.0
829719,AB de Villiers,46,29,55.0,5.0,2.0
829719,AN Ahmed,4,2,5.0,1.0,0.0
829719,CH Gayle,21,16,26.0,3.0,1.0
829719,DA Warner,57,28,71.0,6.0,4.0
829719,DJG Sammy,6,9,6.0,0.0,0.0
829719,HV Patel,2,3,2.0,0.0,0.0
829719,KD Karthik,9,11,10.0,1.0,0.0
829719,KL Rahul,44,32,50.0,4.0,1.0
829719,KS Williamson,5,9,5.0,0.0,0.0
829719,Mandeep Singh,0,1,0.0,0.0,0.0
829719,S Dhawan,50,42,58.0,4.0,2.0
829719,SA Abbott,14,9,17.0,1.0,1.0
829719,V Kohli,41,42,49.0,4.0,2.0
829719,VR Aaron,6,3,8.0,0.0,1.0
829719,YS Chahal,1,1,1.0,0.0,0.0
829721,AJ Finch,10,14,12.0,2.0,0.0
829721,AM Rahane,46,39,50.0,4.0,0.0
829721,CJ Anderson,50,38,61.0,5.0,3.0
829721,DJ Hooda,13,4,17.0,0.0,2.0
829721,J Suchith,0,1,0.0,0.0,0.0
829721,JP Faulkner,6,6,6.0,0.0,0.0
829721,KA Pollard,70,34,87.0,7.0,5.0
829721,PA Patel,16,11,18.0,2.0,0.0
829721,RG Sharma,0,5,0.0,0.0,0.0
829721,S Gopal,1,1,1.0,0.0,0.0
829721,SPD Smith,79,54,89.0,8.0,1.0
829721,SV Samson,17,16,20.0,3.0,0.0
829721,UBT Chand,12,17,13.0,1.0,0.0
829723,A Nehra,1,4,1.0,0.0,0.0
829723,AD Russell,55,33,67.0,4.0,4.0
829723,BB McCullum,32,14,41.0,3.0,3.0
829723,DJ Bravo,30,32,34.0,4.0,0.0
829723,DR Smith,0,1,0.0,0.0,0.0
829723,F du Plessis,20,11,25.0,5.0,0.0
829723,G Gambhir,19,17,23.0,0.0,2.0
829723,MK Pandey,3,11,3.0,0.0,0.0
829723,MM Sharma,0,1,0.0,0.0,0.0
829723,MS Dhoni,1,4,1.0,0.0,0.0
829723,P Negi,27,13,33.0,4.0,1.0
829723,RA Jadeja,24,30,27.0,1.0,1.0
829723,RG More,2,2,2.0,0.0,0.0
829723,RV Uthappa,80,60,89.0,7.0,1.0
829723,SA Yadav,2,3,2.0,0.0,0.0
829723,SK Raina,8,10,10.0,2.0,0.0
829725,AD Mathews,6,4,7.0,1.0,0.0
829725,AR Patel,13,10,15.0,0.0,1.0
829725,DA Miller,5,8,5.0,0.0,0.0
829725,GJ Bailey,19,11,22.0,1.0,1.0
829725,GJ Maxwell,15,5,19.0,0.0,2.0
829725,JP Duminy,21,19,24.0,3.0,0.0
829725,KM Jadhav,3,5,3.0,0.0,0.0
829725,M Vijay,19,18,23.0,2.0,1.0
829725,MA Agarwal,68,51,79.0,7.0,2.0
829725,SS Iyer,6,7,7.0,1.0,0.0
829725,V Sehwag,47,44,55.0,4.0,2.0
829725,WP Saha,39,30,45.0,0.0,3.0
829725,Yuvraj Singh,54,41,65.0,5.0,3.0
829727,A Ashish Reddy,13,9,15.0,0.0,1.0
829727,AM Rahane,62,58,71.0,9.0,0.0
829727,DA Warner,21,15,26.0,3.0,1.0
829727,EJG Morgan,27,30,31.0,2.0,1.0
829727,JP Faulkner,6,5,7.0,1.0,0.0
829727,KK Nair,1,5,1.0,0.0,0.0
829727,KL Rahul,2,5,2.0,0.0,0.0
829727,NV Ojha,25,34,28.0,3.0,0.0
829727,RS Bopara,23,19,26.0,1.0,1.0
829727,S Dhawan,10,13,12.0,2.0,0.0
829727,SPD Smith,13,11,15.0,2.0,0.0
829727,STR Binny,16,14,17.0,1.0,0.0
829727,SV Samson,26,31,28.0,2.0,0.0
829729,AT Rayudu,29,16,36.0,1.0,3.0
829729,BB McCullum,46,23,56.0,6.0,2.0
829729,CJ Anderson,4,8,5.0,1.0,0.0
829729,DJ Bravo,13,5,16.0,1.0,1.0
829729,DR Smith,62,32,78.0,8.0,4.0
829729,F du Plessis,11,13,13.0,2.0,0.0
829729,Harbhajan Singh,24,22,28.0,2.0,1.0
829729,KA Pollard,64,32,78.0,4.0,5.0
829729,LMP Simmons,5,13,6.0,1.0,0.0
829729,MS Dhoni,3,6,3.0,0.0,0.0
829729,PA Patel,0,1,0.0,0.0,0.0
829729,R Vinay Kumar,0,1,0.0,0.0,0.0
829729,RG Sharma,50,31,57.0,5.0,1.0
829729,SK Raina,43,32,51.0,4.0,2.0
829731,A Ashish Reddy,15,8,18.0,1.0,1.0
829731,AD Mathews,15,11,17.0,0.0,1.0
829731,DA Warner,28,21,32.0,4.0,0.0
829731,EJG Morgan,1,2,1.0,0.0,0.0
829731,JP Duminy,54,44,63.0,5.0,2.0
829731,KL Rahul,24,21,28.0,0.0,2.0
829731,KM Jadhav,19,12,22.0,1.0,1.0
829731,KV Sharma,19,10,23.0,0.0,2.0
829731,MA Agarwal,1,3,1.0,0.0,0.0
829731,NV Ojha,12,10,13.0,1.0,0.0
829731,P Kumar,1,1,1.0,0.0,0.0
829731,RS Bopara,41,30,48.0,1.0,3.0
829731,S Dhawan,18,18,21.0,3.0,0.0
829731,SS Iyer,60,43,73.0,3.0,5.0
829731,Yuvraj Singh,9,13,9.0,0.0,0.0
829733,AD Russell,66,36,79.0,9.0,2.0
829733,AR Patel,2,3,2.0,0.0,0.0
829733,Anureet Singh,0,1,0.0,0.0,0.0
829733,G Gambhir,11,19,12.0,1.0,0.0
829733,GJ Bailey,60,46,69.0,5.0,2.0
829733,GJ Maxwell,33,28,39.0,2.0,2.0
829733,Gurkeerat Singh,11,10,13.0,0.0,1.0
829733,M Vijay,0,4,0.0,0.0,0.0
829733,MG Johnson,1,2,1.0,0.0,0.0
829733,MK Pandey,12,6,14.0,2.0,0.0
829733,NLTC Perera,9,8,11.0,0.0,1.0
829733,PP Chawla,4,1,5.0,1.0,0.0
829733,RN ten Doeschate,0,1,0.0,0.0,0.0
829733,RV Uthappa,13,10,15.0,2.0,0.0
829733,SA Yadav,23,10,29.0,2.0,2.0
829733,V Sehwag,11,10,13.0,2.0,0.0
829733,WP Saha,15,11,18.0,1.0,1.0
829733,YK Pathan,28,25,32.0,4.0,0.0
829735,AM Rahane,76,55,86.0,6.0,2.0
829735,BB McCullum,12,7,15.0,3.0,0.0
829735,DJ Bravo,62,38,72.0,8.0,1.0
829735,DR Smith,40,29,47.0,3.0,2.0
829735,F du Plessis,1,3,1.0,0.0,0.0
829735,KK Nair,1,1,1.0,0.0,0.0
829735,MS Dhoni,31,38,35.0,4.0,0.0
829735,SK Raina,4,8,4.0,0.0,0.0
829735,SPD Smith,6,7,6.0,0.0,0.0
829735,SR Watson,73,48,87.0,6.0,4.0
829737,AB de Villiers,41,12,52.0,5.0,3.0
829737,AN Ahmed,1,1,1.0,0.0,0.0
829737,AT Rayudu,0,1,0.0,0.0,0.0
829737,CH Gayle,10,31,10.0,0.0,0.0
829737,D Wiese,47,25,57.0,6.0,2.0
829737,HH Pandya,16,7,20.0,0.0,2.0
829737,Harbhajan Singh,0,1,0.0,0.0,0.0
829737,Iqbal Abdulla,20,17,24.0,4.0,0.0
829737,KA Pollard,5,3,6.0,1.0,0.0
829737,KD Karthik,18,12,21.0,1.0,1.0
829737,LMP Simmons,59,46,72.0,9.0,2.0
829737,MS Bisla,20,16,25.0,3.0,1.0
829737,PA Patel,12,15,14.0,2.0,0.0
829737,RG Sharma,42,15,53.0,3.0,4.0
829737,RR Rossouw,0,1,0.0,0.0,0.0
829737,UBT Chand,58,40,70.0,8.0,2.0
829737,V Kohli,18,19,21.0,1.0,1.0
829739,A Mishra,1,1,1.0,0.0,0.0
829739,AD Mathews,28,22,33.0,1.0,2.0
829739,G Gambhir,60,50,68.0,8.0,0.0
829739,JP Duminy,5,8,6.0,1.0,0.0
829739,KM Jadhav,12,9,15.0,1.0,1.0
829739,MA Agarwal,1,10,1.0,0.0,0.0
829739,MK Pandey,0,3,0.0,0.0,0.0
829739,MK Tiwary,32,29,37.0,5.0,0.0
829739,NM Coulter-Nile,2,2,2.0,0.0,0.0
829739,RN ten Doeschate,3,2,3.0,0.0,0.0
829739,RV Uthappa,13,14,15.0,2.0,0.0
829739,SA Yadav,24,17,28.0,2.0,1.0
829739,SS Iyer,31,26,36.0,3.0,1.0
829739,YK Pathan,40,26,48.0,6.0,1.0
829739,Yuvraj Singh,21,19,25.0,2.0,1.0
829741,AM Rahane,74,54,84.0,6.0,2.0
829741,AR Patel,12,7,13.0,1.0,0.0
829741,DA Miller,54,31,65.0,1.0,5.0
829741,DJ Hooda,19,9,24.0,1.0,2.0
829741,GJ Maxwell,2,7,2.0,0.0,0.0
829741,JP Faulkner,1,5,1.0,0.0,0.0
829741,KK Nair,25,14,29.0,2.0,1.0
829741,M Vijay,21,18,25.0,0.0,2.0
829741,MG Johnson,13,8,14.0,1.0,0.0
829741,SE Marsh,77,45,91.0,8.0,3.0
829741,SPD Smith,5,3,6.0,1.0,0.0
829741,SR Watson,45,39,54.0,5.0,2.0
829741,STR Binny,12,4,15.0,1.0,1.0
829741,SV Samson,5,2,6.0,1.0,0.0
829741,V Sehwag,1,4,1.0,0.0,0.0
829741,WP Saha,19,8,23.0,4.0,0.0
829743,AD Russell,19,10,24.0,1.0,2.0
829743,DA Warner,91,55,108.0,9.0,4.0
829743,G Gambhir,4,9,4.0,0.0,0.0
829743,KL Rahul,0,3,0.0,0.0,0.0
829743,MC Henriques,7,5,8.0,1.0,0.0
829743,MK Pandey,33,24,38.0,3.0,1.0
829743,NV Ojha,18,8,23.0,1.0,2.0
829743,RS Bopara,2,4,2.0,0.0,0.0
829743,RV Uthappa,34,22,40.0,2.0,2.0
829743,S Dhawan,54,47,60.0,4.0,1.0
829743,SA Yadav,2,2,2.0,0.0,0.0
829743,YK Pathan,6,7,6.0,0.0,0.0
829745,A Nehra,0,1,0.0,0.0,0.0
829745,AB de Villiers,14,10,18.0,0.0,2.0
829745,BB McCullum,4,6,5.0,1.0,0.0
829745,D Wiese,22,20,26.0,2.0,1.0
829745,DJ Bravo,5,4,6.0,1.0,0.0
829745,DR Smith,39,29,48.0,3.0,3.0
829745,F du Plessis,33,19,39.0,4.0,1.0
829745,HV Patel,0,1,0.0,0.0,0.0
829745,KD Karthik,10,11,11.0,1.0,0.0
829745,MA Starc,9,6,10.0,1.0,0.0
829745,MM Sharma,2,6,2.0,0.0,0.0
829745,MS Bisla,17,14,20.0,3.0,0.0
829745,MS Dhoni,13,14,15.0,2.0,0.0
829745,R Ashwin,5,4,6.0,1.0,0.0
829745,RA Jadeja,8,8,9.0,1.0,0.0
829745,RR Rossouw,14,9,17.0,1.0,1.0
829745,SK Raina,62,32,78.0,4.0,6.0
829745,SN Khan,11,7,13.0,0.0,1.0
829745,V Kohli,51,43,59.0,4.0,2.0
829747,AD Mathews,17,9,20.0,3.0,0.0
829747,AT Rayudu,30,22,35.0,3.0,1.0
829747,HH Pandya,0,1,0.0,0.0,0.0
829747,Harbhajan Singh,9,11,11.0,0.0,1.0
829747,JP Duminy,78,53,93.0,3.0,6.0
829747,KA Pollard,10,8,12.0,0.0,1.0
829747,KM Jadhav,1,1,1.0,0.0,0.0
829747,LMP Simmons,15,16,18.0,3.0,0.0
829747,MA Agarwal,1,2,1.0,0.0,0.0
829747,MJ McClenaghan,0,1,0.0,0.0,0.0
829747,PA Patel,28,20,34.0,4.0,1.0
829747,RG Sharma,30,24,34.0,0.0,2.0
829747,SL Malinga,6,11,7.0,1.0,0.0
829747,SS Iyer,83,58,100.0,7.0,5.0
829747,UBT Chand,14,14,16.0,2.0,0.0
829747,Yuvraj Singh,2,4,2.0,0.0,0.0
829749,AB de Villiers,47,34,53.0,6.0,0.0
829749,AM Rahane,18,13,22.0,2.0,1.0
829749,CH Gayle,20,17,25.0,3.0,1.0
829749,CH Morris,3,3,3.0,0.0,0.0
829749,DJ Hooda,1,4,1.0,0.0,0.0
829749,DS Kulkarni,1,2,1.0,0.0,0.0
829749,JP Faulkner,4,5,4.0,0.0,0.0
829749,KK Nair,16,14,18.0,0.0,1.0
829749,PV Tambe,2,4,2.0,0.0,0.0
829749,SPD Smith,31,28,33.0,2.0,0.0
829749,SR Watson,26,23,32.0,4.0,1.0
829749,STR Binny,20,20,22.0,2.0,0.0
829749,SV Samson,4,7,4.0,0.0,0.0
829749,V Kohli,62,46,69.0,1.0,3.0
829751,AT Rayudu,7,7,8.0,1.0,0.0
829751,B Kumar,6,4,7.0,1.0,0.0
829751,DA Warner,9,7,11.0,2.0,0.0
829751,DW Steyn,0,1,0.0,0.0,0.0
829751,GH Vihari,16,10,19.0,3.0,0.0
829751,Harbhajan Singh,0,4,0.0,0.0,0.0
829751,J Suchith,9,6,9.0,0.0,0.0
829751,KA Pollard,33,28,38.0,3.0,1.0
829751,KL Rahul,25,28,27.0,0.0,1.0
829751,KV Sharma,2,5,2.0,0.0,0.0
829751,LMP Simmons,51,43,59.0,6.0,1.0
829751,MJ McClenaghan,1,1,1.0,0.0,0.0
829751,NV Ojha,9,9,9.0,0.0,0.0
829751,P Kumar,0,2,0.0,0.0,0.0
829751,PA Patel,17,20,20.0,3.0,0.0
829751,R Vinay Kumar,0,1,0.0,0.0,0.0
829751,RG Sharma,24,15,28.0,2.0,1.0
829751,RS Bopara,23,27,24.0,1.0,0.0
829751,S Dhawan,42,30,51.0,7.0,1.0
829751,UBT Chand,5,4,6.0,1.0,0.0
829753,AR Patel,9,10,11.0,0.0,1.0
829753,Anureet Singh,10,20,10.0,0.0,0.0
829753,BB McCullum,66,47,80.0,8.0,3.0
829753,DA Miller,3,9,3.0,0.0,0.0
829753,DR Smith,26,13,33.0,3.0,2.0
829753,GJ Bailey,1,3,1.0,0.0,0.0
829753,Karanveer Singh,2,5,2.0,0.0,0.0
829753,M Vijay,34,33,40.0,4.0,1.0
829753,MG Johnson,1,2,1.0,0.0,0.0
829753,MS Dhoni,41,28,47.0,2.0,2.0
829753,RA Jadeja,18,11,20.0,2.0,0.0
829753,SE Marsh,10,10,11.0,1.0,0.0
829753,SK Raina,29,27,33.0,4.0,0.0
829753,Sandeep Sharma,1,4,1.0,0.0,0.0
829753,V Sehwag,1,3,1.0,0.0,0.0
829753,WP Saha,15,23,15.0,0.0,0.0
829757,A Mishra,2,4,2.0,0.0,0.0
829757,AD Mathews,0,1,0.0,0.0,0.0
829757,CH Gayle,62,42,76.0,6.0,4.0
829757,DJ Muthuswami,1,3,1.0,0.0,0.0
829757,Imran Tahir,3,4,3.0,0.0,0.0
829757,JP Duminy,13,15,15.0,2.0,0.0
829757,KM Jadhav,33,31,37.0,4.0,0.0
829757,MA Agarwal,27,36,30.0,1.0,1.0
829757,NM Coulter-Nile,4,8,5.0,1.0,0.0
829757,S Nadeem,2,7,2.0,0.0,0.0
829757,SS Iyer,0,2,0.0,0.0,0.0
829757,V Kohli,35,23,41.0,6.0,0.0
829757,Yuvraj Singh,2,5,2.0,0.0,0.0
829759,A Ashish Reddy,22,8,27.0,1.0,2.0
829759,AR Patel,17,13,19.0,0.0,1.0
829759,Anureet Singh,0,2,0.0,0.0,0.0
829759,DA Miller,15,14,16.0,1.0,0.0
829759,DA Warner,58,41,70.0,10.0,1.0
829759,GH Vihari,9,8,11.0,2.0,0.0
829759,GJ Bailey,22,18,25.0,3.0,0.0
829759,KV Sharma,1,1,1.0,0.0,0.0
829759,M Vijay,12,16,12.0,0.0,0.0
829759,M Vohra,5,10,6.0,1.0,0.0
829759,MC Henriques,30,32,31.0,1.0,0.0
829759,MG Johnson,4,6,4.0,0.0,0.0
829759,NV Ojha,28,26,31.0,3.0,0.0
829759,R Dhawan,4,6,4.0,0.0,0.0
829759,RS Bopara,0,2,0.0,0.0,0.0
829759,S Dhawan,1,2,1.0,0.0,0.0
829759,SE Marsh,1,6,1.0,0.0,0.0
829759,Sandeep Sharma,1,1,1.0,0.0,0.0
829759,WP Saha,42,33,46.0,2.0,1.0
829761,AD Mathews,22,15,26.0,2.0,1.0
829761,AD Russell,5,6,6.0,1.0,0.0
829761,G Gambhir,12,11,14.0,2.0,0.0
829761,J Botha,17,5,21.0,4.0,0.0
829761,JA Morkel,5,3,6.0,1.0,0.0
829761,JP Duminy,25,17,29.0,2.0,1.0
829761,KM Jadhav,10,6,12.0,0.0,1.0
829761,MK Pandey,22,19,25.0,1.0,1.0
829761,MK Tiwary,25,29,30.0,3.0,1.0
829761,PP Chawla,22,20,25.0,1.0,1.0
829761,RV Uthappa,32,33,38.0,4.0,1.0
829761,SA Yadav,7,7,7.0,0.0,0.0
829761,SS Iyer,40,36,47.0,3.0,2.0
829761,SS Tiwary,24,16,29.0,3.0,1.0
829761,YK Pathan,42,24,51.0,3.0,3.0
829761,Yuvraj Singh,0,3,0.0,0.0,0.0
829763,AB de Villiers,57,47,68.0,9.0,1.0
829763,CH Gayle,10,4,13.0,1.0,1.0
829763,D Wiese,11,9,13.0,2.0,0.0
829763,HV Patel,6,2,8.0,0.0,1.0
829763,KD Karthik,27,19,32.0,3.0,1.0
829763,Mandeep Singh,27,21,31.0,4.0,0.0
829763,SN Khan,45,22,53.0,6.0,1.0
829763,V Kohli,1,4,1.0,0.0,0.0
829765,AD Russell,4,4,4.0,0.0,0.0
829765,BB McCullum,19,14,24.0,3.0,1.0
829765,DJ Bravo,5,7,6.0,1.0,0.0
829765,DR Smith,25,20,30.0,3.0,1.0
829765,F du Plessis,29,33,30.0,1.0,0.0
829765,G Gambhir,0,1,0.0,0.0,0.0
829765,GB Hogg,2,1,2.0,0.0,0.0
829765,MK Pandey,15,20,17.0,2.0,0.0
829765,MS Dhoni,3,7,3.0,0.0,0.0
829765,PJ Cummins,0,2,0.0,0.0,0.0
829765,PP Chawla,0,2,0.0,0.0,0.0
829765,R Ashwin,9,4,11.0,2.0,0.0
829765,RA Jadeja,15,20,15.0,0.0,0.0
829765,RN ten Doeschate,38,28,45.0,3.0,2.0
829765,RV Uthappa,39,18,47.0,6.0,1.0
829765,SA Yadav,16,26,17.0,1.0,0.0
829765,SK Raina,17,22,21.0,2.0,1.0
829765,UT Yadav,0,1,0.0,0.0,0.0
829765,YK Pathan,13,20,13.0,0.0,0.0
829767,AR Patel,22,28,24.0,0.0,1.0
829767,Anureet Singh,8,3,10.0,0.0,1.0
829767,DA Miller,42,42,48.0,4.0,1.0
829767,GJ Bailey,18,16,21.0,3.0,0.0
829767,M Vohra,1,7,1.0,0.0,0.0
829767,MA Agarwal,52,43,60.0,6.0,1.0
829767,NLTC Perera,3,7,3.0,0.0,0.0
829767,SE Marsh,5,4,6.0,1.0,0.0
829767,SN Thakur,7,6,8.0,1.0,0.0
829767,SS Iyer,54,41,64.0,4.0,3.0
829767,SS Tiwary,5,5,6.0,1.0,0.0
829767,V Sehwag,1,2,1.0,0.0,0.0
829767,WP Saha,3,8,3.0,0.0,0.0
829769,AM Rahane,16,14,18.0,2.0,0.0
829769,AT Rayudu,53,27,63.0,4.0,3.0
829769,DJ Hooda,1,2,1.0,0.0,0.0
829769,J Theron,1,1,1.0,0.0,0.0
829769,KA Pollard,24,15,28.0,2.0,1.0
829769,KK Nair,7,6,8.0,1.0,0.0
829769,LMP Simmons,38,33,44.0,4.0,1.0
829769,PA Patel,23,14,28.0,5.0,0.0
829769,RG Sharma,27,22,31.0,2.0,1.0
829769,SPD Smith,23,22,25.0,2.0,0.0
829769,SR Watson,28,25,34.0,2.0,2.0
829769,STR Binny,9,6,10.0,1.0,0.0
829769,SV Samson,76,47,89.0,7.0,3.0
829769,TG Southee,6,5,6.0,0.0,0.0
829769,UBT Chand,13,14,14.0,1.0,0.0
829771,AB de Villiers,2,4,2.0,0.0,0.0
829771,AD Russell,45,17,56.0,5.0,3.0
829771,CH Gayle,21,12,27.0,0.0,3.0
829771,D Wiese,9,8,9.0,0.0,0.0
829771,G Gambhir,12,10,14.0,2.0,0.0
829771,Mandeep Singh,45,18,55.0,4.0,3.0
829771,RN ten Doeschate,12,7,15.0,1.0,1.0
829771,RV Uthappa,23,22,26.0,3.0,0.0
829771,SA Yadav,0,2,0.0,0.0,0.0
829771,V Kohli,34,20,42.0,2.0,3.0
829771,YK Pathan,11,7,13.0,0.0,1.0
829773,A Ashish Reddy,6,6,7.0,1.0,0.0
829773,BB McCullum,12,5,15.0,3.0,0.0
829773,DA Warner,61,28,74.0,11.0,1.0
829773,DJ Bravo,25,21,28.0,3.0,0.0
829773,DR Smith,21,20,26.0,3.0,1.0
829773,EJG Morgan,32,27,37.0,1.0,2.0
829773,F du Plessis,33,24,37.0,4.0,0.0
829773,GH Vihari,8,5,9.0,1.0,0.0
829773,KV Sharma,4,2,5.0,1.0,0.0
829773,MC Henriques,19,9,24.0,1.0,2.0
829773,MS Dhoni,20,16,22.0,2.0,0.0
829773,NV Ojha,20,13,25.0,3.0,1.0
829773,P Negi,15,11,18.0,1.0,1.0
829773,RA Jadeja,14,12,14.0,0.0,0.0
829773,S Dhawan,37,34,41.0,4.0,0.0
829773,SK Raina,23,15,29.0,0.0,3.0
829775,AR Patel,0,1,0.0,0.0,0.0
829775,AT Rayudu,4,1,5.0,1.0,0.0
829775,DA Miller,43,38,48.0,3.0,1.0
829775,GJ Bailey,21,18,22.0,1.0,0.0
829775,GJ Maxwell,12,9,14.0,2.0,0.0
829775,KA Pollard,7,8,7.0,0.0,0.0
829775,LMP Simmons,71,56,82.0,9.0,1.0
829775,M Vijay,39,35,44.0,3.0,1.0
829775,MG Johnson,8,4,10.0,0.0,1.0
829775,PA Patel,59,36,70.0,5.0,3.0
829775,RG Sharma,26,21,28.0,2.0,0.0
829775,V Sehwag,2,5,2.0,0.0,0.0
829775,WP Saha,12,13,13.0,1.0,0.0
829777,A Mishra,1,3,1.0,0.0,0.0
829777,AD Mathews,16,19,18.0,2.0,0.0
829777,AM Rahane,91,56,106.0,9.0,3.0
829777,JP Duminy,56,40,65.0,3.0,3.0
829777,JP Faulkner,8,4,9.0,1.0,0.0
829777,KK Nair,61,38,71.0,6.0,2.0
829777,KM Jadhav,11,8,13.0,0.0,1.0
829777,MA Agarwal,11,8,14.0,1.0,1.0
829777,NM Coulter-Nile,6,4,8.0,0.0,1.0
829777,SR Watson,21,26,25.0,4.0,0.0
829777,SS Iyer,9,12,11.0,2.0,0.0
829777,SS Tiwary,28,16,33.0,1.0,2.0
829777,Yuvraj Singh,22,21,26.0,4.0,0.0
829779,A Nehra,0,1,0.0,0.0,0.0
829779,AB de Villiers,21,14,26.0,5.0,0.0
829779,BB McCullum,20,15,24.0,4.0,0.0
829779,D Wiese,17,15,19.0,2.0,0.0
829779,DJ Bravo,2,3,2.0,0.0,0.0
829779,DR Smith,0,6,0.0,0.0,0.0
829779,F du Plessis,24,20,26.0,0.0,1.0
829779,HV Patel,0,1,0.0,0.0,0.0
829779,Iqbal Abdulla,0,3,0.0,0.0,0.0
829779,KD Karthik,23,20,27.0,4.0,0.0
829779,MA Starc,1,7,1.0,0.0,0.0
829779,MS Dhoni,29,18,35.0,2.0,2.0
829779,NJ Maddinson,4,7,5.0,1.0,0.0
829779,P Negi,13,8,16.0,1.0,1.0
829779,RA Jadeja,3,4,3.0,0.0,0.0
829779,SK Raina,52,50,59.0,5.0,1.0
829779,SN Khan,8,8,9.0,1.0,0.0
829779,V Kohli,48,44,52.0,2.0,1.0
829781,AD Russell,1,3,1.0,0.0,0.0
829781,B Kumar,11,4,14.0,1.0,1.0
829781,Bipul Sharma,1,2,1.0,0.0,0.0
829781,DA Warner,4,4,5.0,1.0,0.0
829781,DW Steyn,1,1,1.0,0.0,0.0
829781,EJG Morgan,5,11,5.0,0.0,0.0
829781,G Gambhir,31,23,36.0,5.0,0.0
829781,GH Vihari,6,13,6.0,0.0,0.0
829781,J Botha,12,6,15.0,1.0,1.0
829781,KV Sharma,32,21,38.0,0.0,3.0
829781,MC Henriques,41,33,47.0,2.0,2.0
829781,MK Pandey,33,26,38.0,1.0,2.0
829781,NV Ojha,0,4,0.0,0.0,0.0
829781,P Kumar,12,16,13.0,1.0,0.0
829781,PP Chawla,9,6,10.0,1.0,0.0
829781,RN ten Doeschate,8,7,8.0,0.0,0.0
829781,RV Uthappa,30,27,33.0,3.0,0.0
829781,S Dhawan,15,15,18.0,3.0,0.0
829781,SA Yadav,6,3,7.0,1.0,0.0
829781,YK Pathan,30,20,34.0,4.0,0.0
829783,AD Mathews,12,10,14.0,0.0,1.0
829783,AT Rayudu,49,40,55.0,4.0,1.0
829783,HH Pandya,5,10,6.0,1.0,0.0
829783,Harbhajan Singh,5,4,6.0,1.0,0.0
829783,JP Duminy,28,19,35.0,3.0,2.0
829783,KA Pollard,26,16,32.0,0.0,3.0
829783,KM Jadhav,16,15,18.0,0.0,1.0
829783,LMP Simmons,0,2,0.0,0.0,0.0
829783,MA Agarwal,0,1,0.0,0.0,0.0
829783,NM Coulter-Nile,3,2,3.0,0.0,0.0
829783,PA Patel,13,13,14.0,1.0,0.0
829783,RG Sharma,46,38,54.0,2.0,3.0
829783,SS Iyer,19,19,22.0,3.0,0.0
829783,SS Tiwary,13,11,15.0,2.0,0.0
829783,Yuvraj Singh,57,44,68.0,7.0,2.0
829785,AB de Villiers,47,24,58.0,3.0,4.0
829785,AR Patel,40,21,49.0,5.0,2.0
829785,Anureet Singh,0,2,0.0,0.0,0.0
829785,CH Gayle,117,63,148.0,7.0,12.0
829785,DA Miller,7,10,8.0,1.0,0.0
829785,GJ Bailey,2,4,2.0,0.0,0.0
829785,GJ Maxwell,1,5,1.0,0.0,0.0
829785,KD Karthik,8,3,10.0,0.0,1.0
829785,Karanveer Singh,4,7,4.0,0.0,0.0
829785,M Vijay,2,6,2.0,0.0,0.0
829785,M Vohra,2,4,2.0,0.0,0.0
829785,MG Johnson,1,5,1.0,0.0,0.0
829785,SN Khan,11,7,12.0,1.0,0.0
829785,Sandeep Sharma,7,9,8.0,1.0,0.0
829785,V Kohli,32,31,37.0,3.0,1.0
829785,WP Saha,13,11,16.0,1.0,1.0
829787,AM Rahane,8,6,10.0,2.0,0.0
829787,CH Morris,34,11,42.0,2.0,3.0
829787,DA Warner,24,19,29.0,5.0,0.0
829787,DJ Hooda,7,9,7.0,0.0,0.0
829787,EJG Morgan,63,30,77.0,4.0,5.0
829787,JP Faulkner,30,19,36.0,2.0,2.0
829787,KK Nair,4,11,4.0,0.0,0.0
829787,MC Henriques,20,21,23.0,3.0,0.0
829787,NV Ojha,8,7,9.0,1.0,0.0
829787,RS Bopara,17,13,19.0,2.0,0.0
829787,S Dhawan,54,36,64.0,6.0,2.0
829787,SPD Smith,68,40,81.0,9.0,2.0
829787,SR Watson,12,12,15.0,3.0,0.0
829787,STR Binny,3,3,3.0,0.0,0.0
829787,SV Samson,21,10,27.0,0.0,3.0
829789,AT Rayudu,34,19,41.0,1.0,3.0
829789,BB McCullum,23,11,28.0,3.0,1.0
829789,DR Smith,27,35,31.0,4.0,0.0
829789,F du Plessis,17,16,19.0,0.0,1.0
829789,HH Pandya,21,8,27.0,0.0,3.0
829789,KA Pollard,1,4,1.0,0.0,0.0
829789,LMP Simmons,38,32,45.0,3.0,2.0
829789,MS Dhoni,39,32,45.0,2.0,2.0
829789,P Negi,36,18,42.0,4.0,1.0
829789,PA Patel,45,32,51.0,6.0,0.0
829789,RG Sharma,18,22,18.0,0.0,0.0
829789,SK Raina,10,10,11.0,1.0,0.0
829791,AD Russell,51,23,64.0,5.0,4.0
829791,DA Miller,27,11,33.0,2.0,2.0
829791,G Gambhir,24,23,28.0,4.0,0.0
829791,GB Hogg,5,5,5.0,0.0,0.0
829791,GJ Maxwell,43,22,53.0,4.0,3.0
829791,Gurkeerat Singh,4,8,4.0,0.0,0.0
829791,J Botha,2,4,2.0,0.0,0.0
829791,M Vijay,28,21,34.0,4.0,1.0
829791,M Vohra,39,34,46.0,1.0,3.0
829791,MK Pandey,22,17,26.0,4.0,0.0
829791,PP Chawla,18,11,22.0,2.0,1.0
829791,RV Uthappa,17,11,20.0,3.0,0.0
829791,SA Yadav,9,9,10.0,1.0,0.0
829791,SP Narine,0,1,0.0,0.0,0.0
829791,WP Saha,33,27,37.0,0.0,2.0
829791,YK Pathan,29,19,36.0,1.0,3.0
829793,DA Warner,17,16,20.0,1.0,1.0
829793,EJG Morgan,22,25,24.0,2.0,0.0
829793,JP Duminy,12,16,12.0,0.0,0.0
829793,KM Jadhav,63,34,75.0,8.0,2.0
829793,KV Sharma,16,13,18.0,2.0,0.0
829793,MC Henriques,74,48,85.0,1.0,5.0
829793,Q de Kock,50,31,61.0,9.0,1.0
829793,RS Bopara,17,11,18.0,1.0,0.0
829793,S Dhawan,13,10,15.0,2.0,0.0
829793,SS Iyer,0,7,0.0,0.0,0.0
829793,SS Tiwary,26,26,30.0,2.0,1.0
829793,Yuvraj Singh,2,7,2.0,0.0,0.0
829795,AB de Villiers,133,61,160.0,19.0,4.0
829795,AT Rayudu,14,5,18.0,0.0,2.0
829795,CH Gayle,13,13,16.0,1.0,1.0
829795,HH Pandya,8,4,10.0,0.0,1.0
829795,Harbhajan Singh,3,3,3.0,0.0,0.0
829795,J Suchith,4,4,4.0,0.0,0.0
829795,KA Pollard,49,24,59.0,6.0,2.0
829795,LMP Simmons,68,53,79.0,5.0,3.0
829795,MJ McClenaghan,12,4,16.0,0.0,2.0
829795,PA Patel,19,12,22.0,3.0,0.0
829795,RG Sharma,15,14,18.0,1.0,1.0
829795,V Kohli,82,51,96.0,6.0,4.0
829797,AM Rahane,23,17,27.0,4.0,0.0
829797,Ankit Sharma,0,1,0.0,0.0,0.0
829797,BB McCullum,81,63,96.0,7.0,4.0
829797,CH Morris,16,11,18.0,0.0,1.0
829797,DJ Bravo,15,8,17.0,2.0,0.0
829797,DJ Hooda,15,14,16.0,1.0,0.0
829797,DR Smith,6,10,7.0,1.0,0.0
829797,F du Plessis,29,26,32.0,3.0,0.0
829797,JP Faulkner,16,13,18.0,2.0,0.0
829797,KK Nair,10,12,11.0,1.0,0.0
829797,MS Dhoni,13,7,16.0,1.0,1.0
829797,P Negi,2,3,2.0,0.0,0.0
829797,PV Tambe,1,1,1.0,0.0,0.0
829797,R Bhatia,0,1,0.0,0.0,0.0
829797,SK Raina,3,6,3.0,0.0,0.0
829797,SPD Smith,4,6,4.0,0.0,0.0
829797,SR Watson,28,30,30.0,2.0,0.0
829797,SV Samson,26,18,31.0,1.0,2.0
829799,AR Patel,15,13,17.0,2.0,0.0
829799,DA Miller,89,45,109.0,2.0,9.0
829799,DA Warner,81,54,97.0,6.0,5.0
829799,EJG Morgan,17,7,22.0,1.0,2.0
829799,GJ Bailey,6,11,6.0,0.0,0.0
829799,GJ Maxwell,11,6,14.0,1.0,1.0
829799,Gurkeerat Singh,3,5,3.0,0.0,0.0
829799,KL Rahul,17,10,20.0,1.0,1.0
829799,KV Sharma,11,7,13.0,0.0,1.0
829799,M Vijay,24,18,30.0,4.0,1.0
829799,M Vohra,20,15,24.0,2.0,1.0
829799,MC Henriques,28,24,32.0,4.0,0.0
829799,NV Ojha,2,3,2.0,0.0,0.0
829799,S Dhawan,24,19,28.0,4.0,0.0
829799,WP Saha,5,11,5.0,0.0,0.0
829801,BB McCullum,11,21,12.0,1.0,0.0
829801,DJ Bravo,8,8,10.0,0.0,1.0
829801,DR Smith,18,24,22.0,2.0,1.0
829801,F du Plessis,29,23,32.0,3.0,0.0
829801,JA Morkel,8,8,10.0,0.0,1.0
829801,JP Duminy,6,7,7.0,1.0,0.0
829801,KM Jadhav,1,1,1.0,0.0,0.0
829801,MS Dhoni,27,24,32.0,3.0,1.0
829801,P Negi,5,8,5.0,0.0,0.0
829801,Q de Kock,3,7,3.0,0.0,0.0
829801,RA Jadeja,3,4,3.0,0.0,0.0
829801,SK Raina,11,8,12.0,1.0,0.0
829801,SS Iyer,70,49,82.0,10.0,1.0
829801,Yuvraj Singh,32,28,38.0,4.0,1.0
829803,AB de Villiers,10,10,11.0,1.0,0.0
829803,AR Patel,20,15,23.0,1.0,1.0
829803,CH Gayle,17,15,20.0,1.0,1.0
829803,D Wiese,4,5,4.0,0.0,0.0
829803,DA Miller,14,5,18.0,0.0,2.0
829803,GJ Bailey,13,9,14.0,1.0,0.0
829803,GJ Maxwell,10,10,11.0,1.0,0.0
829803,Gurkeerat Singh,2,3,2.0,0.0,0.0
829803,KD Karthik,2,4,2.0,0.0,0.0
829803,M Vohra,11,6,13.0,0.0,1.0
829803,Mandeep Singh,20,14,22.0,2.0,0.0
829803,R Dhawan,1,1,1.0,0.0,0.0
829803,SN Khan,4,6,4.0,0.0,0.0
829803,V Kohli,19,9,23.0,2.0,1.0
829803,WP Saha,31,14,38.0,5.0,1.0
829805,AD Russell,2,4,2.0,0.0,0.0
829805,AT Rayudu,2,3,2.0,0.0,0.0
829805,G Gambhir,38,30,43.0,5.0,0.0
829805,HH Pandya,61,34,73.0,8.0,2.0
829805,KA Pollard,33,40,36.0,1.0,1.0
829805,LMP Simmons,14,16,17.0,1.0,1.0
829805,MK Pandey,1,1,1.0,0.0,0.0
829805,PA Patel,21,14,24.0,3.0,0.0
829805,PP Chawla,1,8,1.0,0.0,0.0
829805,RG Sharma,30,22,35.0,5.0,0.0
829805,RV Uthappa,25,21,30.0,3.0,1.0
829805,SA Yadav,11,5,13.0,2.0,0.0
829805,Shakib Al Hasan,23,16,26.0,3.0,0.0
829805,UT Yadav,5,2,6.0,1.0,0.0
829805,YK Pathan,52,40,61.0,5.0,2.0
829807,AB de Villiers,0,1,0.0,0.0,0.0
829807,CH Gayle,35,11,45.0,4.0,3.0
829807,DA Warner,52,32,59.0,5.0,1.0
829807,EJG Morgan,11,7,13.0,0.0,1.0
829807,KD Karthik,2,2,2.0,0.0,0.0
829807,MC Henriques,57,24,70.0,5.0,4.0
829807,Mandeep Singh,1,3,1.0,0.0,0.0
829807,S Dhawan,8,7,9.0,1.0,0.0
829807,V Kohli,44,19,53.0,3.0,3.0
829809,AR Patel,32,31,36.0,2.0,1.0
829809,BB McCullum,6,6,7.0,1.0,0.0
829809,BE Hendricks,1,2,1.0,0.0,0.0
829809,DA Miller,11,15,12.0,1.0,0.0
829809,F du Plessis,55,43,62.0,5.0,1.0
829809,GJ Bailey,12,7,14.0,2.0,0.0
829809,GJ Maxwell,6,14,7.0,1.0,0.0
829809,Gurkeerat Singh,15,15,18.0,3.0,0.0
829809,M Vohra,4,7,4.0,0.0,0.0
829809,MEK Hussey,1,4,1.0,0.0,0.0
829809,MS Dhoni,25,16,31.0,2.0,2.0
829809,R Dhawan,25,20,30.0,1.0,2.0
829809,SK Raina,41,37,45.0,4.0,0.0
829809,WP Saha,15,12,18.0,1.0,1.0
829811,AD Russell,37,22,45.0,4.0,2.0
829811,AM Rahane,37,22,44.0,3.0,2.0
829811,Azhar Mahmood,6,8,7.0,1.0,0.0
829811,CH Morris,4,5,4.0,0.0,0.0
829811,G Gambhir,1,3,1.0,0.0,0.0
829811,JP Faulkner,6,6,7.0,1.0,0.0
829811,KK Nair,16,10,19.0,3.0,0.0
829811,M Morkel,4,3,4.0,0.0,0.0
829811,MK Pandey,21,21,24.0,3.0,0.0
829811,PP Chawla,0,1,0.0,0.0,0.0
829811,RV Uthappa,14,9,17.0,3.0,0.0
829811,SA Yadav,0,1,0.0,0.0,0.0
829811,SPD Smith,14,11,16.0,2.0,0.0
829811,SR Watson,104,62,123.0,9.0,5.0
829811,SV Samson,8,9,9.0,1.0,0.0
829811,Shakib Al Hasan,13,14,15.0,2.0,0.0
829811,UT Yadav,24,13,30.0,4.0,1.0
829811,YK Pathan,44,39,51.0,5.0,1.0
829813,AD Mathews,1,3,1.0,0.0,0.0
829813,CH Gayle,1,5,1.0,0.0,0.0
829813,JP Duminy,67,44,77.0,4.0,3.0
829813,KM Jadhav,0,1,0.0,0.0,0.0
829813,Q de Kock,69,40,84.0,9.0,3.0
829813,SS Iyer,20,19,23.0,1.0,1.0
829813,SS Tiwary,13,9,15.0,0.0,1.0
829813,V Kohli,1,2,1.0,0.0,0.0
829813,Yuvraj Singh,11,7,13.0,0.0,1.0
829815,A Ashish Reddy,17,15,19.0,0.0,1.0
829815,B Kumar,0,2,0.0,0.0,0.0
829815,DA Warner,6,5,7.0,1.0,0.0
829815,DW Steyn,19,11,22.0,3.0,0.0
829815,EJG Morgan,9,15,10.0,1.0,0.0
829815,KL Rahul,25,26,27.0,2.0,0.0
829815,KV Sharma,15,21,15.0,0.0,0.0
829815,LMP Simmons,48,47,56.0,4.0,2.0
829815,MC Henriques,11,20,12.0,1.0,0.0
829815,NV Ojha,0,1,0.0,0.0,0.0
829815,P Kumar,4,6,4.0,0.0,0.0
829815,PA Patel,51,39,60.0,9.0,0.0
829815,RG Sharma,7,2,9.0,0.0,1.0
829815,S Dhawan,1,2,1.0,0.0,0.0
829817,A Nehra,0,1,0.0,0.0,0.0
829817,AT Rayudu,10,9,11.0,1.0,0.0
829817,DJ Bravo,20,15,24.0,2.0,1.0
829817,DR Smith,0,4,0.0,0.0,0.0
829817,F du Plessis,45,34,52.0,5.0,1.0
829817,HH Pandya,1,2,1.0,0.0,0.0
829817,Harbhajan Singh,6,6,7.0,1.0,0.0
829817,J Suchith,1,1,1.0,0.0,0.0
829817,KA Pollard,41,19,52.0,1.0,5.0
829817,LMP Simmons,65,53,78.0,3.0,5.0
829817,MEK Hussey,16,13,19.0,1.0,1.0
829817,MM Sharma,3,3,3.0,0.0,0.0
829817,MS Dhoni,0,1,0.0,0.0,0.0
829817,P Negi,3,3,3.0,0.0,0.0
829817,PA Patel,35,25,41.0,4.0,1.0
829817,R Ashwin,23,13,27.0,2.0,1.0
829817,RA Jadeja,19,11,22.0,1.0,1.0
829817,RG Sharma,19,14,22.0,1.0,1.0
829817,SK Raina,25,21,29.0,0.0,2.0
829819,AB de Villiers,66,40,78.0,4.0,4.0
829819,AM Rahane,42,40,46.0,4.0,0.0
829819,Ankit Sharma,7,5,8.0,1.0,0.0
829819,CH Gayle,27,28,33.0,4.0,1.0
829819,CH Morris,0,3,0.0,0.0,0.0
829819,DJ Hooda,11,14,11.0,0.0,0.0
829819,DS Kulkarni,3,10,3.0,0.0,0.0
829819,JP Faulkner,4,5,5.0,1.0,0.0
829819,KD Karthik,8,3,10.0,0.0,1.0
829819,KK Nair,12,13,14.0,2.0,0.0
829819,Mandeep Singh,54,35,65.0,7.0,2.0
829819,SN Khan,1,1,1.0,0.0,0.0
829819,SPD Smith,12,13,13.0,1.0,0.0
829819,SR Watson,10,5,12.0,2.0,0.0
829819,STR Binny,0,1,0.0,0.0,0.0
829819,SV Samson,5,8,5.0,0.0,0.0
829819,V Kohli,12,18,12.0,0.0,0.0
829821,AB de Villiers,1,3,1.0,0.0,0.0
829821,CH Gayle,41,45,49.0,2.0,3.0
829821,D Wiese,12,8,14.0,0.0,1.0
829821,DJ Bravo,0,1,0.0,0.0,0.0
829821,DR Smith,17,12,20.0,3.0,0.0
829821,F du Plessis,21,24,23.0,2.0,0.0
829821,HV Patel,2,3,2.0,0.0,0.0
829821,KD Karthik,28,27,32.0,4.0,0.0
829821,MA Starc,1,1,1.0,0.0,0.0
829821,MEK Hussey,56,46,63.0,3.0,2.0
829821,MS Dhoni,26,29,27.0,1.0,0.0
829821,Mandeep Singh,4,7,4.0,0.0,0.0
829821,P Negi,12,7,14.0,0.0,1.0
829821,R Ashwin,1,1,1.0,0.0,0.0
829821,S Aravind,0,1,0.0,0.0,0.0
829821,SK Raina,0,2,0.0,0.0,0.0
829821,SN Khan,31,21,35.0,4.0,0.0
829821,V Kohli,12,9,15.0,1.0,1.0
829823,AT Rayudu,36,24,42.0,0.0,3.0
829823,DJ Bravo,9,6,11.0,0.0,1.0
829823,DR Smith,57,48,68.0,9.0,1.0
829823,F du Plessis,1,3,1.0,0.0,0.0
829823,HH Pandya,0,2,0.0,0.0,0.0
829823,Harbhajan Singh,6,3,8.0,0.0,1.0
829823,KA Pollard,36,18,44.0,2.0,3.0
829823,LMP Simmons,68,45,82.0,8.0,3.0
829823,MEK Hussey,4,10,5.0,1.0,0.0
829823,MM Sharma,21,7,26.0,1.0,2.0
829823,MS Dhoni,18,13,21.0,1.0,1.0
829823,P Negi,3,6,3.0,0.0,0.0
829823,PA Patel,0,3,0.0,0.0,0.0
829823,R Ashwin,2,4,2.0,0.0,0.0
829823,RA Jadeja,11,8,12.0,1.0,0.0
829823,RG Sharma,50,26,60.0,6.0,2.0
829823,SK Raina,28,20,33.0,3.0,1.0
980901,AM Rahane,66,42,79.0,7.0,3.0
980901,AT Rayudu,22,28,24.0,2.0,0.0
980901,F du Plessis,34,36,41.0,1.0,3.0
980901,HH Pandya,9,13,11.0,2.0,0.0
980901,Harbhajan Singh,45,31,54.0,7.0,1.0
980901,JC Buttler,0,2,0.0,0.0,0.0
980901,KA Pollard,1,10,1.0,0.0,0.0
980901,KP Pietersen,21,14,25.0,0.0,2.0
980901,LMP Simmons,8,8,10.0,0.0,1.0
980901,MJ McClenaghan,2,2,2.0,0.0,0.0
980901,R Vinay Kumar,12,11,14.0,0.0,1.0
980901,RG Sharma,7,5,8.0,1.0,0.0
980901,S Gopal,2,16,2.0,0.0,0.0
980903,A Mishra,3,9,3.0,0.0,0.0
980903,CH Morris,11,10,13.0,2.0,0.0
980903,CR Brathwaite,6,5,8.0,0.0,1.0
980903,G Gambhir,38,43,43.0,5.0,0.0
980903,KK Nair,3,9,3.0,0.0,0.0
980903,MA Agarwal,9,12,10.0,1.0,0.0
980903,MK Pandey,15,12,18.0,3.0,0.0
980903,NM Coulter-Nile,7,11,8.0,1.0,0.0
980903,P Negi,11,19,13.0,0.0,1.0
980903,Q de Kock,17,10,20.0,1.0,1.0
980903,RV Uthappa,35,35,42.0,7.0,0.0
980903,SS Iyer,0,3,0.0,0.0,0.0
980903,SV Samson,15,13,17.0,2.0,0.0
980903,Z Khan,4,9,5.0,1.0,0.0
980905,AJ Finch,74,48,86.0,12.0,0.0
980905,AR Patel,4,2,4.0,0.0,0.0
980905,BB McCullum,0,2,0.0,0.0,0.0
980905,DA Miller,15,11,18.0,1.0,1.0
980905,DJ Bravo,2,2,2.0,0.0,0.0
980905,GJ Maxwell,2,4,2.0,0.0,0.0
980905,Ishan Kishan,11,8,13.0,2.0,0.0
980905,KD Karthik,41,26,48.0,7.0,0.0
980905,M Vijay,42,34,49.0,5.0,1.0
980905,M Vohra,38,24,46.0,4.0,2.0
980905,MP Stoinis,33,23,37.0,4.0,0.0
980905,RA Jadeja,8,12,8.0,0.0,0.0
980905,SK Raina,20,11,25.0,1.0,2.0
980905,WP Saha,20,26,20.0,0.0,0.0
980907,A Ashish Reddy,32,18,40.0,2.0,3.0
980907,AB de Villiers,82,44,101.0,7.0,6.0
980907,CH Gayle,1,5,1.0,0.0,0.0
980907,DA Warner,58,26,72.0,4.0,5.0
980907,DJ Hooda,6,7,7.0,1.0,0.0
980907,EJG Morgan,22,18,24.0,2.0,0.0
980907,KM Jadhav,8,6,9.0,1.0,0.0
980907,KV Sharma,26,18,31.0,3.0,1.0
980907,MC Henriques,19,24,21.0,2.0,0.0
980907,NV Ojha,0,5,0.0,0.0,0.0
980907,S Dhawan,8,9,9.0,1.0,0.0
980907,SN Khan,35,10,44.0,5.0,2.0
980907,SR Watson,19,9,25.0,0.0,3.0
980907,V Kohli,75,51,88.0,7.0,3.0
980909,AD Russell,36,18,45.0,1.0,4.0
980909,C Munro,4,6,4.0,0.0,0.0
980909,G Gambhir,64,56,70.0,4.0,1.0
980909,HH Pandya,9,11,9.0,0.0,0.0
980909,JC Buttler,41,22,50.0,3.0,3.0
980909,KA Pollard,1,1,1.0,0.0,0.0
980909,MJ McClenaghan,20,8,26.0,0.0,3.0
980909,MK Pandey,52,30,61.0,3.0,3.0
980909,PA Patel,23,22,27.0,4.0,0.0
980909,RG Sharma,84,55,100.0,10.0,3.0
980909,RV Uthappa,8,10,9.0,1.0,0.0
980909,SA Yadav,4,1,5.0,1.0,0.0
980909,YK Pathan,9,6,10.0,1.0,0.0
980911,AJ Finch,50,37,61.0,7.0,2.0
980911,AM Rahane,21,17,25.0,4.0,0.0
980911,BB McCullum,49,31,58.0,3.0,3.0
980911,DJ Bravo,22,10,27.0,3.0,1.0
980911,F du Plessis,69,43,82.0,5.0,4.0
980911,KP Pietersen,37,31,41.0,2.0,1.0
980911,MR Marsh,7,11,7.0,0.0,0.0
980911,MS Dhoni,22,10,26.0,2.0,1.0
980911,R Bhatia,0,2,0.0,0.0,0.0
980911,RA Jadeja,4,10,4.0,0.0,0.0
980911,SK Raina,24,25,25.0,1.0,0.0
980911,SPD Smith,5,6,5.0,0.0,0.0
980913,AR Patel,11,22,12.0,1.0,0.0
980913,DA Miller,9,10,10.0,1.0,0.0
980913,GJ Maxwell,0,3,0.0,0.0,0.0
980913,M Vijay,1,5,1.0,0.0,0.0
980913,M Vohra,32,25,37.0,5.0,0.0
980913,MG Johnson,4,12,4.0,0.0,0.0
980913,MM Sharma,15,9,18.0,1.0,1.0
980913,P Negi,8,2,10.0,0.0,1.0
980913,P Sahu,18,12,21.0,1.0,1.0
980913,Q de Kock,59,44,70.0,9.0,1.0
980913,SE Marsh,13,16,15.0,2.0,0.0
980913,SS Iyer,3,5,3.0,0.0,0.0
980913,SV Samson,33,33,38.0,3.0,1.0
980913,Sandeep Sharma,1,2,1.0,0.0,0.0
980913,WP Saha,3,7,3.0,0.0,0.0
980915,A Ashish Reddy,13,9,15.0,0.0,1.0
980915,AD Russell,2,5,2.0,0.0,0.0
980915,B Kumar,0,1,0.0,0.0,0.0
980915,DA Warner,13,14,15.0,2.0,0.0
980915,DJ Hooda,6,11,6.0,0.0,0.0
980915,EJG Morgan,51,43,58.0,3.0,2.0
980915,G Gambhir,90,62,105.0,13.0,1.0
980915,KV Sharma,2,2,2.0,0.0,0.0
980915,MC Henriques,6,10,7.0,1.0,0.0
980915,MK Pandey,11,11,11.0,0.0,0.0
980915,NV Ojha,37,28,43.0,2.0,2.0
980915,RV Uthappa,38,37,43.0,3.0,1.0
980915,S Dhawan,6,7,7.0,1.0,0.0
980917,AD Nath,12,11,13.0,1.0,0.0
980917,AJ Finch,67,55,76.0,7.0,1.0
980917,AT Rayudu,20,19,22.0,0.0,1.0
980917,BB McCullum,6,4,8.0,0.0,1.0
980917,DJ Bravo,2,6,2.0,0.0,0.0
980917,DS Kulkarni,6,3,7.0,1.0,0.0
980917,HH Pandya,2,6,2.0,0.0,0.0
980917,Harbhajan Singh,8,13,9.0,1.0,0.0
980917,JC Buttler,16,23,19.0,3.0,0.0
980917,JP Faulkner,7,8,8.0,1.0,0.0
980917,KA Pollard,1,3,1.0,0.0,0.0
980917,KD Karthik,9,12,10.0,1.0,0.0
980917,KH Pandya,20,12,23.0,3.0,0.0
980917,P Kumar,0,2,0.0,0.0,0.0
980917,PA Patel,34,30,40.0,2.0,2.0
980917,RG Sharma,7,9,8.0,1.0,0.0
980917,SK Raina,27,23,32.0,3.0,1.0
980917,TG Southee,25,12,30.0,1.0,2.0
980919,AM Rahane,9,11,11.0,2.0,0.0
980919,DA Miller,7,6,7.0,0.0,0.0
980919,F du Plessis,67,55,75.0,8.0,0.0
980919,GJ Maxwell,32,14,39.0,3.0,2.0
980919,IK Pathan,2,2,2.0,0.0,0.0
980919,KP Pietersen,15,15,17.0,2.0,0.0
980919,M Vijay,53,51,62.0,5.0,2.0
980919,M Vohra,51,33,58.0,7.0,0.0
980919,MS Dhoni,1,2,1.0,0.0,0.0
980919,NLTC Perera,8,9,9.0,1.0,0.0
980919,R Ashwin,1,2,1.0,0.0,0.0
980919,SE Marsh,4,6,4.0,0.0,0.0
980919,SPD Smith,38,27,43.0,5.0,0.0
980919,WP Saha,4,4,4.0,0.0,0.0
980921,AB de Villiers,55,33,66.0,9.0,1.0
980921,CH Gayle,0,3,0.0,0.0,0.0
980921,D Wiese,5,4,5.0,0.0,0.0
980921,JP Duminy,7,5,8.0,1.0,0.0
980921,KK Nair,54,44,62.0,6.0,1.0
980921,KM Jadhav,9,12,10.0,1.0,0.0
980921,Q de Kock,108,54,129.0,15.0,3.0
980921,SN Khan,1,2,1.0,0.0,0.0
980921,SR Watson,33,19,41.0,2.0,3.0
980921,SS Iyer,0,5,0.0,0.0,0.0
980921,SV Samson,9,14,9.0,0.0,0.0
980921,V Kohli,79,48,92.0,7.0,3.0
980923,AT Rayudu,54,50,61.0,3.0,2.0
980923,DA Warner,90,61,105.0,7.0,4.0
980923,DJ Hooda,17,9,19.0,2.0,0.0
980923,EJG Morgan,11,12,12.0,1.0,0.0
980923,HH Pandya,2,5,2.0,0.0,0.0
980923,Harbhajan Singh,1,4,1.0,0.0,0.0
980923,JC Buttler,11,11,12.0,1.0,0.0
980923,KH Pandya,49,29,58.0,3.0,3.0
980923,MC Henriques,20,22,23.0,1.0,1.0
980923,MJ Guptill,2,4,2.0,0.0,0.0
980923,PA Patel,10,15,12.0,2.0,0.0
980923,RG Sharma,5,8,5.0,0.0,0.0
980923,S Dhawan,2,4,2.0,0.0,0.0
980925,AR Patel,9,8,9.0,0.0,0.0
980925,DA Miller,6,7,7.0,1.0,0.0
980925,G Gambhir,34,35,37.0,3.0,0.0
980925,GJ Maxwell,4,9,4.0,0.0,0.0
980925,KJ Abbott,12,6,14.0,0.0,1.0
980925,M Vijay,26,22,30.0,4.0,0.0
980925,M Vohra,8,13,8.0,0.0,0.0
980925,MK Pandey,12,11,13.0,1.0,0.0
980925,MM Sharma,1,3,1.0,0.0,0.0
980925,P Sahu,1,1,1.0,0.0,0.0
980925,RV Uthappa,53,29,62.0,9.0,0.0
980925,SA Yadav,11,9,13.0,2.0,0.0
980925,SE Marsh,56,41,63.0,5.0,1.0
980925,Shakib Al Hasan,11,15,12.0,1.0,0.0
980925,WP Saha,8,15,8.0,0.0,0.0
980925,YK Pathan,12,7,14.0,2.0,0.0
980927,AB de Villiers,29,22,34.0,3.0,1.0
980927,AT Rayudu,31,24,36.0,5.0,0.0
980927,HH Pandya,2,3,2.0,0.0,0.0
980927,JC Buttler,28,14,34.0,2.0,2.0
980927,KA Pollard,39,20,49.0,4.0,3.0
980927,KL Rahul,23,14,29.0,2.0,2.0
980927,KW Richardson,1,1,1.0,0.0,0.0
980927,PA Patel,5,6,6.0,1.0,0.0
980927,RG Sharma,62,44,72.0,4.0,3.0
980927,SN Khan,28,18,34.0,2.0,2.0
980927,SR Watson,5,10,5.0,0.0,0.0
980927,STR Binny,1,2,1.0,0.0,0.0
980927,TM Head,37,25,43.0,2.0,2.0
980927,V Kohli,33,34,36.0,3.0,0.0
980929,AD Nath,5,10,5.0,0.0,0.0
980929,AJ Finch,0,4,0.0,0.0,0.0
980929,BB McCullum,18,17,21.0,1.0,1.0
980929,DA Warner,74,50,83.0,9.0,0.0
980929,DJ Bravo,8,12,8.0,0.0,0.0
980929,DW Steyn,1,2,1.0,0.0,0.0
980929,KD Karthik,8,10,9.0,1.0,0.0
980929,P Kumar,1,1,1.0,0.0,0.0
980929,RA Jadeja,14,16,14.0,0.0,0.0
980929,S Dhawan,53,44,58.0,5.0,0.0
980929,SK Raina,75,51,84.0,9.0,0.0
980931,AB de Villiers,83,46,97.0,6.0,4.0
980931,AM Rahane,60,47,68.0,8.0,0.0
980931,Ankit Sharma,3,3,3.0,0.0,0.0
980931,F du Plessis,2,3,2.0,0.0,0.0
980931,KL Rahul,7,10,8.0,1.0,0.0
980931,KP Pietersen,0,1,0.0,0.0,0.0
980931,M Ashwin,0,1,0.0,0.0,0.0
980931,MS Dhoni,41,40,44.0,3.0,0.0
980931,NLTC Perera,34,15,43.0,3.0,3.0
980931,R Ashwin,0,1,0.0,0.0,0.0
980931,R Bhatia,21,11,24.0,1.0,1.0
980931,SN Khan,2,1,2.0,0.0,0.0
980931,SPD Smith,4,4,5.0,1.0,0.0
980931,SR Watson,1,1,1.0,0.0,0.0
980931,V Kohli,80,70,91.0,7.0,2.0
980933,AT Rayudu,25,23,29.0,4.0,0.0
980933,HH Pandya,2,2,2.0,0.0,0.0
980933,Harbhajan Singh,0,1,0.0,0.0,0.0
980933,JC Buttler,2,6,2.0,0.0,0.0
980933,JP Duminy,49,31,56.0,3.0,2.0
980933,KA Pollard,19,20,21.0,0.0,1.0
980933,KH Pandya,36,17,44.0,4.0,2.0
980933,KK Nair,5,5,6.0,1.0,0.0
980933,P Negi,10,13,11.0,1.0,0.0
980933,PA Patel,1,4,1.0,0.0,0.0
980933,Q de Kock,9,7,11.0,2.0,0.0
980933,RG Sharma,65,48,74.0,7.0,1.0
980933,SS Iyer,19,22,22.0,1.0,1.0
980933,SV Samson,60,51,68.0,4.0,2.0
980933,TG Southee,1,1,1.0,0.0,0.0
980935,AP Tare,0,1,0.0,0.0,0.0
980935,AR Patel,36,17,43.0,1.0,3.0
980935,DA Miller,9,11,10.0,1.0,0.0
980935,DA Warner,59,32,72.0,7.0,3.0
980935,DJ Hooda,5,7,5.0,0.0,0.0
980935,EJG Morgan,25,20,29.0,2.0,1.0
980935,GJ Maxwell,1,2,1.0,0.0,0.0
980935,M Vijay,2,3,2.0,0.0,0.0
980935,M Vohra,25,24,30.0,3.0,1.0
980935,MC Henriques,5,4,6.0,1.0,0.0
980935,NS Naik,22,30,23.0,1.0,0.0
980935,NV Ojha,2,2,2.0,0.0,0.0
980935,R Dhawan,3,2,3.0,0.0,0.0
980935,S Dhawan,45,46,49.0,4.0,0.0
980935,SE Marsh,40,34,47.0,3.0,2.0
980937,AB de Villiers,20,16,22.0,2.0,0.0
980937,BB McCullum,42,25,51.0,5.0,2.0
980937,DJ Bravo,4,1,5.0,1.0,0.0
980937,DR Smith,32,22,39.0,3.0,2.0
980937,KD Karthik,50,40,53.0,3.0,0.0
980937,KL Rahul,51,36,61.0,4.0,3.0
980937,RA Jadeja,12,11,14.0,0.0,1.0
980937,SK Raina,28,25,31.0,3.0,0.0
980937,SR Watson,6,6,7.0,1.0,0.0
980937,V Kohli,100,64,113.0,11.0,1.0
980939,AD Russell,17,12,21.0,0.0,2.0
980939,AM Rahane,67,52,77.0,4.0,3.0
980939,F du Plessis,4,9,4.0,0.0,0.0
980939,G Gambhir,11,5,13.0,2.0,0.0
980939,JA Morkel,16,9,20.0,0.0,2.0
980939,MS Dhoni,23,12,27.0,2.0,1.0
980939,NLTC Perera,12,9,14.0,0.0,1.0
980939,PP Chawla,8,5,9.0,1.0,0.0
980939,R Bhatia,1,1,1.0,0.0,0.0
980939,R Sathish,10,8,12.0,0.0,1.0
980939,RV Uthappa,0,1,0.0,0.0,0.0
980939,SA Yadav,60,54,70.0,6.0,2.0
980939,SPD Smith,31,28,33.0,2.0,0.0
980939,Shakib Al Hasan,3,9,3.0,0.0,0.0
980939,UT Yadav,7,3,9.0,0.0,1.0
980939,YK Pathan,36,27,42.0,2.0,2.0
980941,AR Patel,0,2,0.0,0.0,0.0
980941,AT Rayudu,65,37,77.0,4.0,4.0
980941,DA Miller,30,19,35.0,1.0,2.0
980941,GJ Maxwell,56,39,63.0,5.0,1.0
980941,HH Pandya,4,2,5.0,1.0,0.0
980941,JC Buttler,24,14,29.0,3.0,1.0
980941,KA Pollard,10,9,10.0,0.0,0.0
980941,M Vijay,19,13,23.0,2.0,1.0
980941,M Vohra,7,11,7.0,0.0,0.0
980941,MG Johnson,1,2,1.0,0.0,0.0
980941,NS Naik,1,3,1.0,0.0,0.0
980941,PA Patel,81,60,95.0,10.0,2.0
980941,RG Sharma,0,2,0.0,0.0,0.0
980941,SE Marsh,45,34,50.0,3.0,1.0
980943,AM Rahane,0,5,0.0,0.0,0.0
980943,AP Tare,8,14,9.0,1.0,0.0
980943,B Kumar,21,9,26.0,3.0,1.0
980943,Bipul Sharma,5,5,5.0,0.0,0.0
980943,DA Warner,0,4,0.0,0.0,0.0
980943,DJ Hooda,1,9,1.0,0.0,0.0
980943,EJG Morgan,0,2,0.0,0.0,0.0
980943,F du Plessis,30,23,37.0,3.0,2.0
980943,MC Henriques,1,4,1.0,0.0,0.0
980943,MS Dhoni,5,4,6.0,1.0,0.0
980943,NV Ojha,18,21,20.0,0.0,1.0
980943,S Dhawan,56,55,60.0,2.0,1.0
980943,SPD Smith,46,41,53.0,7.0,0.0
980945,BB McCullum,60,36,72.0,6.0,3.0
980945,CH Morris,82,33,102.0,4.0,8.0
980945,DJ Bravo,7,7,7.0,0.0,0.0
980945,DR Smith,53,30,64.0,5.0,3.0
980945,Ishan Kishan,2,6,2.0,0.0,0.0
980945,JP Duminy,48,43,53.0,3.0,1.0
980945,JP Faulkner,22,13,24.0,2.0,0.0
980945,KD Karthik,19,17,22.0,1.0,1.0
980945,KK Nair,9,7,10.0,1.0,0.0
980945,P Negi,3,4,3.0,0.0,0.0
980945,Q de Kock,5,11,6.0,1.0,0.0
980945,RA Jadeja,4,7,4.0,0.0,0.0
980945,RR Pant,20,17,22.0,2.0,0.0
980945,SK Raina,2,5,2.0,0.0,0.0
980945,SV Samson,1,6,1.0,0.0,0.0
980947,AD Russell,22,16,25.0,3.0,0.0
980947,AT Rayudu,32,22,39.0,5.0,1.0
980947,CA Lynn,10,10,10.0,0.0,0.0
980947,G Gambhir,59,45,67.0,6.0,1.0
980947,JC Buttler,15,15,17.0,2.0,0.0
980947,KA Pollard,51,20,65.0,2.0,6.0
980947,KH Pandya,6,5,7.0,1.0,0.0
980947,PA Patel,1,2,1.0,0.0,0.0
980947,RG Sharma,68,49,80.0,8.0,2.0
980947,RV Uthappa,36,20,41.0,1.0,2.0
980947,SA Yadav,21,17,23.0,2.0,0.0
980947,Shakib Al Hasan,6,4,7.0,1.0,0.0
980947,YK Pathan,19,8,23.0,4.0,0.0
980949,AM Rahane,53,47,58.0,5.0,0.0
980949,BB McCullum,43,24,52.0,5.0,2.0
980949,DJ Bravo,7,7,8.0,1.0,0.0
980949,DR Smith,63,39,74.0,9.0,1.0
980949,Ishan Kishan,0,1,0.0,0.0,0.0
980949,JP Faulkner,9,6,10.0,1.0,0.0
980949,KD Karthik,33,21,37.0,4.0,0.0
980949,MS Dhoni,30,20,36.0,2.0,2.0
980949,NLTC Perera,3,2,3.0,0.0,0.0
980949,RA Jadeja,0,1,0.0,0.0,0.0
980949,SK Raina,34,28,36.0,2.0,0.0
980949,SPD Smith,101,54,119.0,8.0,5.0
980949,SS Tiwary,1,2,1.0,0.0,0.0
980951,AD Russell,17,14,21.0,2.0,1.0
980951,CH Morris,0,2,0.0,0.0,0.0
980951,CR Brathwaite,34,11,43.0,3.0,3.0
980951,G Gambhir,6,8,6.0,0.0,0.0
980951,JO Holder,0,1,0.0,0.0,0.0
980951,KK Nair,68,51,79.0,9.0,1.0
980951,Mohammed Shami,0,1,0.0,0.0,0.0
980951,PP Chawla,8,5,10.0,2.0,0.0
980951,Q de Kock,1,3,1.0,0.0,0.0
980951,R Sathish,6,7,7.0,1.0,0.0
980951,RR Pant,4,4,4.0,0.0,0.0
980951,RV Uthappa,72,53,82.0,6.0,2.0
980951,SA Yadav,21,13,24.0,1.0,1.0
980951,SP Narine,4,4,4.0,0.0,0.0
980951,SS Iyer,0,1,0.0,0.0,0.0
980951,SV Samson,15,16,17.0,2.0,0.0
980951,SW Billings,54,34,61.0,3.0,2.0
980951,UT Yadav,2,3,2.0,0.0,0.0
980951,YK Pathan,10,9,11.0,1.0,0.0
980953,A Ashish Reddy,2,3,2.0,0.0,0.0
980953,AB de Villiers,47,33,54.0,3.0,2.0
980953,DA Warner,92,52,111.0,9.0,5.0
980953,DJ Hooda,2,3,2.0,0.0,0.0
980953,KL Rahul,51,29,59.0,6.0,1.0
980953,KM Jadhav,25,15,29.0,0.0,2.0
980953,KS Williamson,50,38,57.0,7.0,0.0
980953,MC Henriques,31,14,38.0,1.0,3.0
980953,NV Ojha,1,3,1.0,0.0,0.0
980953,Parvez Rasool,10,9,11.0,1.0,0.0
980953,S Dhawan,11,11,13.0,2.0,0.0
980953,SR Watson,2,3,2.0,0.0,0.0
980953,Sachin Baby,27,16,32.0,3.0,1.0
980953,V Kohli,14,17,15.0,1.0,0.0
980955,AR Patel,0,2,0.0,0.0,0.0
980955,BB McCullum,1,3,1.0,0.0,0.0
980955,DA Miller,31,27,33.0,2.0,0.0
980955,DJ Bravo,0,1,0.0,0.0,0.0
980955,DR Smith,15,19,18.0,1.0,1.0
980955,DS Kulkarni,6,4,6.0,0.0,0.0
980955,GJ Maxwell,0,1,0.0,0.0,0.0
980955,Gurkeerat Singh,0,3,0.0,0.0,0.0
980955,Ishan Kishan,27,24,30.0,3.0,0.0
980955,JP Faulkner,32,27,35.0,3.0,0.0
980955,KC Cariappa,1,3,1.0,0.0,0.0
980955,KD Karthik,2,5,2.0,0.0,0.0
980955,M Vijay,55,42,61.0,6.0,0.0
980955,MM Sharma,1,2,1.0,0.0,0.0
980955,MP Stoinis,27,19,32.0,3.0,1.0
980955,P Kumar,15,13,17.0,2.0,0.0
980955,RA Jadeja,11,12,11.0,0.0,0.0
980955,SE Marsh,1,3,1.0,0.0,0.0
980955,SK Raina,18,15,22.0,2.0,1.0
980955,Sandeep Sharma,1,1,1.0,0.0,0.0
980955,WP Saha,33,19,37.0,4.0,0.0
980957,AM Rahane,4,6,4.0,0.0,0.0
980957,AT Rayudu,22,19,25.0,1.0,1.0
980957,JC Buttler,27,17,31.0,2.0,1.0
980957,MS Dhoni,24,25,26.0,2.0,0.0
980957,NLTC Perera,12,10,14.0,0.0,1.0
980957,PA Patel,21,16,25.0,4.0,0.0
980957,PSP Handscomb,6,12,6.0,0.0,0.0
980957,R Bhatia,3,2,3.0,0.0,0.0
980957,RG Sharma,85,61,99.0,8.0,3.0
980957,SPD Smith,45,24,55.0,4.0,3.0
980957,SS Tiwary,57,48,65.0,4.0,2.0
980959,AB de Villiers,4,6,4.0,0.0,0.0
980959,AD Russell,39,27,48.0,1.0,4.0
980959,CA Lynn,15,13,17.0,0.0,1.0
980959,CH Gayle,7,7,9.0,0.0,1.0
980959,G Gambhir,37,33,43.0,4.0,1.0
980959,KL Rahul,52,33,62.0,6.0,2.0
980959,MK Pandey,8,12,8.0,0.0,0.0
980959,RV Uthappa,1,4,1.0,0.0,0.0
980959,SA Yadav,10,5,12.0,2.0,0.0
980959,SR Watson,34,21,41.0,5.0,1.0
980959,STR Binny,16,4,21.0,1.0,2.0
980959,Sachin Baby,16,9,20.0,2.0,1.0
980959,V Kohli,52,44,56.0,4.0,0.0
980959,YK Pathan,60,30,72.0,6.0,3.0
980961,AJ Finch,5,6,6.0,1.0,0.0
980961,BB McCullum,1,4,1.0,0.0,0.0
980961,DR Smith,15,14,18.0,3.0,0.0
980961,Ishan Kishan,2,2,2.0,0.0,0.0
980961,JP Duminy,13,7,15.0,2.0,0.0
980961,JP Faulkner,7,6,7.0,0.0,0.0
980961,KD Karthik,53,43,58.0,5.0,0.0
980961,Q de Kock,46,46,52.0,4.0,1.0
980961,RA Jadeja,36,27,42.0,4.0,1.0
980961,RR Pant,69,40,82.0,9.0,2.0
980961,SK Raina,24,21,27.0,1.0,1.0
980961,SV Samson,19,13,22.0,1.0,1.0
980963,AD Russell,16,13,19.0,1.0,1.0
980963,AR Patel,21,7,26.0,1.0,2.0
980963,DA Miller,13,18,13.0,0.0,0.0
980963,G Gambhir,54,45,62.0,6.0,1.0
980963,GJ Maxwell,68,43,82.0,6.0,4.0
980963,Gurkeerat Singh,11,12,12.0,1.0,0.0
980963,M Vijay,6,12,7.0,1.0,0.0
980963,M Vohra,0,6,0.0,0.0,0.0
980963,MM Sharma,1,1,1.0,0.0,0.0
980963,MP Stoinis,0,3,0.0,0.0,0.0
980963,RV Uthappa,70,49,80.0,6.0,2.0
980963,Sandeep Sharma,1,1,1.0,0.0,0.0
980963,Swapnil Singh,0,1,0.0,0.0,0.0
980963,WP Saha,24,20,27.0,3.0,0.0
980963,YK Pathan,19,16,21.0,0.0,1.0
980965,AM Rahane,63,51,70.0,7.0,0.0
980965,CR Brathwaite,20,8,26.0,0.0,3.0
980965,J Yadav,1,5,1.0,0.0,0.0
980965,JP Duminy,34,33,35.0,1.0,0.0
980965,KK Nair,32,23,37.0,5.0,0.0
980965,MS Dhoni,27,20,32.0,1.0,2.0
980965,Mohammed Shami,2,3,2.0,0.0,0.0
980965,NLTC Perera,14,5,18.0,0.0,2.0
980965,P Negi,19,12,22.0,1.0,1.0
980965,RR Pant,2,9,2.0,0.0,0.0
980965,SS Tiwary,21,18,24.0,1.0,1.0
980965,SV Samson,20,17,23.0,3.0,0.0
980965,SW Billings,24,17,29.0,1.0,2.0
980965,UT Khawaja,30,27,34.0,2.0,1.0
980967,AJ Finch,51,43,56.0,3.0,1.0
980967,BB McCullum,7,21,7.0,0.0,0.0
980967,DA Warner,24,18,29.0,1.0,2.0
980967,DJ Bravo,18,22,19.0,1.0,0.0
980967,DJ Hooda,18,12,20.0,2.0,0.0
980967,DR Smith,1,9,1.0,0.0,0.0
980967,KD Karthik,0,3,0.0,0.0,0.0
980967,KS Williamson,6,9,7.0,1.0,0.0
980967,MC Henriques,14,17,16.0,2.0,0.0
980967,NV Ojha,9,7,10.0,1.0,0.0
980967,P Kumar,6,4,7.0,1.0,0.0
980967,RA Jadeja,18,13,20.0,2.0,0.0
980967,S Dhawan,47,40,53.0,6.0,0.0
980967,SK Raina,20,10,25.0,1.0,2.0
980967,Yuvraj Singh,5,14,5.0,0.0,0.0
980969,AB de Villiers,1,3,1.0,0.0,0.0
980969,AM Rahane,74,49,86.0,8.0,2.0
980969,GJ Bailey,0,2,0.0,0.0,0.0
980969,KL Rahul,38,35,43.0,1.0,2.0
980969,MS Dhoni,9,9,11.0,0.0,1.0
980969,NLTC Perera,14,8,17.0,1.0,1.0
980969,R Ashwin,10,5,12.0,0.0,1.0
980969,R Bhatia,9,4,11.0,0.0,1.0
980969,SR Watson,36,13,45.0,5.0,2.0
980969,SS Tiwary,52,43,61.0,9.0,0.0
980969,TM Head,6,9,6.0,0.0,0.0
980969,UT Khawaja,16,6,20.0,2.0,1.0
980969,V Kohli,108,58,130.0,8.0,7.0
980971,AR Patel,16,6,20.0,0.0,2.0
980971,CH Morris,17,12,19.0,0.0,1.0
980971,CR Brathwaite,12,6,15.0,1.0,1.0
980971,DA Miller,11,7,12.0,1.0,0.0
980971,GJ Maxwell,16,12,18.0,0.0,1.0
980971,HM Amla,1,5,1.0,0.0,0.0
980971,KK Nair,23,26,24.0,1.0,0.0
980971,M Vijay,25,16,29.0,4.0,0.0
980971,MP Stoinis,52,44,59.0,3.0,2.0
980971,Q de Kock,52,31,62.0,6.0,2.0
980971,RR Pant,4,3,5.0,1.0,0.0
980971,SV Samson,49,35,55.0,4.0,1.0
980971,SW Billings,6,9,6.0,0.0,0.0
980971,WP Saha,52,33,59.0,7.0,0.0
980973,AT Rayudu,6,6,7.0,1.0,0.0
980973,DA Warner,48,35,57.0,7.0,1.0
980973,HH Pandya,7,16,7.0,0.0,0.0
980973,Harbhajan Singh,21,26,23.0,2.0,0.0
980973,JC Buttler,2,2,2.0,0.0,0.0
980973,JJ Bumrah,6,9,7.0,1.0,0.0
980973,KA Pollard,11,13,13.0,2.0,0.0
980973,KH Pandya,17,11,21.0,2.0,1.0
980973,KS Williamson,2,5,2.0,0.0,0.0
980973,MC Henriques,1,2,1.0,0.0,0.0
980973,MJ McClenaghan,8,9,9.0,1.0,0.0
980973,PA Patel,0,4,0.0,0.0,0.0
980973,RG Sharma,5,3,6.0,1.0,0.0
980973,S Dhawan,82,57,94.0,10.0,1.0
980973,TG Southee,3,4,3.0,0.0,0.0
980973,Yuvraj Singh,39,24,46.0,3.0,2.0
980975,AJ Finch,29,10,36.0,3.0,2.0
980975,BB McCullum,29,24,36.0,3.0,2.0
980975,DR Smith,27,19,33.0,4.0,1.0
980975,G Gambhir,5,6,5.0,0.0,0.0
980975,KD Karthik,51,29,61.0,8.0,1.0
980975,MK Pandey,0,2,0.0,0.0,0.0
980975,RA Jadeja,9,9,11.0,0.0,1.0
980975,RV Uthappa,14,10,17.0,3.0,0.0
980975,SA Yadav,4,12,4.0,0.0,0.0
980975,SK Raina,14,18,15.0,1.0,0.0
980975,Shakib Al Hasan,66,50,78.0,4.0,4.0
980975,YK Pathan,63,43,72.0,7.0,1.0
980977,AB de Villiers,64,35,73.0,5.0,2.0
980977,DA Miller,0,1,0.0,0.0,0.0
980977,F Behardien,9,7,10.0,1.0,0.0
980977,HM Amla,21,20,23.0,2.0,0.0
980977,KL Rahul,42,26,50.0,6.0,1.0
980977,M Vijay,89,59,103.0,12.0,1.0
980977,MP Stoinis,34,22,39.0,3.0,1.0
980977,SR Watson,1,3,1.0,0.0,0.0
980977,Sachin Baby,33,31,34.0,1.0,0.0
980977,TM Head,11,8,12.0,1.0,0.0
980977,V Kohli,20,21,22.0,2.0,0.0
980977,WP Saha,16,13,17.0,1.0,0.0
980979,A Zampa,0,1,0.0,0.0,0.0
980979,AM Rahane,0,3,0.0,0.0,0.0
980979,B Kumar,1,2,1.0,0.0,0.0
980979,BB Sran,1,1,1.0,0.0,0.0
980979,DA Warner,11,15,13.0,0.0,1.0
980979,DJ Hooda,14,5,18.0,0.0,2.0
980979,GJ Bailey,34,40,39.0,3.0,1.0
980979,KS Williamson,32,39,35.0,3.0,0.0
980979,MC Henriques,10,8,11.0,1.0,0.0
980979,MS Dhoni,30,20,35.0,1.0,2.0
980979,NLTC Perera,17,14,19.0,0.0,1.0
980979,NV Ojha,7,5,8.0,1.0,0.0
980979,R Ashwin,29,25,32.0,3.0,0.0
980979,S Dhawan,33,27,39.0,2.0,2.0
980979,SS Tiwary,9,10,10.0,1.0,0.0
980979,UT Khawaja,11,8,13.0,2.0,0.0
980979,Yuvraj Singh,23,21,28.0,1.0,2.0
980981,AB de Villiers,24,27,27.0,1.0,1.0
980981,AT Rayudu,44,48,50.0,2.0,2.0
980981,CH Gayle,5,6,6.0,1.0,0.0
980981,JC Buttler,29,12,36.0,1.0,3.0
980981,KA Pollard,35,23,42.0,3.0,2.0
980981,KL Rahul,68,54,79.0,3.0,4.0
980981,N Rana,9,11,11.0,0.0,1.0
980981,PA Patel,1,2,1.0,0.0,0.0
980981,RG Sharma,25,26,28.0,3.0,0.0
980981,SR Watson,15,14,18.0,1.0,1.0
980981,Sachin Baby,25,13,31.0,2.0,2.0
980981,V Kohli,7,8,9.0,0.0,1.0
980983,A Nehra,1,1,1.0,0.0,0.0
980983,B Kumar,1,2,1.0,0.0,0.0
980983,BB Sran,1,1,1.0,0.0,0.0
980983,DA Warner,46,31,54.0,6.0,1.0
980983,DJ Hooda,10,9,11.0,1.0,0.0
980983,KK Nair,20,17,23.0,3.0,0.0
980983,KS Williamson,27,26,30.0,3.0,0.0
980983,MA Agarwal,10,9,12.0,2.0,0.0
980983,MC Henriques,0,1,0.0,0.0,0.0
980983,NV Ojha,7,9,8.0,1.0,0.0
980983,Q de Kock,44,32,53.0,5.0,2.0
980983,RR Pant,39,27,47.0,2.0,3.0
980983,S Dhawan,34,37,37.0,3.0,0.0
980983,SV Samson,34,27,38.0,0.0,2.0
980983,Yuvraj Singh,8,8,10.0,0.0,1.0
980985,AT Rayudu,0,3,0.0,0.0,0.0
980985,GJ Maxwell,0,2,0.0,0.0,0.0
980985,Gurkeerat Singh,6,4,7.0,1.0,0.0
980985,HM Amla,0,5,0.0,0.0,0.0
980985,Harbhajan Singh,14,10,17.0,1.0,1.0
980985,JC Buttler,9,10,10.0,1.0,0.0
980985,JJ Bumrah,2,2,2.0,0.0,0.0
980985,KA Pollard,27,20,33.0,0.0,3.0
980985,KH Pandya,19,12,22.0,1.0,1.0
980985,M Vijay,54,55,61.0,5.0,1.0
980985,MJ McClenaghan,4,4,5.0,1.0,0.0
980985,N Rana,25,29,31.0,0.0,3.0
980985,RG Sharma,15,24,16.0,1.0,0.0
980985,TG Southee,1,3,1.0,0.0,0.0
980985,UBT Chand,0,5,0.0,0.0,0.0
980985,WP Saha,56,40,64.0,6.0,1.0
980987,AB de Villiers,129,53,163.0,10.0,12.0
980987,AD Nath,3,6,3.0,0.0,0.0
980987,AJ Finch,37,42,42.0,3.0,1.0
980987,BB McCullum,11,13,13.0,2.0,0.0
980987,CH Gayle,6,13,7.0,1.0,0.0
980987,DJ Bravo,1,2,1.0,0.0,0.0
980987,DR Smith,7,6,8.0,1.0,0.0
980987,DS Kulkarni,2,3,2.0,0.0,0.0
980987,KD Karthik,2,4,2.0,0.0,0.0
980987,P Kumar,1,4,1.0,0.0,0.0
980987,PV Tambe,7,19,8.0,1.0,0.0
980987,RA Jadeja,21,20,25.0,2.0,1.0
980987,S Kaushik,0,1,0.0,0.0,0.0
980987,SR Watson,0,1,0.0,0.0,0.0
980987,V Kohli,109,55,131.0,6.0,8.0
980989,AM Rahane,2,6,2.0,0.0,0.0
980989,G Gambhir,0,1,0.0,0.0,0.0
980989,GJ Bailey,33,27,38.0,3.0,1.0
980989,IK Pathan,7,9,7.0,0.0,0.0
980989,MK Pandey,15,11,16.0,1.0,0.0
980989,MS Dhoni,8,22,8.0,0.0,0.0
980989,NLTC Perera,13,11,15.0,0.0,1.0
980989,R Ashwin,0,4,0.0,0.0,0.0
980989,RV Uthappa,4,2,5.0,1.0,0.0
980989,SS Tiwary,13,12,14.0,1.0,0.0
980989,UT Khawaja,21,17,24.0,3.0,0.0
980989,YK Pathan,37,20,47.0,4.0,3.0
980991,BCJ Cutting,18,11,22.0,0.0,2.0
980991,DA Miller,20,9,24.0,2.0,1.0
980991,DA Warner,52,42,59.0,5.0,1.0
980991,DJ Hooda,34,22,39.0,3.0,1.0
980991,Gurkeerat Singh,27,20,31.0,4.0,0.0
980991,HM Amla,96,56,114.0,14.0,2.0
980991,M Vijay,6,12,6.0,0.0,0.0
980991,S Dhawan,25,23,29.0,4.0,0.0
980991,WP Saha,27,23,30.0,3.0,0.0
980991,Yuvraj Singh,42,25,51.0,3.0,3.0
980993,A Mishra,1,5,1.0,0.0,0.0
980993,AT Rayudu,13,5,16.0,1.0,1.0
980993,CH Morris,20,16,24.0,2.0,1.0
980993,Imran Tahir,5,7,6.0,1.0,0.0
980993,JC Buttler,18,9,22.0,2.0,1.0
980993,JP Duminy,9,9,10.0,1.0,0.0
980993,KA Pollard,3,6,3.0,0.0,0.0
980993,KH Pandya,86,38,105.0,7.0,6.0
980993,KK Nair,8,8,9.0,1.0,0.0
980993,MA Agarwal,8,5,10.0,0.0,1.0
980993,MJ Guptill,48,42,56.0,2.0,3.0
980993,Q de Kock,40,29,48.0,4.0,2.0
980993,RG Sharma,31,21,38.0,1.0,3.0
980993,RR Pant,23,17,27.0,2.0,1.0
980993,S Nadeem,1,5,1.0,0.0,0.0
980993,SV Samson,6,11,6.0,0.0,0.0
980993,Z Khan,2,4,2.0,0.0,0.0
980995,AB de Villiers,59,32,70.0,5.0,3.0
980995,AD Russell,39,20,47.0,2.0,3.0
980995,CH Gayle,49,31,62.0,5.0,4.0
980995,G Gambhir,51,34,58.0,7.0,0.0
980995,MK Pandey,50,38,59.0,5.0,2.0
980995,RV Uthappa,2,4,2.0,0.0,0.0
980995,SA Yadav,5,5,6.0,1.0,0.0
980995,Shakib Al Hasan,18,12,21.0,1.0,1.0
980995,V Kohli,75,51,86.0,5.0,3.0
980995,YK Pathan,6,12,6.0,0.0,0.0
980997,AM Rahane,42,36,49.0,5.0,1.0
980997,CH Morris,38,22,46.0,4.0,2.0
980997,GJ Bailey,8,19,9.0,1.0,0.0
980997,JP Duminy,14,14,15.0,1.0,0.0
980997,KK Nair,41,43,46.0,5.0,0.0
980997,NM Coulter-Nile,2,3,2.0,0.0,0.0
980997,Q de Kock,2,8,2.0,0.0,0.0
980997,RR Pant,4,9,4.0,0.0,0.0
980997,SS Iyer,8,10,9.0,1.0,0.0
980997,SV Samson,10,13,10.0,0.0,0.0
980997,UT Khawaja,19,16,23.0,4.0,0.0
980999,AB de Villiers,0,2,0.0,0.0,0.0
980999,AR Patel,13,12,16.0,1.0,1.0
980999,CH Gayle,73,35,93.0,4.0,8.0
980999,DA Miller,3,8,3.0,0.0,0.0
980999,F Behardien,0,1,0.0,0.0,0.0
980999,Gurkeerat Singh,18,18,20.0,2.0,0.0
980999,HM Amla,9,6,11.0,0.0,1.0
980999,KC Cariappa,12,8,14.0,0.0,1.0
980999,KJ Abbott,0,1,0.0,0.0,0.0
980999,KL Rahul,16,7,19.0,3.0,0.0
980999,M Vijay,16,8,20.0,2.0,1.0
980999,MM Sharma,14,12,16.0,2.0,0.0
980999,SR Watson,1,2,1.0,0.0,0.0
980999,Sandeep Sharma,5,5,5.0,0.0,0.0
980999,V Kohli,113,51,141.0,12.0,8.0
980999,WP Saha,24,10,29.0,5.0,0.0
981001,AJ Finch,26,26,31.0,1.0,2.0
981001,BB McCullum,6,5,8.0,0.0,1.0
981001,DR Smith,0,1,0.0,0.0,0.0
981001,G Gambhir,8,8,9.0,1.0,0.0
981001,JO Holder,13,9,16.0,1.0,1.0
981001,KD Karthik,12,8,14.0,2.0,0.0
981001,M Morkel,1,1,1.0,0.0,0.0
981001,MK Pandey,1,3,1.0,0.0,0.0
981001,PP Chawla,11,16,12.0,1.0,0.0
981001,RA Jadeja,11,10,12.0,1.0,0.0
981001,RV Uthappa,25,22,30.0,3.0,1.0
981001,SA Yadav,17,14,20.0,1.0,1.0
981001,SK Raina,53,39,62.0,7.0,1.0
981001,SP Narine,2,7,2.0,0.0,0.0
981001,Shakib Al Hasan,3,8,3.0,0.0,0.0
981001,YK Pathan,36,37,41.0,3.0,1.0
981003,B Kumar,13,7,15.0,2.0,0.0
981003,CR Brathwaite,10,8,12.0,2.0,0.0
981003,DA Warner,73,56,83.0,8.0,1.0
981003,DJ Hooda,1,1,1.0,0.0,0.0
981003,EJG Morgan,14,10,16.0,0.0,1.0
981003,JP Duminy,17,15,18.0,1.0,0.0
981003,KK Nair,83,61,97.0,8.0,3.0
981003,MC Henriques,18,14,20.0,2.0,0.0
981003,NV Ojha,16,14,18.0,0.0,1.0
981003,Q de Kock,2,11,2.0,0.0,0.0
981003,RR Pant,32,27,35.0,3.0,0.0
981003,S Dhawan,10,8,12.0,2.0,0.0
981003,SV Samson,3,4,3.0,0.0,0.0
981003,Yuvraj Singh,10,11,11.0,1.0,0.0
981005,AM Rahane,19,15,23.0,4.0,0.0
981005,AR Patel,1,3,1.0,0.0,0.0
981005,DA Miller,7,5,8.0,1.0,0.0
981005,F Behardien,5,5,6.0,1.0,0.0
981005,GJ Bailey,9,11,11.0,2.0,0.0
981005,Gurkeerat Singh,51,30,60.0,3.0,3.0
981005,HM Amla,30,30,36.0,4.0,1.0
981005,IK Pathan,2,3,2.0,0.0,0.0
981005,KJ Abbott,1,1,1.0,0.0,0.0
981005,M Vijay,59,41,69.0,4.0,3.0
981005,MS Dhoni,64,36,78.0,4.0,5.0
981005,NLTC Perera,23,14,27.0,2.0,1.0
981005,R Ashwin,1,1,1.0,0.0,0.0
981005,R Dhawan,11,4,13.0,0.0,1.0
981005,SS Tiwary,17,16,20.0,1.0,1.0
981005,UT Khawaja,30,31,33.0,1.0,1.0
981005,WP Saha,3,4,3.0,0.0,0.0
981007,AJ Finch,0,2,0.0,0.0,0.0
981007,BB McCullum,48,29,58.0,8.0,1.0
981007,DR Smith,37,23,45.0,4.0,2.0
981007,HH Pandya,7,8,8.0,1.0,0.0
981007,Harbhajan Singh,3,6,3.0,0.0,0.0
981007,JC Buttler,33,32,36.0,3.0,0.0
981007,KA Pollard,9,11,11.0,0.0,1.0
981007,KD Karthik,3,4,3.0,0.0,0.0
981007,KH Pandya,4,3,5.0,1.0,0.0
981007,MJ Guptill,7,9,8.0,1.0,0.0
981007,N Rana,70,38,85.0,7.0,4.0
981007,R Vinay Kumar,1,1,1.0,0.0,0.0
981007,RA Jadeja,21,17,25.0,4.0,0.0
981007,RG Sharma,30,17,38.0,4.0,2.0
981007,SK Raina,58,36,70.0,8.0,2.0
981009,B Kumar,5,4,6.0,1.0,0.0
981009,BB Sran,2,2,2.0,0.0,0.0
981009,C Munro,10,8,12.0,2.0,0.0
981009,DA Warner,18,16,21.0,1.0,1.0
981009,DJ Hooda,2,2,2.0,0.0,0.0
981009,G Gambhir,16,15,17.0,1.0,0.0
981009,JO Holder,3,3,3.0,0.0,0.0
981009,KS Williamson,7,9,7.0,0.0,0.0
981009,KV Sharma,8,14,8.0,0.0,0.0
981009,MC Henriques,11,10,12.0,1.0,0.0
981009,MK Pandey,48,32,56.0,2.0,3.0
981009,NV Ojha,15,25,16.0,1.0,0.0
981009,RV Uthappa,25,17,29.0,4.0,0.0
981009,S Dhawan,51,30,61.0,4.0,3.0
981009,SA Yadav,6,3,7.0,1.0,0.0
981009,Shakib Al Hasan,7,10,7.0,0.0,0.0
981009,YK Pathan,52,35,59.0,3.0,2.0
981009,Yuvraj Singh,19,12,24.0,1.0,2.0
981011,AB de Villiers,6,9,7.0,1.0,0.0
981011,CH Gayle,1,4,1.0,0.0,0.0
981011,CH Morris,27,19,30.0,3.0,0.0
981011,CR Brathwaite,1,2,1.0,0.0,0.0
981011,J Yadav,5,7,5.0,0.0,0.0
981011,KK Nair,11,10,13.0,0.0,1.0
981011,KL Rahul,38,23,44.0,4.0,1.0
981011,P Negi,6,13,6.0,0.0,0.0
981011,Q de Kock,60,54,67.0,5.0,1.0
981011,RR Pant,1,2,1.0,0.0,0.0
981011,SR Watson,14,18,16.0,0.0,1.0
981011,STR Binny,16,12,18.0,2.0,0.0
981011,SV Samson,17,12,20.0,1.0,1.0
981011,SW Billings,4,6,4.0,0.0,0.0
981011,V Kohli,54,45,60.0,6.0,0.0
981013,AB de Villiers,79,48,94.0,5.0,5.0
981013,AJ Finch,4,6,5.0,1.0,0.0
981013,BB McCullum,1,4,1.0,0.0,0.0
981013,CH Gayle,9,14,11.0,2.0,0.0
981013,DJ Bravo,8,7,9.0,1.0,0.0
981013,DR Smith,73,41,90.0,5.0,6.0
981013,DS Kulkarni,10,4,12.0,2.0,0.0
981013,ER Dwivedi,19,9,24.0,1.0,2.0
981013,Iqbal Abdulla,33,25,38.0,3.0,1.0
981013,KD Karthik,26,32,28.0,2.0,0.0
981013,KL Rahul,0,1,0.0,0.0,0.0
981013,P Kumar,1,3,1.0,0.0,0.0
981013,RA Jadeja,3,8,3.0,0.0,0.0
981013,SB Jakati,1,2,1.0,0.0,0.0
981013,SK Raina,1,9,1.0,0.0,0.0
981013,SR Watson,1,6,1.0,0.0,0.0
981013,STR Binny,21,16,25.0,2.0,1.0
981013,Sachin Baby,0,3,0.0,0.0,0.0
981013,V Kohli,0,2,0.0,0.0,0.0
981015,B Kumar,1,2,1.0,0.0,0.0
981015,BCJ Cutting,0,1,0.0,0.0,0.0
981015,Bipul Sharma,14,6,18.0,0.0,2.0
981015,C Munro,16,17,17.0,1.0,0.0
981015,DA Warner,28,29,31.0,3.0,0.0
981015,DJ Hooda,21,13,25.0,0.0,2.0
981015,G Gambhir,28,28,32.0,2.0,1.0
981015,JO Holder,6,7,7.0,1.0,0.0
981015,MC Henriques,31,21,36.0,1.0,2.0
981015,MK Pandey,36,28,40.0,2.0,1.0
981015,NV Ojha,7,11,7.0,0.0,0.0
981015,R Sathish,8,9,8.0,0.0,0.0
981015,RV Uthappa,11,7,12.0,1.0,0.0
981015,S Dhawan,10,10,12.0,2.0,0.0
981015,SA Yadav,23,15,26.0,1.0,1.0
981015,SP Narine,1,3,1.0,0.0,0.0
981015,YK Pathan,2,6,2.0,0.0,0.0
981015,Yuvraj Singh,44,31,54.0,8.0,1.0
981017,AJ Finch,50,32,61.0,7.0,2.0
981017,BB McCullum,32,31,37.0,5.0,0.0
981017,BCJ Cutting,8,7,9.0,1.0,0.0
981017,Bipul Sharma,27,11,33.0,0.0,3.0
981017,DA Warner,93,59,110.0,11.0,3.0
981017,DJ Bravo,20,11,24.0,4.0,0.0
981017,DJ Hooda,4,9,4.0,0.0,0.0
981017,DR Smith,1,3,1.0,0.0,0.0
981017,DS Kulkarni,3,2,3.0,0.0,0.0
981017,ER Dwivedi,5,6,6.0,1.0,0.0
981017,KD Karthik,26,19,32.0,4.0,1.0
981017,MC Henriques,11,6,13.0,2.0,0.0
981017,NV Ojha,10,8,12.0,0.0,1.0
981017,RA Jadeja,19,16,20.0,1.0,0.0
981017,S Dhawan,0,4,0.0,0.0,0.0
981017,SK Raina,1,5,1.0,0.0,0.0
981017,Yuvraj Singh,8,13,9.0,1.0,0.0
981019,AB de Villiers,5,6,5.0,0.0,0.0
981019,B Kumar,1,1,1.0,0.0,0.0
981019,BCJ Cutting,39,18,50.0,3.0,4.0
981019,Bipul Sharma,5,3,6.0,1.0,0.0
981019,CH Gayle,76,41,96.0,4.0,8.0
981019,CJ Jordan,3,4,3.0,0.0,0.0
981019,DA Warner,69,39,83.0,8.0,3.0
981019,DJ Hooda,3,6,3.0,0.0,0.0
981019,Iqbal Abdulla,4,2,5.0,1.0,0.0
981019,KL Rahul,11,9,12.0,1.0,0.0
981019,MC Henriques,4,5,4.0,0.0,0.0
981019,NV Ojha,7,4,8.0,1.0,0.0
981019,S Dhawan,28,26,33.0,3.0,1.0
981019,SR Watson,11,9,13.0,0.0,1.0
981019,STR Binny,9,7,11.0,0.0,1.0
981019,Sachin Baby,18,10,21.0,1.0,1.0
981019,V Kohli,54,36,63.0,5.0,2.0
981019,Yuvraj Singh,38,24,46.0,4.0,2.0
1082591,A Choudhary,6,2,8.0,0.0,1.0
1082591,BCJ Cutting,16,6,20.0,0.0,2.0
1082591,CH Gayle,32,23,40.0,2.0,3.0
1082591,DA Warner,14,9,18.0,2.0,1.0
1082591,DJ Hooda,16,12,18.0,0.0,1.0
1082591,KM Jadhav,31,18,37.0,4.0,1.0
1082591,MC Henriques,52,37,59.0,3.0,2.0
1082591,Mandeep Singh,24,16,29.0,5.0,0.0
1082591,S Aravind,0,2,0.0,0.0,0.0
1082591,S Dhawan,40,31,45.0,5.0,0.0
1082591,SR Watson,22,17,25.0,1.0,1.0
1082591,STR Binny,11,10,13.0,0.0,1.0
1082591,Sachin Baby,1,3,1.0,0.0,0.0
1082591,TM Head,30,22,33.0,3.0,0.0
1082591,TS Mills,6,3,8.0,0.0,1.0
1082591,YS Chahal,3,7,3.0,0.0,0.0
1082591,Yuvraj Singh,62,30,75.0,7.0,3.0
1082592,AM Rahane,60,34,72.0,6.0,3.0
1082592,AT Rayudu,10,12,10.0,0.0,0.0
1082592,BA Stokes,21,15,24.0,3.0,0.0
1082592,HH Pandya,35,17,44.0,1.0,4.0
1082592,JC Buttler,38,19,47.0,3.0,3.0
1082592,KA Pollard,27,17,32.0,3.0,1.0
1082592,KH Pandya,3,6,3.0,0.0,0.0
1082592,MA Agarwal,6,6,7.0,1.0,0.0
1082592,MS Dhoni,12,12,13.0,1.0,0.0
1082592,N Rana,34,29,39.0,1.0,2.0
1082592,PA Patel,19,15,23.0,4.0,0.0
1082592,RG Sharma,3,7,3.0,0.0,0.0
1082592,SPD Smith,84,55,97.0,7.0,3.0
1082592,TG Southee,7,3,9.0,0.0,1.0
1082593,AJ Finch,15,8,19.0,0.0,2.0
1082593,BB McCullum,35,24,43.0,4.0,2.0
1082593,CA Lynn,93,46,115.0,6.0,8.0
1082593,G Gambhir,76,50,88.0,12.0,0.0
1082593,JJ Roy,14,13,17.0,3.0,0.0
1082593,KD Karthik,47,25,57.0,6.0,2.0
1082593,SK Raina,68,52,75.0,7.0,0.0
1082594,AM Rahane,19,15,22.0,1.0,1.0
1082594,AR Patel,24,25,27.0,1.0,1.0
1082594,BA Stokes,50,34,58.0,2.0,3.0
1082594,DA Miller,30,27,35.0,1.0,2.0
1082594,DT Christian,17,8,21.0,2.0,1.0
1082594,GJ Maxwell,44,23,55.0,3.0,4.0
1082594,HM Amla,28,27,32.0,2.0,1.0
1082594,M Vohra,14,11,17.0,1.0,1.0
1082594,MA Agarwal,0,4,0.0,0.0,0.0
1082594,MK Tiwary,40,23,47.0,3.0,2.0
1082594,MS Dhoni,5,13,5.0,0.0,0.0
1082594,SPD Smith,26,28,29.0,3.0,0.0
1082594,WP Saha,14,9,17.0,3.0,0.0
1082595,A Mishra,8,14,8.0,0.0,0.0
1082595,AP Tare,18,18,21.0,3.0,0.0
1082595,CH Gayle,6,9,7.0,1.0,0.0
1082595,CH Morris,4,5,4.0,0.0,0.0
1082595,CR Brathwaite,1,5,1.0,0.0,0.0
1082595,Iqbal Abdulla,5,7,5.0,0.0,0.0
1082595,KK Nair,4,3,5.0,1.0,0.0
1082595,KM Jadhav,69,38,84.0,5.0,5.0
1082595,Mandeep Singh,12,10,15.0,3.0,0.0
1082595,P Negi,10,8,12.0,0.0,1.0
1082595,PJ Cummins,6,6,7.0,1.0,0.0
1082595,RR Pant,57,39,68.0,3.0,4.0
1082595,S Nadeem,0,2,0.0,0.0,0.0
1082595,SR Watson,24,25,28.0,4.0,0.0
1082595,STR Binny,16,19,17.0,1.0,0.0
1082595,SV Samson,13,12,14.0,1.0,0.0
1082595,SW Billings,25,19,28.0,1.0,1.0
1082595,TS Mills,0,3,0.0,0.0,0.0
1082595,Vishnu Vinod,9,5,11.0,0.0,1.0
1082595,Z Khan,1,1,1.0,0.0,0.0
1082596,AJ Finch,3,5,3.0,0.0,0.0
1082596,BB McCullum,5,10,5.0,0.0,0.0
1082596,Basil Thampi,13,8,15.0,0.0,1.0
1082596,DA Warner,76,47,90.0,6.0,4.0
1082596,DR Smith,37,27,43.0,4.0,1.0
1082596,DS Kulkarni,1,2,1.0,0.0,0.0
1082596,JJ Roy,31,21,36.0,5.0,0.0
1082596,KD Karthik,30,32,32.0,2.0,0.0
1082596,MC Henriques,52,40,58.0,6.0,0.0
1082596,P Kumar,7,7,7.0,0.0,0.0
1082596,S Dhawan,9,9,11.0,0.0,1.0
1082596,SK Raina,5,8,5.0,0.0,0.0
1082597,CA Lynn,32,28,37.0,3.0,1.0
1082597,CR Woakes,9,8,9.0,0.0,0.0
1082597,G Gambhir,19,13,22.0,3.0,0.0
1082597,HH Pandya,29,11,36.0,3.0,2.0
1082597,Harbhajan Singh,1,1,1.0,0.0,0.0
1082597,JC Buttler,28,26,33.0,1.0,2.0
1082597,KA Pollard,17,17,20.0,1.0,1.0
1082597,KH Pandya,11,6,13.0,2.0,0.0
1082597,MK Pandey,81,48,96.0,5.0,5.0
1082597,N Rana,50,30,61.0,5.0,3.0
1082597,PA Patel,30,29,35.0,3.0,1.0
1082597,RG Sharma,2,6,2.0,0.0,0.0
1082597,RV Uthappa,4,3,5.0,1.0,0.0
1082597,SA Yadav,17,15,19.0,2.0,0.0
1082597,SP Narine,1,2,1.0,0.0,0.0
1082597,YK Pathan,6,11,6.0,0.0,0.0
1082598,AB de Villiers,89,49,110.0,3.0,9.0
1082598,AR Patel,9,6,11.0,0.0,1.0
1082598,GJ Maxwell,43,22,54.0,3.0,4.0
1082598,HM Amla,58,39,68.0,4.0,3.0
1082598,KM Jadhav,1,4,1.0,0.0,0.0
1082598,M Vohra,34,22,40.0,4.0,1.0
1082598,Mandeep Singh,28,34,31.0,1.0,1.0
1082598,SR Watson,1,4,1.0,0.0,0.0
1082598,STR Binny,18,20,21.0,1.0,1.0
1082598,Vishnu Vinod,7,12,8.0,1.0,0.0
1082599,A Zampa,5,7,6.0,1.0,0.0
1082599,AB Dinda,7,8,8.0,1.0,0.0
1082599,AM Rahane,10,10,10.0,0.0,0.0
1082599,AP Tare,0,6,0.0,0.0,0.0
1082599,BA Stokes,2,5,2.0,0.0,0.0
1082599,CH Morris,38,9,48.0,4.0,3.0
1082599,CJ Anderson,2,5,2.0,0.0,0.0
1082599,DL Chahar,14,6,18.0,0.0,2.0
1082599,F du Plessis,8,7,9.0,1.0,0.0
1082599,Imran Tahir,0,2,0.0,0.0,0.0
1082599,MA Agarwal,20,19,22.0,2.0,0.0
1082599,MS Dhoni,11,14,13.0,0.0,1.0
1082599,R Bhatia,16,17,18.0,0.0,1.0
1082599,RA Tripathi,10,6,12.0,2.0,0.0
1082599,RR Pant,31,22,36.0,1.0,2.0
1082599,SV Samson,102,64,120.0,8.0,5.0
1082599,SW Billings,24,19,28.0,4.0,0.0
1082600,B Kumar,4,3,4.0,0.0,0.0
1082600,BCJ Cutting,20,11,24.0,4.0,0.0
1082600,DA Warner,49,34,60.0,7.0,2.0
1082600,DJ Hooda,9,10,10.0,1.0,0.0
1082600,HH Pandya,2,3,2.0,0.0,0.0
1082600,Harbhajan Singh,3,3,3.0,0.0,0.0
1082600,JC Buttler,14,11,17.0,3.0,0.0
1082600,KA Pollard,11,11,13.0,0.0,1.0
1082600,KH Pandya,37,20,46.0,3.0,3.0
1082600,N Rana,45,37,52.0,3.0,2.0
1082600,NV Ojha,9,10,9.0,0.0,0.0
1082600,PA Patel,39,24,46.0,7.0,0.0
1082600,RG Sharma,4,4,4.0,0.0,0.0
1082600,Rashid Khan,2,4,2.0,0.0,0.0
1082600,S Dhawan,48,44,55.0,5.0,1.0
1082600,V Shankar,1,2,1.0,0.0,0.0
1082600,Yuvraj Singh,5,8,6.0,1.0,0.0
1082601,AR Patel,0,1,0.0,0.0,0.0
1082601,DA Miller,28,20,34.0,2.0,2.0
1082601,G Gambhir,72,52,83.0,11.0,0.0
1082601,GJ Maxwell,25,14,30.0,3.0,1.0
1082601,HM Amla,25,28,29.0,4.0,0.0
1082601,M Vohra,28,23,34.0,4.0,1.0
1082601,MK Pandey,25,17,29.0,2.0,1.0
1082601,MM Sharma,10,8,12.0,2.0,0.0
1082601,MP Stoinis,9,13,10.0,1.0,0.0
1082601,RV Uthappa,26,16,31.0,3.0,1.0
1082601,SP Narine,37,19,47.0,4.0,3.0
1082601,VR Aaron,4,6,4.0,0.0,0.0
1082601,WP Saha,25,17,31.0,2.0,2.0
1082602,AB de Villiers,19,22,21.0,0.0,1.0
1082602,CH Gayle,22,28,26.0,2.0,1.0
1082602,HH Pandya,9,5,11.0,0.0,1.0
1082602,JC Buttler,2,5,2.0,0.0,0.0
1082602,KA Pollard,70,49,83.0,3.0,5.0
1082602,KH Pandya,37,32,42.0,3.0,1.0
1082602,KM Jadhav,9,8,9.0,0.0,0.0
1082602,MJ McClenaghan,0,1,0.0,0.0,0.0
1082602,Mandeep Singh,0,1,0.0,0.0,0.0
1082602,N Rana,11,16,12.0,1.0,0.0
1082602,P Negi,13,13,13.0,0.0,0.0
1082602,PA Patel,3,9,3.0,0.0,0.0
1082602,RG Sharma,0,2,0.0,0.0,0.0
1082602,STR Binny,6,4,6.0,0.0,0.0
1082602,V Kohli,62,48,71.0,5.0,2.0
1082603,AJ Finch,33,20,40.0,3.0,2.0
1082603,AM Rahane,0,3,0.0,0.0,0.0
1082603,Ankit Sharma,25,16,29.0,2.0,1.0
1082603,BA Stokes,25,18,29.0,2.0,1.0
1082603,BB McCullum,49,33,60.0,5.0,3.0
1082603,DR Smith,47,31,57.0,8.0,1.0
1082603,KD Karthik,3,5,3.0,0.0,0.0
1082603,LH Ferguson,1,1,1.0,0.0,0.0
1082603,MK Tiwary,31,28,35.0,2.0,1.0
1082603,MS Dhoni,5,8,5.0,0.0,0.0
1082603,RA Tripathi,33,17,40.0,3.0,2.0
1082603,RD Chahar,3,2,3.0,0.0,0.0
1082603,SK Raina,35,23,41.0,4.0,1.0
1082603,SN Thakur,0,1,0.0,0.0,0.0
1082603,SPD Smith,43,30,51.0,6.0,1.0
1082604,BCJ Cutting,15,10,18.0,1.0,1.0
1082604,Bipul Sharma,21,14,25.0,2.0,1.0
1082604,C de Grandhomme,0,2,0.0,0.0,0.0
1082604,CR Woakes,1,1,1.0,0.0,0.0
1082604,DA Warner,26,31,30.0,4.0,0.0
1082604,DJ Hooda,13,7,16.0,1.0,1.0
1082604,G Gambhir,15,18,17.0,2.0,0.0
1082604,MC Henriques,13,10,15.0,2.0,0.0
1082604,MK Pandey,46,36,53.0,3.0,2.0
1082604,NV Ojha,11,12,11.0,0.0,0.0
1082604,RV Uthappa,68,40,81.0,5.0,4.0
1082604,S Dhawan,23,22,27.0,4.0,0.0
1082604,SA Yadav,4,3,5.0,1.0,0.0
1082604,SP Narine,6,9,7.0,1.0,0.0
1082604,YK Pathan,21,17,24.0,1.0,1.0
1082604,Yuvraj Singh,26,18,32.0,2.0,2.0
1082605,AR Patel,44,29,51.0,1.0,3.0
1082605,CH Morris,16,9,19.0,1.0,1.0
1082605,CJ Anderson,39,23,48.0,3.0,3.0
1082605,DA Miller,24,29,25.0,1.0,0.0
1082605,EJG Morgan,22,20,25.0,3.0,0.0
1082605,GJ Maxwell,0,2,0.0,0.0,0.0
1082605,HM Amla,19,12,23.0,4.0,0.0
1082605,KC Cariappa,1,2,1.0,0.0,0.0
1082605,KK Nair,0,3,0.0,0.0,0.0
1082605,M Vohra,3,6,3.0,0.0,0.0
1082605,MM Sharma,13,14,14.0,1.0,0.0
1082605,PJ Cummins,12,6,14.0,2.0,0.0
1082605,RR Pant,15,9,18.0,3.0,0.0
1082605,SS Iyer,22,18,25.0,3.0,0.0
1082605,SV Samson,19,18,23.0,2.0,1.0
1082605,SW Billings,55,41,64.0,9.0,0.0
1082605,Sandeep Sharma,2,2,2.0,0.0,0.0
1082605,WP Saha,7,5,8.0,1.0,0.0
1082606,BB McCullum,64,44,76.0,6.0,3.0
1082606,DR Smith,0,3,0.0,0.0,0.0
1082606,HH Pandya,6,4,7.0,1.0,0.0
1082606,Ishan Kishan,11,14,12.0,1.0,0.0
1082606,JC Buttler,26,24,31.0,1.0,2.0
1082606,JJ Roy,14,7,17.0,1.0,1.0
1082606,KA Pollard,39,24,47.0,2.0,3.0
1082606,KD Karthik,48,29,54.0,2.0,2.0
1082606,N Rana,53,42,61.0,4.0,2.0
1082606,PA Patel,0,2,0.0,0.0,0.0
1082606,RG Sharma,40,29,45.0,3.0,1.0
1082606,SK Raina,28,29,30.0,2.0,0.0
1082607,AB de Villiers,29,32,34.0,1.0,2.0
1082607,AF Milne,2,3,2.0,0.0,0.0
1082607,AM Rahane,30,26,35.0,5.0,0.0
1082607,BA Stokes,2,3,2.0,0.0,0.0
1082607,DT Christian,1,3,1.0,0.0,0.0
1082607,JD Unadkat,2,5,2.0,0.0,0.0
1082607,KM Jadhav,18,24,18.0,0.0,0.0
1082607,MK Tiwary,27,12,34.0,3.0,2.0
1082607,MS Dhoni,28,26,33.0,3.0,1.0
1082607,Mandeep Singh,0,3,0.0,0.0,0.0
1082607,P Negi,10,7,12.0,0.0,1.0
1082607,RA Tripathi,31,24,36.0,3.0,1.0
1082607,S Aravind,6,7,6.0,0.0,0.0
1082607,S Badree,0,1,0.0,0.0,0.0
1082607,SN Thakur,0,1,0.0,0.0,0.0
1082607,SPD Smith,27,26,30.0,3.0,0.0
1082607,SR Watson,14,18,15.0,1.0,0.0
1082607,STR Binny,18,8,22.0,2.0,1.0
1082607,V Kohli,28,19,33.0,3.0,1.0
1082607,YS Chahal,1,2,1.0,0.0,0.0
1082608,AD Mathews,1,4,1.0,0.0,0.0
1082608,C de Grandhomme,1,2,1.0,0.0,0.0
1082608,CH Morris,16,10,19.0,3.0,0.0
1082608,CR Woakes,3,5,3.0,0.0,0.0
1082608,G Gambhir,14,12,16.0,2.0,0.0
1082608,KK Nair,21,27,22.0,1.0,0.0
1082608,MK Pandey,69,52,79.0,4.0,3.0
1082608,Mohammed Shami,0,1,0.0,0.0,0.0
1082608,PJ Cummins,3,4,3.0,0.0,0.0
1082608,RR Pant,38,17,48.0,2.0,4.0
1082608,RV Uthappa,4,2,5.0,1.0,0.0
1082608,SA Yadav,7,9,7.0,0.0,0.0
1082608,SP Narine,1,1,1.0,0.0,0.0
1082608,SS Iyer,26,17,30.0,4.0,0.0
1082608,SV Samson,39,25,46.0,7.0,0.0
1082608,SW Billings,21,17,23.0,2.0,0.0
1082608,YK Pathan,59,40,69.0,6.0,2.0
1082609,AR Patel,7,12,7.0,0.0,0.0
1082609,DA Miller,1,6,1.0,0.0,0.0
1082609,DA Warner,70,57,81.0,7.0,2.0
1082609,DJ Hooda,12,10,13.0,1.0,0.0
1082609,EJG Morgan,13,17,15.0,0.0,1.0
1082609,GJ Maxwell,10,12,12.0,2.0,0.0
1082609,HM Amla,0,1,0.0,0.0,0.0
1082609,I Sharma,2,6,2.0,0.0,0.0
1082609,KC Cariappa,1,5,1.0,0.0,0.0
1082609,M Vohra,95,52,114.0,9.0,5.0
1082609,MC Henriques,9,16,9.0,0.0,0.0
1082609,MM Sharma,10,6,12.0,0.0,1.0
1082609,Mohammad Nabi,2,3,2.0,0.0,0.0
1082609,NV Ojha,34,22,38.0,2.0,1.0
1082609,Rashid Khan,6,1,8.0,0.0,1.0
1082609,S Dhawan,15,15,16.0,1.0,0.0
1082609,Sandeep Sharma,5,5,5.0,0.0,0.0
1082609,WP Saha,0,2,0.0,0.0,0.0
1082609,Yuvraj Singh,0,1,0.0,0.0,0.0
1082610,AJ Finch,19,16,23.0,2.0,1.0
1082610,AJ Tye,6,6,6.0,0.0,0.0
1082610,BB McCullum,72,48,88.0,2.0,7.0
1082610,Basil Thampi,0,1,0.0,0.0,0.0
1082610,CH Gayle,77,40,96.0,5.0,7.0
1082610,DR Smith,1,4,1.0,0.0,0.0
1082610,Ishan Kishan,39,17,49.0,2.0,4.0
1082610,KD Karthik,1,4,1.0,0.0,0.0
1082610,KM Jadhav,38,16,47.0,5.0,2.0
1082610,RA Jadeja,23,22,25.0,2.0,0.0
1082610,SK Raina,23,8,29.0,2.0,2.0
1082610,TM Head,30,16,34.0,2.0,1.0
1082610,V Kohli,64,51,73.0,7.0,1.0
1082611,AD Mathews,31,24,35.0,2.0,1.0
1082611,DA Warner,4,7,4.0,0.0,0.0
1082611,DJ Hooda,9,4,11.0,0.0,1.0
1082611,KK Nair,33,24,40.0,5.0,1.0
1082611,KS Williamson,89,52,105.0,6.0,5.0
1082611,MC Henriques,12,6,14.0,2.0,0.0
1082611,RR Pant,0,1,0.0,0.0,0.0
1082611,S Dhawan,70,50,79.0,7.0,1.0
1082611,SS Iyer,50,31,59.0,5.0,2.0
1082611,SV Samson,42,33,49.0,3.0,2.0
1082611,SW Billings,13,9,16.0,3.0,0.0
1082611,Yuvraj Singh,3,4,3.0,0.0,0.0
1082612,AR Patel,4,6,4.0,0.0,0.0
1082612,GJ Maxwell,40,18,50.0,4.0,3.0
1082612,HH Pandya,15,4,19.0,2.0,1.0
1082612,HM Amla,104,63,124.0,8.0,6.0
1082612,JC Buttler,77,38,94.0,7.0,5.0
1082612,MP Stoinis,1,3,1.0,0.0,0.0
1082612,N Rana,62,36,76.0,0.0,7.0
1082612,PA Patel,37,20,45.0,4.0,2.0
1082612,SE Marsh,26,21,31.0,5.0,0.0
1082612,WP Saha,11,16,11.0,0.0,0.0
1082613,AJ Finch,31,15,39.0,4.0,2.0
1082613,BB McCullum,33,17,40.0,5.0,1.0
1082613,DR Smith,5,4,6.0,1.0,0.0
1082613,G Gambhir,33,29,37.0,2.0,1.0
1082613,Ishan Kishan,4,11,4.0,0.0,0.0
1082613,JP Faulkner,4,2,4.0,0.0,0.0
1082613,KD Karthik,3,3,3.0,0.0,0.0
1082613,MK Pandey,24,21,26.0,2.0,0.0
1082613,RA Jadeja,19,13,22.0,1.0,1.0
1082613,RV Uthappa,72,48,84.0,8.0,2.0
1082613,SA Yadav,1,1,1.0,0.0,0.0
1082613,SK Raina,84,46,101.0,9.0,4.0
1082613,SP Narine,42,17,53.0,9.0,1.0
1082613,Shakib Al Hasan,1,1,1.0,0.0,0.0
1082613,YK Pathan,11,4,13.0,2.0,0.0
1082614,AP Tare,0,1,0.0,0.0,0.0
1082614,CH Morris,52,42,59.0,5.0,1.0
1082614,CJ Anderson,0,4,0.0,0.0,0.0
1082614,HH Pandya,24,23,28.0,0.0,2.0
1082614,Harbhajan Singh,2,2,2.0,0.0,0.0
1082614,JC Buttler,28,20,35.0,3.0,2.0
1082614,K Rabada,44,42,50.0,4.0,1.0
1082614,KA Pollard,26,31,30.0,4.0,0.0
1082614,KH Pandya,17,16,18.0,1.0,0.0
1082614,KK Nair,5,15,5.0,0.0,0.0
1082614,MG Johnson,7,3,8.0,1.0,0.0
1082614,MJ McClenaghan,1,1,1.0,0.0,0.0
1082614,N Rana,8,9,9.0,1.0,0.0
1082614,PA Patel,8,13,9.0,1.0,0.0
1082614,PJ Cummins,4,5,4.0,0.0,0.0
1082614,RG Sharma,5,9,5.0,0.0,0.0
1082614,RR Pant,0,3,0.0,0.0,0.0
1082614,SS Iyer,6,7,7.0,1.0,0.0
1082614,SV Samson,9,6,11.0,2.0,0.0
1082615,AM Rahane,2,7,2.0,0.0,0.0
1082615,BA Stokes,10,9,11.0,1.0,0.0
1082615,DA Warner,43,42,48.0,3.0,1.0
1082615,DJ Hooda,19,10,23.0,2.0,1.0
1082615,KS Williamson,21,14,24.0,1.0,1.0
1082615,MC Henriques,55,29,65.0,6.0,2.0
1082615,MK Tiwary,17,8,20.0,3.0,0.0
1082615,MS Dhoni,61,35,72.0,5.0,3.0
1082615,RA Tripathi,59,41,71.0,6.0,3.0
1082615,S Dhawan,30,29,35.0,5.0,0.0
1082615,SPD Smith,27,21,32.0,1.0,2.0
1082616,AD Nath,0,1,0.0,0.0,0.0
1082616,AJ Finch,13,12,15.0,0.0,1.0
1082616,AJ Tye,22,12,26.0,2.0,1.0
1082616,AR Patel,34,18,41.0,3.0,2.0
1082616,BB McCullum,6,6,7.0,1.0,0.0
1082616,Basil Thampi,11,12,12.0,1.0,0.0
1082616,DR Smith,4,4,5.0,1.0,0.0
1082616,GJ Maxwell,31,18,38.0,1.0,3.0
1082616,HM Amla,65,40,78.0,9.0,2.0
1082616,KD Karthik,58,46,64.0,6.0,0.0
1082616,M Vohra,2,4,2.0,0.0,0.0
1082616,MM Sharma,4,3,4.0,0.0,0.0
1082616,MP Stoinis,7,9,7.0,0.0,0.0
1082616,RA Jadeja,9,7,10.0,1.0,0.0
1082616,SE Marsh,30,24,36.0,4.0,1.0
1082616,SK Raina,32,24,36.0,4.0,0.0
1082616,WP Saha,10,5,12.0,0.0,1.0
1082617,AB de Villiers,8,6,10.0,2.0,0.0
1082617,C de Grandhomme,0,2,0.0,0.0,0.0
1082617,CH Gayle,7,18,8.0,1.0,0.0
1082617,CR Woakes,18,21,21.0,3.0,0.0
1082617,G Gambhir,14,12,17.0,1.0,1.0
1082617,KM Jadhav,9,8,11.0,2.0,0.0
1082617,Kuldeep Yadav,4,7,4.0,0.0,0.0
1082617,MK Pandey,15,16,16.0,1.0,0.0
1082617,Mandeep Singh,1,3,1.0,0.0,0.0
1082617,NM Coulter-Nile,2,4,2.0,0.0,0.0
1082617,P Negi,2,3,2.0,0.0,0.0
1082617,RV Uthappa,11,9,13.0,2.0,0.0
1082617,S Aravind,5,4,6.0,1.0,0.0
1082617,S Badree,0,3,0.0,0.0,0.0
1082617,SA Yadav,15,19,16.0,1.0,0.0
1082617,SP Narine,34,18,42.0,6.0,1.0
1082617,STR Binny,8,9,10.0,2.0,0.0
1082617,TS Mills,2,5,2.0,0.0,0.0
1082617,UT Yadav,2,4,2.0,0.0,0.0
1082617,V Kohli,0,1,0.0,0.0,0.0
1082617,YK Pathan,8,9,8.0,0.0,0.0
1082617,YS Chahal,0,2,0.0,0.0,0.0
1082618,AM Rahane,38,33,45.0,5.0,1.0
1082618,BA Stokes,17,12,19.0,2.0,0.0
1082618,DT Christian,8,8,9.0,1.0,0.0
1082618,HH Pandya,13,12,15.0,2.0,0.0
1082618,Harbhajan Singh,7,2,9.0,0.0,1.0
1082618,JC Buttler,17,13,20.0,3.0,0.0
1082618,KA Pollard,9,9,10.0,1.0,0.0
1082618,KV Sharma,11,10,13.0,0.0,1.0
1082618,MK Tiwary,22,13,26.0,4.0,0.0
1082618,MS Dhoni,7,11,7.0,0.0,0.0
1082618,N Rana,3,9,3.0,0.0,0.0
1082618,PA Patel,33,28,37.0,4.0,0.0
1082618,RA Tripathi,45,31,52.0,3.0,2.0
1082618,RG Sharma,58,40,70.0,6.0,3.0
1082618,SPD Smith,17,12,19.0,2.0,0.0
1082618,Washington Sundar,2,2,2.0,0.0,0.0
1082620,AM Rahane,46,42,52.0,4.0,1.0
1082620,DM Bravo,6,5,7.0,1.0,0.0
1082620,DT Christian,16,8,20.0,0.0,2.0
1082620,G Gambhir,62,48,70.0,6.0,1.0
1082620,MK Tiwary,1,2,1.0,0.0,0.0
1082620,MS Dhoni,23,11,28.0,1.0,2.0
1082620,RA Tripathi,38,25,45.0,7.0,0.0
1082620,RV Uthappa,87,49,106.0,7.0,6.0
1082620,SP Narine,16,12,19.0,3.0,0.0
1082620,SPD Smith,51,37,57.0,4.0,1.0
1082621,A Choudhary,15,12,16.0,1.0,0.0
1082621,AB de Villiers,5,12,5.0,0.0,0.0
1082621,AJ Finch,72,36,89.0,5.0,6.0
1082621,BB McCullum,3,6,3.0,0.0,0.0
1082621,CH Gayle,8,12,9.0,1.0,0.0
1082621,Ishan Kishan,16,11,20.0,4.0,0.0
1082621,KM Jadhav,31,18,37.0,4.0,1.0
1082621,Mandeep Singh,8,14,8.0,0.0,0.0
1082621,P Negi,32,19,39.0,3.0,2.0
1082621,RA Jadeja,2,5,2.0,0.0,0.0
1082621,S Aravind,9,16,9.0,0.0,0.0
1082621,S Badree,3,3,3.0,0.0,0.0
1082621,SK Raina,34,31,40.0,4.0,1.0
1082621,TM Head,0,1,0.0,0.0,0.0
1082621,V Kohli,10,14,12.0,0.0,1.0
1082621,YS Chahal,1,2,1.0,0.0,0.0
1082622,AR Bawne,12,12,13.0,1.0,0.0
1082622,CH Morris,11,10,12.0,1.0,0.0
1082622,CJ Anderson,2,5,2.0,0.0,0.0
1082622,G Gambhir,71,53,82.0,11.0,0.0
1082622,KK Nair,15,18,18.0,3.0,0.0
1082622,MK Pandey,5,4,6.0,1.0,0.0
1082622,RR Pant,6,4,7.0,1.0,0.0
1082622,RV Uthappa,59,33,72.0,5.0,4.0
1082622,SP Jackson,12,5,14.0,2.0,0.0
1082622,SP Narine,4,4,5.0,1.0,0.0
1082622,SS Iyer,47,35,53.0,4.0,1.0
1082622,SV Samson,60,38,70.0,4.0,3.0
1082623,AR Patel,16,9,18.0,2.0,0.0
1082623,Anureet Singh,15,12,17.0,2.0,0.0
1082623,DA Warner,51,27,63.0,4.0,4.0
1082623,EJG Morgan,26,21,30.0,2.0,1.0
1082623,GJ Maxwell,0,2,0.0,0.0,0.0
1082623,I Sharma,5,2,6.0,1.0,0.0
1082623,KS Williamson,54,27,62.0,4.0,2.0
1082623,M Vohra,3,6,3.0,0.0,0.0
1082623,MC Henriques,7,6,7.0,0.0,0.0
1082623,MJ Guptill,23,11,29.0,4.0,1.0
1082623,MM Sharma,2,4,2.0,0.0,0.0
1082623,S Dhawan,77,50,88.0,9.0,1.0
1082623,SE Marsh,84,50,102.0,14.0,2.0
1082623,WP Saha,2,4,2.0,0.0,0.0
1082623,Yuvraj Singh,15,12,17.0,2.0,0.0
1082624,AB de Villiers,3,8,3.0,0.0,0.0
1082624,AF Milne,5,8,5.0,0.0,0.0
1082624,AM Rahane,6,8,6.0,0.0,0.0
1082624,KM Jadhav,7,13,8.0,1.0,0.0
1082624,MK Tiwary,44,37,50.0,4.0,1.0
1082624,MS Dhoni,21,17,24.0,1.0,1.0
1082624,P Negi,3,7,3.0,0.0,0.0
1082624,RA Tripathi,37,29,43.0,4.0,1.0
1082624,S Aravind,8,5,9.0,1.0,0.0
1082624,S Badree,2,8,2.0,0.0,0.0
1082624,SPD Smith,45,32,52.0,5.0,1.0
1082624,STR Binny,1,7,1.0,0.0,0.0
1082624,Sachin Baby,2,4,2.0,0.0,0.0
1082624,TM Head,2,5,2.0,0.0,0.0
1082624,V Kohli,55,48,61.0,4.0,1.0
1082624,YS Chahal,4,9,4.0,0.0,0.0
1082625,AJ Finch,1,7,1.0,0.0,0.0
1082625,AJ Tye,25,12,31.0,2.0,2.0
1082625,Ankit Soni,7,2,9.0,0.0,1.0
1082625,BB McCullum,7,8,8.0,1.0,0.0
1082625,Basil Thampi,2,4,2.0,0.0,0.0
1082625,HH Pandya,4,5,4.0,0.0,0.0
1082625,Harbhajan Singh,0,1,0.0,0.0,0.0
1082625,IK Pathan,2,3,2.0,0.0,0.0
1082625,Ishan Kishan,48,38,58.0,6.0,2.0
1082625,JC Buttler,10,9,12.0,2.0,0.0
1082625,JJ Bumrah,0,1,0.0,0.0,0.0
1082625,JP Faulkner,21,29,23.0,2.0,0.0
1082625,KA Pollard,25,14,30.0,3.0,1.0
1082625,KD Karthik,2,9,2.0,0.0,0.0
1082625,KH Pandya,29,20,33.0,2.0,1.0
1082625,MJ McClenaghan,1,1,1.0,0.0,0.0
1082625,N Rana,19,16,22.0,1.0,1.0
1082625,PA Patel,70,45,81.0,9.0,1.0
1082625,RA Jadeja,28,22,32.0,2.0,1.0
1082625,RG Sharma,5,13,5.0,0.0,0.0
1082625,SK Raina,1,3,1.0,0.0,0.0
1082625,SL Malinga,0,1,0.0,0.0,0.0
1082626,A Mishra,4,11,4.0,0.0,0.0
1082626,CH Morris,2,5,2.0,0.0,0.0
1082626,CJ Anderson,18,26,20.0,0.0,1.0
1082626,HM Amla,16,22,17.0,1.0,0.0
1082626,K Rabada,11,21,12.0,1.0,0.0
1082626,KK Nair,11,10,13.0,0.0,1.0
1082626,MJ Guptill,50,27,62.0,6.0,3.0
1082626,Mohammed Shami,2,4,2.0,0.0,0.0
1082626,RR Pant,3,6,3.0,0.0,0.0
1082626,S Nadeem,0,1,0.0,0.0,0.0
1082626,SS Iyer,6,7,7.0,1.0,0.0
1082626,SV Samson,5,15,6.0,1.0,0.0
1082626,SW Billings,0,2,0.0,0.0,0.0
1082627,C de Grandhomme,18,15,21.0,1.0,1.0
1082627,CR Woakes,6,3,7.0,1.0,0.0
1082627,DA Warner,126,60,152.0,10.0,8.0
1082627,G Gambhir,11,11,13.0,2.0,0.0
1082627,KS Williamson,40,25,45.0,5.0,0.0
1082627,MK Pandey,39,30,42.0,3.0,0.0
1082627,RV Uthappa,53,28,65.0,4.0,4.0
1082627,S Dhawan,29,33,33.0,2.0,1.0
1082627,SP Jackson,16,17,17.0,1.0,0.0
1082627,SP Narine,1,4,1.0,0.0,0.0
1082627,YK Pathan,12,14,12.0,0.0,0.0
1082627,Yuvraj Singh,6,7,6.0,0.0,0.0
1082628,AB de Villiers,43,28,52.0,3.0,3.0
1082628,AF Milne,0,1,0.0,0.0,0.0
1082628,HH Pandya,14,10,16.0,0.0,1.0
1082628,JC Buttler,33,21,39.0,4.0,1.0
1082628,KA Pollard,17,13,19.0,2.0,0.0
1082628,KH Pandya,2,2,2.0,0.0,0.0
1082628,KM Jadhav,28,22,30.0,2.0,0.0
1082628,KV Sharma,9,8,10.0,1.0,0.0
1082628,Mandeep Singh,17,13,20.0,3.0,0.0
1082628,N Rana,27,29,31.0,4.0,0.0
1082628,P Negi,35,23,42.0,1.0,3.0
1082628,PA Patel,0,1,0.0,0.0,0.0
1082628,RG Sharma,56,39,64.0,6.0,1.0
1082628,SR Watson,3,5,3.0,0.0,0.0
1082628,TM Head,12,15,13.0,1.0,0.0
1082628,V Kohli,20,15,24.0,0.0,2.0
1082629,AJ Finch,13,7,16.0,1.0,1.0
1082629,AM Rahane,4,4,5.0,1.0,0.0
1082629,Ankit Soni,0,1,0.0,0.0,0.0
1082629,BA Stokes,103,64,122.0,7.0,6.0
1082629,BB McCullum,45,28,54.0,5.0,2.0
1082629,Basil Thampi,2,5,2.0,0.0,0.0
1082629,DR Smith,0,1,0.0,0.0,0.0
1082629,DT Christian,17,8,20.0,1.0,1.0
1082629,Ishan Kishan,31,24,38.0,3.0,2.0
1082629,JP Faulkner,6,7,6.0,0.0,0.0
1082629,KD Karthik,29,26,32.0,3.0,0.0
1082629,MK Tiwary,0,3,0.0,0.0,0.0
1082629,MS Dhoni,26,35,29.0,1.0,1.0
1082629,PJ Sangwan,1,2,1.0,0.0,0.0
1082629,RA Jadeja,19,12,22.0,3.0,0.0
1082629,RA Tripathi,6,7,7.0,1.0,0.0
1082629,SK Raina,8,8,8.0,0.0,0.0
1082629,SPD Smith,4,2,5.0,1.0,0.0
1082630,CH Morris,15,7,18.0,1.0,1.0
1082630,CJ Anderson,41,24,49.0,2.0,3.0
1082630,DA Warner,30,21,36.0,4.0,1.0
1082630,KK Nair,39,20,48.0,5.0,2.0
1082630,KS Williamson,24,24,27.0,1.0,1.0
1082630,MC Henriques,25,18,27.0,2.0,0.0
1082630,RR Pant,34,20,40.0,4.0,1.0
1082630,S Dhawan,28,17,34.0,4.0,1.0
1082630,SS Iyer,33,27,38.0,1.0,2.0
1082630,SV Samson,24,19,28.0,2.0,1.0
1082630,Yuvraj Singh,70,43,83.0,11.0,1.0
1082631,AM Rahane,11,9,13.0,2.0,0.0
1082631,BA Stokes,14,15,15.0,1.0,0.0
1082631,C de Grandhomme,36,19,43.0,3.0,2.0
1082631,CR Woakes,1,3,1.0,0.0,0.0
1082631,DT Christian,9,10,11.0,0.0,1.0
1082631,G Gambhir,24,19,29.0,3.0,1.0
1082631,MK Pandey,37,32,43.0,4.0,1.0
1082631,MK Tiwary,8,9,9.0,1.0,0.0
1082631,MS Dhoni,5,9,5.0,0.0,0.0
1082631,NM Coulter-Nile,6,5,8.0,0.0,1.0
1082631,RA Tripathi,93,54,116.0,9.0,7.0
1082631,SA Yadav,30,16,36.0,2.0,2.0
1082631,SP Jackson,10,9,12.0,2.0,0.0
1082631,SP Narine,0,6,0.0,0.0,0.0
1082631,SPD Smith,9,9,11.0,0.0,1.0
1082631,UT Yadav,2,2,2.0,0.0,0.0
1082631,Washington Sundar,1,3,1.0,0.0,0.0
1082631,YK Pathan,4,9,4.0,0.0,0.0
1082632,AJ Finch,27,19,31.0,4.0,0.0
1082632,BB McCullum,1,3,1.0,0.0,0.0
1082632,CJ Anderson,18,14,22.0,0.0,2.0
1082632,DR Smith,9,4,11.0,2.0,0.0
1082632,Ishan Kishan,4,7,4.0,0.0,0.0
1082632,JP Faulkner,1,4,1.0,0.0,0.0
1082632,KD Karthik,65,36,80.0,5.0,5.0
1082632,KK Nair,12,12,14.0,2.0,0.0
1082632,PJ Sangwan,1,1,1.0,0.0,0.0
1082632,RA Jadeja,18,7,22.0,0.0,2.0
1082632,RR Pant,97,44,121.0,6.0,9.0
1082632,SK Raina,77,43,90.0,5.0,4.0
1082632,SS Iyer,14,9,18.0,0.0,2.0
1082632,SV Samson,61,31,75.0,0.0,7.0
1082633,A Choudhary,4,6,4.0,0.0,0.0
1082633,AB de Villiers,10,6,13.0,1.0,1.0
1082633,AR Patel,38,20,45.0,3.0,2.0
1082633,CH Gayle,0,2,0.0,0.0,0.0
1082633,GJ Maxwell,6,11,7.0,1.0,0.0
1082633,HM Amla,1,3,1.0,0.0,0.0
1082633,KM Jadhav,6,6,7.0,1.0,0.0
1082633,M Vohra,25,28,28.0,1.0,1.0
1082633,MJ Guptill,9,10,10.0,1.0,0.0
1082633,MM Sharma,6,4,7.0,1.0,0.0
1082633,Mandeep Singh,46,40,55.0,5.0,2.0
1082633,P Negi,21,25,23.0,2.0,0.0
1082633,S Aravind,4,6,4.0,0.0,0.0
1082633,S Badree,8,10,8.0,0.0,0.0
1082633,SE Marsh,20,17,23.0,3.0,0.0
1082633,SR Watson,3,6,3.0,0.0,0.0
1082633,V Kohli,6,6,7.0,1.0,0.0
1082633,VR Aaron,0,5,0.0,0.0,0.0
1082633,WP Saha,21,25,22.0,1.0,0.0
1082633,YS Chahal,4,4,4.0,0.0,0.0
1082634,AM Rahane,22,20,24.0,0.0,1.0
1082634,B Kumar,0,1,0.0,0.0,0.0
1082634,BA Stokes,39,26,46.0,1.0,3.0
1082634,Bipul Sharma,8,8,8.0,0.0,0.0
1082634,DA Warner,40,34,46.0,4.0,1.0
1082634,DT Christian,4,2,5.0,1.0,0.0
1082634,KS Williamson,4,2,5.0,1.0,0.0
1082634,MC Henriques,4,6,4.0,0.0,0.0
1082634,MK Tiwary,9,5,10.0,1.0,0.0
1082634,MS Dhoni,31,23,37.0,2.0,2.0
1082634,NV Ojha,9,9,11.0,0.0,1.0
1082634,RA Tripathi,1,4,1.0,0.0,0.0
1082634,Rashid Khan,3,4,3.0,0.0,0.0
1082634,S Dhawan,19,12,23.0,2.0,1.0
1082634,S Kaul,0,2,0.0,0.0,0.0
1082634,SN Thakur,0,1,0.0,0.0,0.0
1082634,SPD Smith,34,40,34.0,0.0,0.0
1082634,Washington Sundar,1,3,1.0,0.0,0.0
1082634,Yuvraj Singh,47,44,55.0,4.0,2.0
1082635,A Mishra,9,15,9.0,0.0,0.0
1082635,CJ Anderson,10,8,12.0,2.0,0.0
1082635,HH Pandya,29,17,36.0,1.0,3.0
1082635,K Rabada,0,5,0.0,0.0,0.0
1082635,KA Pollard,63,38,76.0,5.0,4.0
1082635,KK Nair,21,15,26.0,3.0,1.0
1082635,LMP Simmons,66,44,79.0,5.0,4.0
1082635,MN Samuels,1,5,1.0,0.0,0.0
1082635,Mohammed Shami,7,4,9.0,0.0,1.0
1082635,PA Patel,25,23,28.0,3.0,0.0
1082635,PJ Cummins,10,10,12.0,0.0,1.0
1082635,RG Sharma,10,6,11.0,1.0,0.0
1082635,RR Pant,0,3,0.0,0.0,0.0
1082635,SS Iyer,3,6,3.0,0.0,0.0
1082635,SV Samson,0,1,0.0,0.0,0.0
1082635,Z Khan,2,11,2.0,0.0,0.0
1082636,AB de Villiers,10,8,12.0,2.0,0.0
1082636,C de Grandhomme,31,28,36.0,1.0,2.0
1082636,CA Lynn,50,22,63.0,5.0,4.0
1082636,CH Gayle,0,1,0.0,0.0,0.0
1082636,G Gambhir,14,16,14.0,0.0,0.0
1082636,KM Jadhav,8,9,9.0,1.0,0.0
1082636,MK Pandey,4,3,4.0,0.0,0.0
1082636,Mandeep Singh,52,44,58.0,4.0,1.0
1082636,P Negi,5,3,6.0,1.0,0.0
1082636,SP Narine,54,19,68.0,6.0,4.0
1082636,TM Head,75,48,88.0,3.0,5.0
1082636,V Kohli,5,9,5.0,0.0,0.0
1082636,YK Pathan,0,6,0.0,0.0,0.0
1082637,AJ Finch,2,2,2.0,0.0,0.0
1082637,AR Patel,2,1,2.0,0.0,0.0
1082637,DR Smith,74,39,90.0,8.0,4.0
1082637,GJ Maxwell,20,11,24.0,0.0,2.0
1082637,HM Amla,104,61,122.0,8.0,5.0
1082637,Ishan Kishan,29,24,32.0,3.0,0.0
1082637,KD Karthik,35,23,39.0,2.0,1.0
1082637,MJ Guptill,2,5,2.0,0.0,0.0
1082637,RA Jadeja,7,8,7.0,0.0,0.0
1082637,SE Marsh,58,45,64.0,6.0,0.0
1082637,SK Raina,39,25,45.0,4.0,1.0
1082638,DA Warner,6,6,7.0,1.0,0.0
1082638,HH Pandya,15,25,15.0,0.0,0.0
1082638,Harbhajan Singh,1,4,1.0,0.0,0.0
1082638,KA Pollard,5,11,5.0,0.0,0.0
1082638,KV Sharma,5,5,6.0,1.0,0.0
1082638,LMP Simmons,1,5,1.0,0.0,0.0
1082638,MC Henriques,44,35,50.0,6.0,0.0
1082638,MJ McClenaghan,2,1,2.0,0.0,0.0
1082638,N Rana,9,12,11.0,2.0,0.0
1082638,PA Patel,23,18,26.0,1.0,1.0
1082638,RG Sharma,67,45,77.0,6.0,2.0
1082638,S Dhawan,62,46,70.0,4.0,2.0
1082638,V Shankar,15,13,16.0,1.0,0.0
1082638,Yuvraj Singh,9,12,10.0,1.0,0.0
1082639,AR Patel,8,10,8.0,0.0,0.0
1082639,C de Grandhomme,11,7,12.0,1.0,0.0
1082639,CA Lynn,84,54,98.0,8.0,3.0
1082639,CR Woakes,8,6,10.0,0.0,1.0
1082639,G Gambhir,8,18,8.0,0.0,0.0
1082639,GJ Maxwell,44,27,53.0,1.0,4.0
1082639,M Vohra,25,18,29.0,4.0,0.0
1082639,MJ Guptill,12,16,13.0,1.0,0.0
1082639,MK Pandey,18,23,19.0,1.0,0.0
1082639,R Tewatia,15,8,18.0,3.0,0.0
1082639,RV Uthappa,0,1,0.0,0.0,0.0
1082639,SE Marsh,11,11,13.0,2.0,0.0
1082639,SP Narine,18,10,22.0,4.0,0.0
1082639,Swapnil Singh,2,2,2.0,0.0,0.0
1082639,WP Saha,38,34,42.0,2.0,1.0
1082639,YK Pathan,2,3,2.0,0.0,0.0
1082640,A Mishra,8,2,10.0,2.0,0.0
1082640,AJ Finch,69,40,83.0,6.0,4.0
1082640,CJ Anderson,6,6,7.0,1.0,0.0
1082640,CR Brathwaite,11,11,13.0,2.0,0.0
1082640,DR Smith,8,8,9.0,1.0,0.0
1082640,Ishan Kishan,34,27,41.0,5.0,1.0
1082640,JP Faulkner,14,8,15.0,1.0,0.0
1082640,KD Karthik,40,29,46.0,4.0,1.0
1082640,KK Nair,30,15,37.0,5.0,1.0
1082640,MN Samuels,1,4,1.0,0.0,0.0
1082640,Mohammed Shami,4,2,5.0,1.0,0.0
1082640,PJ Cummins,24,13,28.0,2.0,1.0
1082640,RA Jadeja,13,7,15.0,2.0,0.0
1082640,RR Pant,4,2,5.0,1.0,0.0
1082640,SK Raina,6,5,7.0,1.0,0.0
1082640,SS Iyer,96,57,115.0,15.0,2.0
1082640,SV Samson,10,7,12.0,2.0,0.0
1082641,AR Patel,19,13,21.0,0.0,1.0
1082641,GJ Maxwell,47,22,59.0,2.0,5.0
1082641,HH Pandya,30,14,38.0,0.0,4.0
1082641,Harbhajan Singh,2,4,2.0,0.0,0.0
1082641,KA Pollard,50,26,61.0,1.0,5.0
1082641,KV Sharma,19,6,24.0,3.0,1.0
1082641,LMP Simmons,59,33,72.0,5.0,4.0
1082641,MJ Guptill,36,18,43.0,5.0,1.0
1082641,N Rana,12,12,14.0,2.0,0.0
1082641,PA Patel,38,24,45.0,7.0,0.0
1082641,RG Sharma,5,7,5.0,0.0,0.0
1082641,SE Marsh,25,17,29.0,0.0,2.0
1082641,WP Saha,93,59,110.0,11.0,3.0
1082642,A Mishra,13,10,15.0,0.0,1.0
1082642,AM Rahane,0,1,0.0,0.0,0.0
1082642,BA Stokes,33,26,40.0,3.0,2.0
1082642,CJ Anderson,3,6,3.0,0.0,0.0
1082642,DT Christian,3,3,3.0,0.0,0.0
1082642,KK Nair,64,45,73.0,9.0,0.0
1082642,MK Tiwary,60,46,71.0,5.0,3.0
1082642,MN Samuels,27,22,32.0,1.0,2.0
1082642,MS Dhoni,5,5,5.0,0.0,0.0
1082642,Mohammed Shami,2,4,2.0,0.0,0.0
1082642,PJ Cummins,11,7,13.0,0.0,1.0
1082642,RA Tripathi,7,6,8.0,1.0,0.0
1082642,RR Pant,36,22,44.0,4.0,2.0
1082642,SPD Smith,38,35,44.0,4.0,1.0
1082642,SS Iyer,3,4,3.0,0.0,0.0
1082642,SV Samson,2,4,2.0,0.0,0.0
1082642,Washington Sundar,5,3,5.0,0.0,0.0
1082643,AJ Finch,2,3,2.0,0.0,0.0
1082643,Ankit Soni,0,6,0.0,0.0,0.0
1082643,DA Warner,69,52,78.0,9.0,0.0
1082643,DR Smith,54,33,65.0,7.0,2.0
1082643,Ishan Kishan,61,41,74.0,5.0,4.0
1082643,JP Faulkner,8,10,9.0,1.0,0.0
1082643,KD Karthik,0,1,0.0,0.0,0.0
1082643,MC Henriques,4,2,5.0,1.0,0.0
1082643,MM Patel,0,1,0.0,0.0,0.0
1082643,P Kumar,1,2,1.0,0.0,0.0
1082643,PJ Sangwan,0,1,0.0,0.0,0.0
1082643,RA Jadeja,20,15,22.0,2.0,0.0
1082643,S Dhawan,18,12,22.0,4.0,0.0
1082643,SK Raina,2,5,2.0,0.0,0.0
1082643,V Shankar,63,44,72.0,9.0,0.0
1082644,AT Rayudu,63,37,75.0,6.0,3.0
1082644,C de Grandhomme,29,16,35.0,4.0,1.0
1082644,CA Lynn,26,15,33.0,3.0,2.0
1082644,G Gambhir,21,17,26.0,3.0,1.0
1082644,HH Pandya,1,3,1.0,0.0,0.0
1082644,KA Pollard,13,11,15.0,0.0,1.0
1082644,KH Pandya,0,1,0.0,0.0,0.0
1082644,Kuldeep Yadav,16,15,18.0,2.0,0.0
1082644,LMP Simmons,0,5,0.0,0.0,0.0
1082644,MK Pandey,33,33,35.0,2.0,0.0
1082644,RG Sharma,27,22,33.0,4.0,1.0
1082644,RV Uthappa,2,4,2.0,0.0,0.0
1082644,SP Narine,0,4,0.0,0.0,0.0
1082644,SS Tiwary,52,46,61.0,9.0,0.0
1082644,TA Boult,5,8,5.0,0.0,0.0
1082644,UT Yadav,4,4,4.0,0.0,0.0
1082644,YK Pathan,20,9,26.0,0.0,3.0
1082645,AM Rahane,34,34,37.0,1.0,1.0
1082645,AR Patel,22,21,25.0,1.0,1.0
1082645,EJG Morgan,4,4,5.0,1.0,0.0
1082645,GJ Maxwell,0,4,0.0,0.0,0.0
1082645,I Sharma,1,5,1.0,0.0,0.0
1082645,MJ Guptill,0,1,0.0,0.0,0.0
1082645,MM Sharma,6,12,6.0,0.0,0.0
1082645,R Tewatia,4,3,5.0,1.0,0.0
1082645,RA Tripathi,28,21,34.0,4.0,1.0
1082645,SE Marsh,10,13,12.0,2.0,0.0
1082645,SPD Smith,15,18,15.0,0.0,0.0
1082645,Swapnil Singh,10,17,10.0,0.0,0.0
1082645,WP Saha,13,18,15.0,0.0,1.0
1082646,A Mishra,7,4,9.0,0.0,1.0
1082646,CH Gayle,48,39,57.0,3.0,3.0
1082646,CJ Anderson,3,9,3.0,0.0,0.0
1082646,KK Nair,26,22,31.0,5.0,0.0
1082646,KM Jadhav,12,10,14.0,0.0,1.0
1082646,MN Samuels,0,1,0.0,0.0,0.0
1082646,Mohammed Shami,21,9,26.0,3.0,1.0
1082646,P Negi,13,6,16.0,3.0,0.0
1082646,PJ Cummins,7,3,9.0,0.0,1.0
1082646,RR Pant,45,34,52.0,3.0,2.0
1082646,S Nadeem,2,6,2.0,0.0,0.0
1082646,SR Watson,4,5,4.0,0.0,0.0
1082646,SS Iyer,32,31,36.0,2.0,1.0
1082646,SV Samson,0,2,0.0,0.0,0.0
1082646,Sachin Baby,12,10,14.0,2.0,0.0
1082646,TM Head,2,2,2.0,0.0,0.0
1082646,V Kohli,58,46,67.0,3.0,3.0
1082646,Vishnu Vinod,3,9,3.0,0.0,0.0
1082646,Z Khan,1,1,1.0,0.0,0.0
1082647,AM Rahane,56,44,63.0,5.0,1.0
1082647,AT Rayudu,0,3,0.0,0.0,0.0
1082647,HH Pandya,14,10,17.0,1.0,1.0
1082647,JJ Bumrah,16,11,18.0,0.0,1.0
1082647,KA Pollard,7,10,8.0,1.0,0.0
1082647,KH Pandya,15,12,17.0,2.0,0.0
1082647,KV Sharma,4,8,4.0,0.0,0.0
1082647,LMP Simmons,5,15,5.0,0.0,0.0
1082647,MJ McClenaghan,12,12,14.0,0.0,1.0
1082647,MK Tiwary,58,48,66.0,4.0,2.0
1082647,MS Dhoni,40,29,50.0,0.0,5.0
1082647,PA Patel,52,42,61.0,3.0,3.0
1082647,RA Tripathi,0,2,0.0,0.0,0.0
1082647,RG Sharma,1,2,1.0,0.0,0.0
1082647,SL Malinga,7,2,9.0,0.0,1.0
1082647,SPD Smith,1,2,1.0,0.0,0.0
1082648,Bipul Sharma,2,3,2.0,0.0,0.0
1082648,CA Lynn,6,2,8.0,0.0,1.0
1082648,CJ Jordan,0,1,0.0,0.0,0.0
1082648,DA Warner,37,35,43.0,2.0,2.0
1082648,G Gambhir,32,21,38.0,2.0,2.0
1082648,IR Jaggi,5,8,5.0,0.0,0.0
1082648,KS Williamson,24,26,28.0,2.0,1.0
1082648,NV Ojha,16,17,18.0,0.0,1.0
1082648,RV Uthappa,1,3,1.0,0.0,0.0
1082648,S Dhawan,11,13,12.0,1.0,0.0
1082648,V Shankar,22,18,26.0,2.0,1.0
1082648,YK Pathan,0,1,0.0,0.0,0.0
1082648,Yuvraj Singh,9,9,11.0,2.0,0.0
1082649,AS Rajpoot,4,7,5.0,1.0,0.0
1082649,AT Rayudu,6,12,6.0,0.0,0.0
1082649,C de Grandhomme,0,1,0.0,0.0,0.0
1082649,CA Lynn,4,8,4.0,0.0,0.0
1082649,G Gambhir,12,16,14.0,2.0,0.0
1082649,IR Jaggi,28,32,31.0,3.0,0.0
1082649,KA Pollard,9,10,10.0,1.0,0.0
1082649,KH Pandya,45,30,53.0,8.0,0.0
1082649,LMP Simmons,3,6,3.0,0.0,0.0
1082649,NM Coulter-Nile,6,4,8.0,0.0,1.0
1082649,PA Patel,14,9,17.0,3.0,0.0
1082649,PP Chawla,2,6,2.0,0.0,0.0
1082649,RG Sharma,26,24,29.0,1.0,1.0
1082649,RV Uthappa,1,3,1.0,0.0,0.0
1082649,SA Yadav,31,26,35.0,2.0,1.0
1082649,SP Narine,10,10,12.0,0.0,1.0
1082649,UT Yadav,2,3,2.0,0.0,0.0
1082650,AM Rahane,44,38,49.0,5.0,0.0
1082650,AT Rayudu,12,16,13.0,1.0,0.0
1082650,DT Christian,4,2,4.0,0.0,0.0
1082650,HH Pandya,10,9,12.0,0.0,1.0
1082650,KA Pollard,7,3,9.0,0.0,1.0
1082650,KH Pandya,47,41,54.0,3.0,2.0
1082650,KV Sharma,1,5,1.0,0.0,0.0
1082650,LMP Simmons,3,8,3.0,0.0,0.0
1082650,MG Johnson,13,14,15.0,0.0,1.0
1082650,MK Tiwary,7,8,8.0,1.0,0.0
1082650,MS Dhoni,10,13,11.0,1.0,0.0
1082650,PA Patel,4,6,4.0,0.0,0.0
1082650,RA Tripathi,3,8,3.0,0.0,0.0
1082650,RG Sharma,24,23,28.0,4.0,0.0
1082650,SPD Smith,51,53,57.0,2.0,2.0
1082650,Washington Sundar,0,1,0.0,0.0,0.0
1136561,AT Rayudu,22,19,26.0,4.0,0.0
1136561,DJ Bravo,68,30,85.0,3.0,7.0
1136561,DL Chahar,0,1,0.0,0.0,0.0
1136561,E Lewis,0,2,0.0,0.0,0.0
1136561,HH Pandya,22,20,24.0,2.0,0.0
1136561,Harbhajan Singh,8,6,9.0,1.0,0.0
1136561,Imran Tahir,2,2,2.0,0.0,0.0
1136561,Ishan Kishan,40,29,46.0,4.0,1.0
1136561,KH Pandya,41,23,50.0,5.0,2.0
1136561,KM Jadhav,24,23,29.0,1.0,2.0
1136561,MA Wood,1,5,1.0,0.0,0.0
1136561,MS Dhoni,5,5,5.0,0.0,0.0
1136561,RA Jadeja,12,13,13.0,1.0,0.0
1136561,RG Sharma,15,19,18.0,1.0,1.0
1136561,SA Yadav,43,29,51.0,6.0,1.0
1136561,SK Raina,4,6,4.0,0.0,0.0
1136561,SR Watson,16,14,19.0,1.0,1.0
1136562,C Munro,4,6,4.0,0.0,0.0
1136562,CH Morris,27,16,30.0,1.0,1.0
1136562,DA Miller,24,23,25.0,1.0,0.0
1136562,DT Christian,13,13,15.0,0.0,1.0
1136562,G Gambhir,55,42,62.0,5.0,1.0
1136562,KK Nair,50,33,59.0,5.0,2.0
1136562,KL Rahul,51,16,65.0,6.0,4.0
1136562,MA Agarwal,7,5,9.0,0.0,1.0
1136562,MP Stoinis,22,15,24.0,2.0,0.0
1136562,R Tewatia,9,7,10.0,1.0,0.0
1136562,RR Pant,28,13,34.0,4.0,1.0
1136562,SS Iyer,11,13,13.0,0.0,1.0
1136562,V Shankar,13,14,13.0,0.0,0.0
1136562,Yuvraj Singh,12,22,14.0,2.0,0.0
1136563,AB de Villiers,44,23,55.0,1.0,5.0
1136563,AD Russell,15,13,19.0,2.0,1.0
1136563,BB McCullum,43,28,53.0,6.0,2.0
1136563,CA Lynn,5,8,6.0,1.0,0.0
1136563,CR Woakes,5,5,6.0,1.0,0.0
1136563,KD Karthik,35,32,39.0,4.0,0.0
1136563,Mandeep Singh,37,18,45.0,4.0,2.0
1136563,N Rana,34,27,40.0,2.0,2.0
1136563,Q de Kock,4,4,5.0,1.0,0.0
1136563,R Vinay Kumar,6,4,7.0,1.0,0.0
1136563,RK Singh,6,7,7.0,1.0,0.0
1136563,RV Uthappa,13,12,15.0,0.0,1.0
1136563,SN Khan,6,10,6.0,0.0,0.0
1136563,SP Narine,50,20,64.0,4.0,5.0
1136563,V Kohli,31,33,34.0,1.0,1.0
1136564,AM Rahane,13,14,15.0,2.0,0.0
1136564,B Laughlin,1,3,1.0,0.0,0.0
1136564,BA Stokes,5,8,5.0,0.0,0.0
1136564,DJM Short,4,5,5.0,1.0,0.0
1136564,DS Kulkarni,3,4,3.0,0.0,0.0
1136564,JC Buttler,6,9,6.0,0.0,0.0
1136564,JD Unadkat,1,2,1.0,0.0,0.0
1136564,K Gowtham,0,2,0.0,0.0,0.0
1136564,KS Williamson,36,35,41.0,3.0,1.0
1136564,RA Tripathi,17,15,19.0,2.0,0.0
1136564,S Dhawan,78,59,93.0,13.0,1.0
1136564,S Gopal,18,20,20.0,2.0,0.0
1136564,SV Samson,49,43,54.0,5.0,0.0
1136564,WP Saha,5,6,6.0,1.0,0.0
1136565,AD Russell,88,36,111.0,1.0,11.0
1136565,AT Rayudu,39,26,46.0,3.0,2.0
1136565,CA Lynn,22,16,26.0,4.0,0.0
1136565,DJ Bravo,11,5,13.0,0.0,1.0
1136565,KD Karthik,26,26,30.0,2.0,1.0
1136565,MS Dhoni,25,30,28.0,1.0,1.0
1136565,N Rana,16,14,18.0,2.0,0.0
1136565,RA Jadeja,11,8,13.0,0.0,1.0
1136565,RK Singh,2,4,2.0,0.0,0.0
1136565,RV Uthappa,29,17,37.0,2.0,3.0
1136565,SK Raina,14,12,16.0,0.0,1.0
1136565,SP Narine,12,5,16.0,0.0,2.0
1136565,SR Watson,42,19,51.0,3.0,3.0
1136565,SW Billings,56,23,68.0,2.0,5.0
1136565,TK Curran,2,5,2.0,0.0,0.0
1136566,AM Rahane,45,40,50.0,5.0,0.0
1136566,BA Stokes,16,12,19.0,1.0,1.0
1136566,CH Morris,17,7,21.0,2.0,1.0
1136566,DJM Short,6,3,7.0,1.0,0.0
1136566,GJ Maxwell,17,12,21.0,2.0,1.0
1136566,JC Buttler,29,19,35.0,2.0,2.0
1136566,K Gowtham,2,2,2.0,0.0,0.0
1136566,RA Tripathi,15,11,17.0,0.0,1.0
1136566,RR Pant,20,15,23.0,3.0,0.0
1136566,SV Samson,37,22,43.0,2.0,2.0
1136566,V Shankar,3,3,3.0,0.0,0.0
1136567,B Stanlake,5,2,6.0,1.0,0.0
1136567,BCJ Cutting,9,9,10.0,1.0,0.0
1136567,DJ Hooda,32,26,35.0,1.0,1.0
1136567,E Lewis,29,18,36.0,3.0,2.0
1136567,Ishan Kishan,9,9,11.0,2.0,0.0
1136567,JJ Bumrah,4,5,4.0,0.0,0.0
1136567,KA Pollard,28,23,35.0,3.0,2.0
1136567,KH Pandya,15,11,17.0,2.0,0.0
1136567,KS Williamson,6,4,7.0,1.0,0.0
1136567,M Markande,6,3,7.0,1.0,0.0
1136567,MK Pandey,11,8,12.0,1.0,0.0
1136567,PJ Sangwan,0,5,0.0,0.0,0.0
1136567,RG Sharma,11,10,14.0,1.0,1.0
1136567,Rashid Khan,0,1,0.0,0.0,0.0
1136567,S Dhawan,45,28,53.0,8.0,0.0
1136567,S Kaul,0,4,0.0,0.0,0.0
1136567,SA Yadav,28,31,32.0,2.0,1.0
1136567,Sandeep Sharma,0,2,0.0,0.0,0.0
1136567,Shakib Al Hasan,12,12,13.0,1.0,0.0
1136567,WP Saha,22,20,25.0,3.0,0.0
1136567,YK Pathan,14,14,16.0,2.0,0.0
1136568,AB de Villiers,57,40,67.0,2.0,4.0
1136568,AJ Finch,0,1,0.0,0.0,0.0
1136568,AJ Tye,7,8,7.0,0.0,0.0
1136568,AR Patel,2,3,2.0,0.0,0.0
1136568,BB McCullum,0,1,0.0,0.0,0.0
1136568,CR Woakes,1,2,1.0,0.0,0.0
1136568,KK Nair,29,27,32.0,3.0,0.0
1136568,KL Rahul,47,30,57.0,2.0,4.0
1136568,MA Agarwal,15,11,18.0,3.0,0.0
1136568,MM Sharma,1,3,1.0,0.0,0.0
1136568,MP Stoinis,11,9,13.0,0.0,1.0
1136568,Mandeep Singh,22,20,23.0,1.0,0.0
1136568,Mujeeb Ur Rahman,0,2,0.0,0.0,0.0
1136568,Q de Kock,45,34,54.0,7.0,1.0
1136568,R Ashwin,33,21,38.0,3.0,1.0
1136568,SN Khan,0,1,0.0,0.0,0.0
1136568,V Kohli,21,16,25.0,4.0,0.0
1136568,Washington Sundar,9,4,11.0,2.0,0.0
1136568,Yuvraj Singh,4,4,5.0,1.0,0.0
1136569,A Dananjaya,4,5,4.0,0.0,0.0
1136569,E Lewis,48,31,60.0,4.0,4.0
1136569,G Gambhir,15,16,17.0,2.0,0.0
1136569,GJ Maxwell,13,6,16.0,1.0,1.0
1136569,HH Pandya,2,3,2.0,0.0,0.0
1136569,Ishan Kishan,44,23,53.0,5.0,2.0
1136569,JJ Roy,91,54,109.0,6.0,6.0
1136569,KA Pollard,0,1,0.0,0.0,0.0
1136569,KH Pandya,11,11,12.0,1.0,0.0
1136569,M Markande,4,3,4.0,0.0,0.0
1136569,RG Sharma,18,16,20.0,2.0,0.0
1136569,RR Pant,47,25,57.0,6.0,2.0
1136569,SA Yadav,53,32,62.0,7.0,1.0
1136569,SS Iyer,27,20,32.0,3.0,1.0
1136570,AD Russell,9,5,11.0,0.0,1.0
1136570,CA Lynn,49,34,58.0,7.0,1.0
1136570,DJ Hooda,5,9,5.0,0.0,0.0
1136570,KD Karthik,29,27,33.0,2.0,1.0
1136570,KS Williamson,50,44,56.0,4.0,1.0
1136570,MG Johnson,4,5,4.0,0.0,0.0
1136570,MK Pandey,4,11,4.0,0.0,0.0
1136570,N Rana,18,16,22.0,2.0,1.0
1136570,RV Uthappa,3,8,3.0,0.0,0.0
1136570,S Dhawan,7,8,8.0,1.0,0.0
1136570,SP Narine,9,11,10.0,1.0,0.0
1136570,Shakib Al Hasan,27,21,31.0,2.0,1.0
1136570,Shivam Mavi,7,8,7.0,0.0,0.0
1136570,Shubman Gill,3,9,3.0,0.0,0.0
1136570,WP Saha,24,18,29.0,5.0,0.0
1136570,YK Pathan,17,8,21.0,2.0,1.0
1136571,AB de Villiers,20,18,23.0,1.0,1.0
1136571,AM Rahane,36,22,44.0,6.0,1.0
1136571,BA Stokes,27,22,31.0,2.0,1.0
1136571,BB McCullum,4,4,5.0,1.0,0.0
1136571,CR Woakes,0,1,0.0,0.0,0.0
1136571,DJM Short,11,18,12.0,1.0,0.0
1136571,JC Buttler,23,15,27.0,2.0,1.0
1136571,Mandeep Singh,47,25,55.0,6.0,1.0
1136571,P Negi,3,4,3.0,0.0,0.0
1136571,Q de Kock,26,19,30.0,4.0,0.0
1136571,RA Tripathi,14,5,17.0,1.0,1.0
1136571,SV Samson,92,46,114.0,2.0,10.0
1136571,V Kohli,57,31,68.0,7.0,2.0
1136571,Washington Sundar,35,21,42.0,1.0,3.0
1136572,AJ Finch,0,1,0.0,0.0,0.0
1136572,AJ Tye,3,4,3.0,0.0,0.0
1136572,AT Rayudu,49,37,56.0,5.0,1.0
1136572,CH Gayle,63,34,78.0,7.0,4.0
1136572,DJ Bravo,1,1,1.0,0.0,0.0
1136572,KK Nair,29,17,33.0,2.0,1.0
1136572,KL Rahul,37,22,44.0,7.0,0.0
1136572,M Vijay,12,11,14.0,0.0,1.0
1136572,MA Agarwal,30,19,35.0,1.0,2.0
1136572,MS Dhoni,79,47,95.0,6.0,5.0
1136572,R Ashwin,14,11,16.0,0.0,1.0
1136572,RA Jadeja,19,15,22.0,1.0,1.0
1136572,SR Watson,11,10,13.0,2.0,0.0
1136572,SW Billings,9,8,10.0,1.0,0.0
1136572,Yuvraj Singh,20,13,24.0,2.0,1.0
1136573,AD Russell,41,12,53.0,0.0,6.0
1136573,CA Lynn,31,29,37.0,4.0,1.0
1136573,CH Morris,2,3,2.0,0.0,0.0
1136573,G Gambhir,8,7,9.0,1.0,0.0
1136573,GJ Maxwell,47,22,58.0,3.0,4.0
1136573,JJ Roy,1,4,1.0,0.0,0.0
1136573,KD Karthik,19,11,23.0,2.0,1.0
1136573,Mohammed Shami,7,6,8.0,1.0,0.0
1136573,N Rana,59,36,72.0,5.0,4.0
1136573,PP Chawla,0,3,0.0,0.0,0.0
1136573,R Tewatia,1,2,1.0,0.0,0.0
1136573,RR Pant,43,30,52.0,7.0,1.0
1136573,RV Uthappa,35,19,43.0,2.0,3.0
1136573,S Nadeem,6,8,6.0,0.0,0.0
1136573,SP Narine,1,4,1.0,0.0,0.0
1136573,SS Iyer,4,3,5.0,1.0,0.0
1136573,Shubman Gill,6,5,7.0,1.0,0.0
1136573,TA Boult,0,2,0.0,0.0,0.0
1136573,TK Curran,2,3,2.0,0.0,0.0
1136573,V Shankar,2,4,2.0,0.0,0.0
1136574,AB de Villiers,1,2,1.0,0.0,0.0
1136574,CJ Anderson,0,1,0.0,0.0,0.0
1136574,CR Woakes,11,11,13.0,0.0,1.0
1136574,E Lewis,65,44,81.0,6.0,5.0
1136574,HH Pandya,17,5,22.0,1.0,2.0
1136574,Ishan Kishan,0,1,0.0,0.0,0.0
1136574,KA Pollard,5,8,5.0,0.0,0.0
1136574,KH Pandya,15,13,18.0,1.0,1.0
1136574,MJ McClenaghan,0,1,0.0,0.0,0.0
1136574,Mandeep Singh,16,16,17.0,1.0,0.0
1136574,Mohammed Siraj,8,3,10.0,0.0,1.0
1136574,Q de Kock,19,13,23.0,2.0,1.0
1136574,RG Sharma,94,54,114.0,10.0,5.0
1136574,SA Yadav,0,1,0.0,0.0,0.0
1136574,SN Khan,5,6,6.0,1.0,0.0
1136574,UT Yadav,1,2,1.0,0.0,0.0
1136574,V Kohli,92,62,107.0,7.0,4.0
1136574,Washington Sundar,7,8,8.0,1.0,0.0
1136575,AM Rahane,36,19,43.0,5.0,1.0
1136575,BA Stokes,14,11,16.0,0.0,1.0
1136575,CA Lynn,0,2,0.0,0.0,0.0
1136575,DJM Short,44,43,51.0,5.0,1.0
1136575,DS Kulkarni,3,3,3.0,0.0,0.0
1136575,JC Buttler,24,21,26.0,2.0,0.0
1136575,K Gowtham,12,7,14.0,0.0,1.0
1136575,KD Karthik,42,23,48.0,2.0,2.0
1136575,N Rana,35,28,39.0,2.0,1.0
1136575,RA Tripathi,15,11,17.0,2.0,0.0
1136575,RV Uthappa,48,37,58.0,6.0,2.0
1136575,S Gopal,0,1,0.0,0.0,0.0
1136575,SP Narine,35,25,42.0,5.0,1.0
1136575,SV Samson,7,8,8.0,1.0,0.0
1136576,AJ Finch,14,6,17.0,1.0,1.0
1136576,CH Gayle,104,65,127.0,1.0,11.0
1136576,DJ Hooda,5,5,5.0,0.0,0.0
1136576,KK Nair,31,22,36.0,3.0,1.0
1136576,KL Rahul,18,21,21.0,3.0,0.0
1136576,KS Williamson,54,41,61.0,3.0,2.0
1136576,MA Agarwal,18,9,22.0,2.0,1.0
1136576,MK Pandey,57,47,62.0,3.0,1.0
1136576,S Dhawan,0,1,0.0,0.0,0.0
1136576,Shakib Al Hasan,24,15,29.0,1.0,2.0
1136576,WP Saha,6,8,7.0,1.0,0.0
1136576,YK Pathan,19,13,22.0,3.0,0.0
1136577,AM Rahane,16,13,19.0,1.0,1.0
1136577,AT Rayudu,12,8,14.0,2.0,0.0
1136577,B Laughlin,0,1,0.0,0.0,0.0
1136577,BA Stokes,45,38,50.0,3.0,1.0
1136577,DJ Bravo,24,18,28.0,4.0,0.0
1136577,H Klaasen,7,7,8.0,1.0,0.0
1136577,JC Buttler,22,20,25.0,1.0,1.0
1136577,JD Unadkat,16,10,19.0,3.0,0.0
1136577,K Gowtham,1,2,1.0,0.0,0.0
1136577,MS Dhoni,5,3,6.0,1.0,0.0
1136577,RA Jadeja,2,1,2.0,0.0,0.0
1136577,RA Tripathi,5,7,5.0,0.0,0.0
1136577,S Gopal,8,10,8.0,0.0,0.0
1136577,SK Raina,46,31,55.0,9.0,0.0
1136577,SR Watson,106,58,127.0,9.0,6.0
1136577,STR Binny,10,8,11.0,1.0,0.0
1136577,SV Samson,2,3,2.0,0.0,0.0
1136577,SW Billings,3,7,3.0,0.0,0.0
1136578,AD Russell,10,8,12.0,2.0,0.0
1136578,CA Lynn,74,41,88.0,6.0,4.0
1136578,CH Gayle,62,39,79.0,5.0,6.0
1136578,KD Karthik,43,30,49.0,6.0,0.0
1136578,KL Rahul,60,28,73.0,9.0,2.0
1136578,MA Agarwal,2,2,2.0,0.0,0.0
1136578,N Rana,3,5,3.0,0.0,0.0
1136578,PP Chawla,2,3,2.0,0.0,0.0
1136578,RV Uthappa,34,24,41.0,5.0,1.0
1136578,SP Narine,1,4,1.0,0.0,0.0
1136578,Shubman Gill,14,10,16.0,2.0,0.0
1136578,TK Curran,1,3,1.0,0.0,0.0
1136579,AB de Villiers,90,40,110.0,10.0,5.0
1136579,CJ Anderson,15,13,17.0,0.0,1.0
1136579,G Gambhir,3,10,3.0,0.0,0.0
1136579,GJ Maxwell,4,6,4.0,0.0,0.0
1136579,JJ Roy,5,17,5.0,0.0,0.0
1136579,M Vohra,2,6,2.0,0.0,0.0
1136579,Mandeep Singh,17,10,20.0,1.0,1.0
1136579,Q de Kock,18,16,21.0,1.0,1.0
1136579,R Tewatia,13,9,16.0,3.0,0.0
1136579,RR Pant,85,50,105.0,6.0,7.0
1136579,SS Iyer,52,31,62.0,4.0,3.0
1136579,V Kohli,30,26,34.0,2.0,1.0
1136580,AT Rayudu,79,39,96.0,9.0,4.0
1136580,DJ Hooda,1,7,1.0,0.0,0.0
1136580,F du Plessis,11,13,12.0,1.0,0.0
1136580,KS Williamson,84,52,100.0,6.0,5.0
1136580,MK Pandey,0,2,0.0,0.0,0.0
1136580,MS Dhoni,25,12,30.0,3.0,1.0
1136580,RK Bhui,0,5,0.0,0.0,0.0
1136580,Rashid Khan,17,4,22.0,1.0,2.0
1136580,SK Raina,54,44,63.0,5.0,2.0
1136580,SR Watson,9,16,11.0,0.0,1.0
1136580,Shakib Al Hasan,24,19,28.0,2.0,1.0
1136580,WP Saha,5,5,5.0,0.0,0.0
1136580,YK Pathan,45,28,54.0,1.0,4.0
1136581,AM Rahane,14,17,15.0,1.0,0.0
1136581,BA Stokes,40,29,45.0,3.0,1.0
1136581,E Lewis,0,1,0.0,0.0,0.0
1136581,H Klaasen,0,1,0.0,0.0,0.0
1136581,HH Pandya,4,2,5.0,1.0,0.0
1136581,Ishan Kishan,58,42,68.0,4.0,3.0
1136581,JC Archer,8,9,9.0,1.0,0.0
1136581,JC Buttler,6,8,6.0,0.0,0.0
1136581,K Gowtham,33,11,41.0,4.0,2.0
1136581,KA Pollard,21,20,24.0,1.0,1.0
1136581,KH Pandya,7,6,8.0,1.0,0.0
1136581,M Markande,0,1,0.0,0.0,0.0
1136581,MJ McClenaghan,0,1,0.0,0.0,0.0
1136581,RA Tripathi,9,9,10.0,1.0,0.0
1136581,RG Sharma,0,1,0.0,0.0,0.0
1136581,SA Yadav,72,50,84.0,6.0,3.0
1136581,SV Samson,52,40,56.0,4.0,0.0
1136582,A Mishra,1,2,1.0,0.0,0.0
1136582,AJ Finch,2,4,2.0,0.0,0.0
1136582,AJ Tye,3,9,3.0,0.0,0.0
1136582,BB Sran,0,1,0.0,0.0,0.0
1136582,DA Miller,26,20,29.0,1.0,1.0
1136582,DT Christian,6,11,6.0,0.0,0.0
1136582,G Gambhir,4,16,4.0,0.0,0.0
1136582,GJ Maxwell,12,10,15.0,1.0,1.0
1136582,KK Nair,34,33,38.0,4.0,0.0
1136582,KL Rahul,23,15,28.0,3.0,1.0
1136582,LE Plunkett,0,1,0.0,0.0,0.0
1136582,MA Agarwal,21,16,24.0,3.0,0.0
1136582,PP Shaw,22,10,26.0,4.0,0.0
1136582,R Ashwin,6,9,6.0,0.0,0.0
1136582,R Tewatia,24,24,27.0,1.0,1.0
1136582,RR Pant,4,7,4.0,0.0,0.0
1136582,SS Iyer,57,46,64.0,5.0,1.0
1136582,Yuvraj Singh,14,17,15.0,1.0,0.0
1136583,Basil Thampi,3,6,3.0,0.0,0.0
1136583,E Lewis,5,9,6.0,1.0,0.0
1136583,HH Pandya,3,19,3.0,0.0,0.0
1136583,Ishan Kishan,0,3,0.0,0.0,0.0
1136583,JJ Bumrah,6,5,7.0,1.0,0.0
1136583,KA Pollard,9,6,11.0,0.0,1.0
1136583,KH Pandya,24,20,28.0,4.0,0.0
1136583,KS Williamson,29,22,34.0,5.0,0.0
1136583,M Markande,1,2,1.0,0.0,0.0
1136583,MJ McClenaghan,0,2,0.0,0.0,0.0
1136583,MK Pandey,16,11,19.0,3.0,0.0
1136583,Mohammad Nabi,14,10,16.0,2.0,0.0
1136583,Mustafizur Rahman,1,3,1.0,0.0,0.0
1136583,RG Sharma,2,6,2.0,0.0,0.0
1136583,Rashid Khan,6,9,6.0,0.0,0.0
1136583,S Dhawan,5,7,6.0,1.0,0.0
1136583,S Kaul,2,9,2.0,0.0,0.0
1136583,SA Yadav,34,39,38.0,4.0,0.0
1136583,Sandeep Sharma,0,1,0.0,0.0,0.0
1136583,Shakib Al Hasan,2,4,2.0,0.0,0.0
1136583,WP Saha,0,2,0.0,0.0,0.0
1136583,YK Pathan,29,35,33.0,2.0,1.0
1136584,AB de Villiers,68,31,86.0,2.0,8.0
1136584,AT Rayudu,82,54,101.0,3.0,8.0
1136584,C de Grandhomme,11,7,12.0,1.0,0.0
1136584,CJ Anderson,2,8,2.0,0.0,0.0
1136584,DJ Bravo,14,7,17.0,1.0,1.0
1136584,MS Dhoni,70,39,85.0,1.0,7.0
1136584,Mandeep Singh,32,19,39.0,1.0,3.0
1136584,P Negi,0,1,0.0,0.0,0.0
1136584,Q de Kock,53,37,62.0,1.0,4.0
1136584,RA Jadeja,3,6,3.0,0.0,0.0
1136584,SK Raina,11,10,13.0,2.0,0.0
1136584,SR Watson,7,4,9.0,0.0,1.0
1136584,SW Billings,9,7,11.0,2.0,0.0
1136584,UT Yadav,0,2,0.0,0.0,0.0
1136584,V Kohli,18,15,21.0,3.0,0.0
1136584,Washington Sundar,13,4,16.0,1.0,1.0
1136585,AJ Finch,8,4,10.0,0.0,1.0
1136585,AJ Tye,4,2,5.0,1.0,0.0
1136585,AS Rajpoot,8,9,9.0,1.0,0.0
1136585,BB Sran,2,5,2.0,0.0,0.0
1136585,CH Gayle,23,22,28.0,1.0,2.0
1136585,KK Nair,13,17,13.0,0.0,0.0
1136585,KL Rahul,32,26,38.0,4.0,1.0
1136585,KS Williamson,0,3,0.0,0.0,0.0
1136585,MA Agarwal,12,15,12.0,0.0,0.0
1136585,MK Pandey,54,52,59.0,3.0,1.0
1136585,MK Tiwary,1,5,1.0,0.0,0.0
1136585,Mohammad Nabi,4,2,5.0,1.0,0.0
1136585,Mujeeb Ur Rahman,10,5,12.0,2.0,0.0
1136585,R Ashwin,4,6,4.0,0.0,0.0
1136585,S Dhawan,11,8,13.0,2.0,0.0
1136585,Shakib Al Hasan,28,30,31.0,3.0,0.0
1136585,WP Saha,6,9,7.0,1.0,0.0
1136585,YK Pathan,21,19,24.0,1.0,1.0
1136586,AD Russell,44,32,55.0,3.0,4.0
1136586,C Munro,33,18,41.0,4.0,2.0
1136586,CA Lynn,5,6,6.0,1.0,0.0
1136586,GJ Maxwell,27,18,32.0,1.0,2.0
1136586,KD Karthik,18,18,20.0,0.0,1.0
1136586,Kuldeep Yadav,7,7,8.0,1.0,0.0
1136586,MG Johnson,12,6,14.0,2.0,0.0
1136586,N Rana,8,7,9.0,1.0,0.0
1136586,PP Chawla,2,4,2.0,0.0,0.0
1136586,PP Shaw,62,44,73.0,7.0,2.0
1136586,RR Pant,0,1,0.0,0.0,0.0
1136586,RV Uthappa,1,2,1.0,0.0,0.0
1136586,SP Narine,26,9,33.0,1.0,3.0
1136586,SS Iyer,93,42,116.0,3.0,10.0
1136586,Shivam Mavi,0,3,0.0,0.0,0.0
1136586,Shubman Gill,37,29,42.0,3.0,1.0
1136587,AT Rayudu,46,36,56.0,2.0,4.0
1136587,DJ Bravo,0,1,0.0,0.0,0.0
1136587,E Lewis,47,45,54.0,3.0,2.0
1136587,HH Pandya,13,8,15.0,0.0,1.0
1136587,MS Dhoni,26,23,31.0,3.0,1.0
1136587,RG Sharma,56,35,66.0,6.0,2.0
1136587,SA Yadav,44,35,51.0,5.0,1.0
1136587,SK Raina,75,48,89.0,6.0,4.0
1136587,SR Watson,12,11,13.0,1.0,0.0
1136587,SW Billings,3,5,3.0,0.0,0.0
1136588,AD Hales,45,39,49.0,4.0,0.0
1136588,AM Rahane,65,53,72.0,5.0,1.0
1136588,BA Stokes,0,3,0.0,0.0,0.0
1136588,JC Archer,1,1,1.0,0.0,0.0
1136588,JC Buttler,10,11,10.0,0.0,0.0
1136588,K Gowtham,8,5,9.0,1.0,0.0
1136588,KS Williamson,63,43,74.0,7.0,2.0
1136588,MK Lomror,11,12,11.0,0.0,0.0
1136588,MK Pandey,16,15,17.0,1.0,0.0
1136588,RA Tripathi,4,5,4.0,0.0,0.0
1136588,Rashid Khan,1,3,1.0,0.0,0.0
1136588,S Dhawan,6,4,7.0,1.0,0.0
1136588,SV Samson,40,30,45.0,3.0,1.0
1136588,Shakib Al Hasan,6,6,7.0,1.0,0.0
1136588,WP Saha,11,7,12.0,1.0,0.0
1136588,YK Pathan,2,3,2.0,0.0,0.0
1136589,AD Russell,0,1,0.0,0.0,0.0
1136589,BB McCullum,38,29,46.0,4.0,2.0
1136589,C de Grandhomme,11,7,13.0,0.0,1.0
1136589,CA Lynn,62,55,71.0,7.0,1.0
1136589,KD Karthik,23,10,27.0,2.0,1.0
1136589,M Vohra,0,2,0.0,0.0,0.0
1136589,Mandeep Singh,19,15,23.0,0.0,2.0
1136589,N Rana,15,10,17.0,2.0,0.0
1136589,Q de Kock,29,27,34.0,3.0,1.0
1136589,RV Uthappa,36,22,45.0,3.0,3.0
1136589,SP Narine,27,22,32.0,3.0,1.0
1136589,Shubman Gill,5,2,6.0,1.0,0.0
1136589,V Kohli,68,44,79.0,5.0,3.0
1136590,AT Rayudu,41,26,48.0,5.0,1.0
1136590,C Munro,26,16,33.0,3.0,2.0
1136590,F du Plessis,33,33,38.0,3.0,1.0
1136590,GJ Maxwell,6,5,7.0,1.0,0.0
1136590,MS Dhoni,51,22,63.0,2.0,5.0
1136590,PP Shaw,9,6,11.0,2.0,0.0
1136590,R Tewatia,3,5,3.0,0.0,0.0
1136590,RR Pant,79,47,94.0,7.0,4.0
1136590,SK Raina,1,2,1.0,0.0,0.0
1136590,SR Watson,78,41,96.0,4.0,7.0
1136590,SS Iyer,13,14,14.0,1.0,0.0
1136590,V Shankar,54,33,65.0,1.0,5.0
1136591,BB McCullum,37,25,45.0,4.0,2.0
1136591,BCJ Cutting,12,6,15.0,1.0,1.0
1136591,C de Grandhomme,23,10,29.0,0.0,3.0
1136591,HH Pandya,50,45,57.0,5.0,1.0
1136591,Ishan Kishan,0,1,0.0,0.0,0.0
1136591,JP Duminy,23,34,26.0,3.0,0.0
1136591,KA Pollard,13,15,14.0,1.0,0.0
1136591,KH Pandya,23,19,26.0,1.0,1.0
1136591,M Vohra,45,31,55.0,2.0,4.0
1136591,Mandeep Singh,14,10,17.0,1.0,1.0
1136591,Q de Kock,7,14,8.0,1.0,0.0
1136591,RG Sharma,0,1,0.0,0.0,0.0
1136591,SA Yadav,9,9,11.0,2.0,0.0
1136591,TG Southee,1,2,1.0,0.0,0.0
1136591,UT Yadav,1,2,1.0,0.0,0.0
1136591,V Kohli,32,26,36.0,2.0,1.0
1136591,Washington Sundar,1,3,1.0,0.0,0.0
1136592,BA Stokes,1,3,1.0,0.0,0.0
1136592,C Munro,0,1,0.0,0.0,0.0
1136592,DJM Short,44,25,54.0,2.0,4.0
1136592,GJ Maxwell,5,5,5.0,0.0,0.0
1136592,JC Buttler,67,27,85.0,4.0,7.0
1136592,K Gowtham,18,6,22.0,2.0,1.0
1136592,LE Plunkett,1,2,1.0,0.0,0.0
1136592,PP Shaw,47,26,59.0,4.0,4.0
1136592,RA Tripathi,9,9,10.0,1.0,0.0
1136592,RR Pant,69,33,86.0,7.0,5.0
1136592,SS Iyer,50,35,59.0,3.0,3.0
1136592,SV Samson,3,5,3.0,0.0,0.0
1136592,V Shankar,17,7,21.0,2.0,1.0
1136593,AT Rayudu,21,17,24.0,3.0,0.0
1136593,CA Lynn,12,6,16.0,0.0,2.0
1136593,F du Plessis,27,15,33.0,4.0,1.0
1136593,KD Karthik,45,20,54.0,7.0,1.0
1136593,MS Dhoni,43,25,52.0,1.0,4.0
1136593,RA Jadeja,12,14,13.0,1.0,0.0
1136593,RK Singh,16,20,18.0,2.0,0.0
1136593,RV Uthappa,6,9,7.0,1.0,0.0
1136593,SK Raina,31,27,35.0,4.0,0.0
1136593,SP Narine,32,21,40.0,4.0,2.0
1136593,SR Watson,36,25,44.0,4.0,2.0
1136593,Shubman Gill,57,37,67.0,6.0,2.0
1136594,AR Patel,13,12,15.0,0.0,1.0
1136594,CH Gayle,50,44,60.0,6.0,2.0
1136594,E Lewis,10,13,10.0,0.0,0.0
1136594,HH Pandya,23,13,27.0,2.0,1.0
1136594,Ishan Kishan,25,20,31.0,0.0,3.0
1136594,KH Pandya,31,13,39.0,4.0,2.0
1136594,KK Nair,23,12,28.0,1.0,2.0
1136594,KL Rahul,24,20,29.0,1.0,2.0
1136594,MA Agarwal,11,7,13.0,0.0,1.0
1136594,MP Stoinis,29,16,35.0,2.0,2.0
1136594,RG Sharma,24,15,29.0,1.0,2.0
1136594,SA Yadav,57,42,69.0,6.0,3.0
1136594,Yuvraj Singh,14,14,16.0,0.0,1.0
1136595,AB de Villiers,1,4,1.0,0.0,0.0
1136595,AT Rayudu,32,25,39.0,3.0,2.0
1136595,BB McCullum,5,4,6.0,1.0,0.0
1136595,C de Grandhomme,8,8,9.0,1.0,0.0
1136595,DJ Bravo,14,17,16.0,0.0,1.0
1136595,DR Shorey,8,9,10.0,0.0,1.0
1136595,M Ashwin,1,2,1.0,0.0,0.0
1136595,MS Dhoni,31,26,38.0,1.0,3.0
1136595,Mandeep Singh,7,13,7.0,0.0,0.0
1136595,Mohammed Siraj,3,7,3.0,0.0,0.0
1136595,PA Patel,53,41,62.0,5.0,2.0
1136595,SK Raina,25,21,29.0,2.0,1.0
1136595,SR Watson,11,14,13.0,2.0,0.0
1136595,TG Southee,36,26,41.0,3.0,1.0
1136595,UT Yadav,1,5,1.0,0.0,0.0
1136595,V Kohli,8,11,9.0,1.0,0.0
1136596,AD Hales,45,32,54.0,3.0,3.0
1136596,DT Christian,7,9,7.0,0.0,0.0
1136596,GJ Maxwell,2,3,2.0,0.0,0.0
1136596,KS Williamson,32,30,34.0,0.0,1.0
1136596,MK Pandey,21,18,23.0,2.0,0.0
1136596,NV Ojha,1,4,1.0,0.0,0.0
1136596,PP Shaw,65,37,77.0,6.0,3.0
1136596,RR Pant,18,20,19.0,1.0,0.0
1136596,S Dhawan,33,31,37.0,2.0,1.0
1136596,SS Iyer,44,36,51.0,3.0,2.0
1136596,V Shankar,23,13,26.0,1.0,1.0
1136596,YK Pathan,27,13,33.0,2.0,2.0
1136597,AD Russell,9,10,10.0,1.0,0.0
1136597,CA Lynn,17,13,21.0,4.0,0.0
1136597,E Lewis,43,29,52.0,5.0,2.0
1136597,HH Pandya,35,22,41.0,4.0,1.0
1136597,JP Duminy,13,12,15.0,0.0,1.0
1136597,KD Karthik,36,26,43.0,5.0,1.0
1136597,KH Pandya,14,11,17.0,1.0,1.0
1136597,N Rana,31,27,36.0,3.0,1.0
1136597,RG Sharma,11,11,12.0,1.0,0.0
1136597,RV Uthappa,54,36,66.0,6.0,3.0
1136597,SA Yadav,59,40,70.0,7.0,2.0
1136597,SP Narine,5,4,6.0,1.0,0.0
1136597,Shubman Gill,7,5,8.0,1.0,0.0
1136598,AM Rahane,5,7,5.0,0.0,0.0
1136598,AR Patel,4,5,4.0,0.0,0.0
1136598,BA Stokes,12,9,14.0,2.0,0.0
1136598,CH Gayle,8,11,10.0,2.0,0.0
1136598,DJM Short,2,2,2.0,0.0,0.0
1136598,JC Archer,0,1,0.0,0.0,0.0
1136598,JC Buttler,51,39,58.0,7.0,0.0
1136598,JD Unadkat,6,7,6.0,0.0,0.0
1136598,K Gowtham,5,4,6.0,1.0,0.0
1136598,KK Nair,31,23,37.0,2.0,2.0
1136598,KL Rahul,84,56,97.0,7.0,3.0
1136598,MA Agarwal,2,3,2.0,0.0,0.0
1136598,MP Stoinis,23,17,27.0,2.0,1.0
1136598,RA Tripathi,11,13,12.0,1.0,0.0
1136598,S Gopal,24,16,27.0,3.0,0.0
1136598,SV Samson,28,23,32.0,2.0,1.0
1136599,AB de Villiers,5,9,5.0,0.0,0.0
1136599,AD Hales,5,5,6.0,1.0,0.0
1136599,B Kumar,1,2,1.0,0.0,0.0
1136599,C de Grandhomme,33,30,38.0,1.0,2.0
1136599,KS Williamson,56,41,65.0,5.0,2.0
1136599,M Vohra,8,11,8.0,0.0,0.0
1136599,MK Pandey,5,7,5.0,0.0,0.0
1136599,MM Ali,10,7,12.0,2.0,0.0
1136599,Mandeep Singh,21,23,22.0,1.0,0.0
1136599,PA Patel,20,13,24.0,4.0,0.0
1136599,Rashid Khan,1,3,1.0,0.0,0.0
1136599,S Dhawan,13,20,14.0,1.0,0.0
1136599,S Kaul,1,1,1.0,0.0,0.0
1136599,Sandeep Sharma,0,1,0.0,0.0,0.0
1136599,Shakib Al Hasan,35,34,40.0,5.0,0.0
1136599,V Kohli,39,30,46.0,5.0,1.0
1136599,WP Saha,8,5,10.0,0.0,1.0
1136599,YK Pathan,12,7,14.0,2.0,0.0
1136600,AD Nath,9,13,10.0,1.0,0.0
1136600,AJ Tye,1,1,1.0,0.0,0.0
1136600,AM Rahane,9,10,10.0,1.0,0.0
1136600,AR Patel,9,5,10.0,1.0,0.0
1136600,BA Stokes,14,11,15.0,1.0,0.0
1136600,CH Gayle,1,2,1.0,0.0,0.0
1136600,JC Archer,0,1,0.0,0.0,0.0
1136600,JC Buttler,82,59,93.0,9.0,1.0
1136600,JD Unadkat,0,1,0.0,0.0,0.0
1136600,K Gowtham,8,6,10.0,0.0,1.0
1136600,KK Nair,3,5,3.0,0.0,0.0
1136600,KL Rahul,95,70,110.0,11.0,2.0
1136600,MK Lomror,9,9,10.0,1.0,0.0
1136600,MK Tiwary,7,8,7.0,0.0,0.0
1136600,MP Stoinis,11,16,11.0,0.0,0.0
1136600,R Ashwin,0,2,0.0,0.0,0.0
1136600,STR Binny,11,7,13.0,0.0,1.0
1136600,SV Samson,22,18,25.0,1.0,1.0
1136601,AD Russell,2,4,2.0,0.0,0.0
1136601,BCJ Cutting,24,10,31.0,1.0,3.0
1136601,CA Lynn,21,15,26.0,3.0,1.0
1136601,E Lewis,18,13,21.0,3.0,0.0
1136601,HH Pandya,19,14,23.0,0.0,2.0
1136601,Ishan Kishan,62,22,79.0,5.0,6.0
1136601,KD Karthik,5,3,6.0,1.0,0.0
1136601,KH Pandya,8,2,10.0,0.0,1.0
1136601,Kuldeep Yadav,5,15,5.0,0.0,0.0
1136601,M Prasidh Krishna,1,5,1.0,0.0,0.0
1136601,N Rana,21,19,25.0,2.0,1.0
1136601,PP Chawla,11,13,12.0,1.0,0.0
1136601,RG Sharma,36,32,40.0,2.0,1.0
1136601,RK Singh,5,3,6.0,1.0,0.0
1136601,RV Uthappa,14,13,18.0,0.0,2.0
1136601,SA Yadav,36,32,43.0,5.0,1.0
1136601,SP Narine,4,2,5.0,1.0,0.0
1136601,TK Curran,18,17,21.0,3.0,0.0
1136602,AD Hales,14,10,17.0,3.0,0.0
1136602,GJ Maxwell,9,8,10.0,1.0,0.0
1136602,HV Patel,24,17,28.0,0.0,2.0
1136602,JJ Roy,11,13,13.0,2.0,0.0
1136602,KS Williamson,83,53,95.0,8.0,2.0
1136602,PP Shaw,9,11,10.0,1.0,0.0
1136602,RR Pant,128,64,157.0,15.0,7.0
1136602,S Dhawan,92,51,109.0,9.0,4.0
1136602,SS Iyer,3,8,3.0,0.0,0.0
1136603,AM Rahane,4,3,5.0,1.0,0.0
1136603,AT Rayudu,12,9,14.0,2.0,0.0
1136603,BA Stokes,11,7,14.0,1.0,1.0
1136603,DJ Bravo,1,1,1.0,0.0,0.0
1136603,JC Buttler,95,60,110.0,11.0,2.0
1136603,K Gowtham,13,5,17.0,0.0,2.0
1136603,MS Dhoni,33,25,36.0,1.0,1.0
1136603,P Chopra,8,6,10.0,2.0,0.0
1136603,SK Raina,52,41,60.0,6.0,1.0
1136603,SR Watson,39,33,45.0,2.0,2.0
1136603,STR Binny,22,17,25.0,1.0,1.0
1136603,SV Samson,21,23,23.0,2.0,0.0
1136603,SW Billings,27,22,30.0,3.0,0.0
1136604,AD Russell,31,15,39.0,2.0,3.0
1136604,AJ Finch,34,20,40.0,0.0,3.0
1136604,AJ Tye,14,11,17.0,1.0,1.0
1136604,AR Patel,19,12,23.0,2.0,1.0
1136604,BB Sran,1,1,1.0,0.0,0.0
1136604,CA Lynn,27,17,33.0,2.0,2.0
1136604,CH Gayle,21,17,25.0,2.0,1.0
1136604,JPR Scantlebury-Searles,6,1,8.0,0.0,1.0
1136604,KD Karthik,50,24,61.0,5.0,3.0
1136604,KK Nair,3,6,3.0,0.0,0.0
1136604,KL Rahul,66,31,82.0,2.0,7.0
1136604,MA Agarwal,0,1,0.0,0.0,0.0
1136604,MM Sharma,4,3,5.0,1.0,0.0
1136604,N Rana,11,5,14.0,1.0,1.0
1136604,R Ashwin,45,24,55.0,4.0,3.0
1136604,RV Uthappa,24,18,28.0,2.0,1.0
1136604,SP Narine,75,37,92.0,9.0,4.0
1136604,Shubman Gill,16,8,19.0,3.0,0.0
1136605,AB de Villiers,72,37,88.0,4.0,6.0
1136605,Abhishek Sharma,46,20,57.0,3.0,4.0
1136605,C de Grandhomme,3,5,3.0,0.0,0.0
1136605,JJ Roy,12,10,15.0,1.0,1.0
1136605,MM Ali,1,3,1.0,0.0,0.0
1136605,Mandeep Singh,13,14,15.0,0.0,1.0
1136605,PA Patel,6,8,7.0,1.0,0.0
1136605,PP Shaw,2,4,2.0,0.0,0.0
1136605,RR Pant,61,35,74.0,5.0,4.0
1136605,SN Khan,11,10,13.0,2.0,0.0
1136605,SS Iyer,32,37,35.0,3.0,0.0
1136605,V Kohli,70,42,83.0,7.0,3.0
1136605,V Shankar,21,20,23.0,2.0,0.0
1136606,AD Hales,2,9,2.0,0.0,0.0
1136606,AT Rayudu,100,62,121.0,7.0,7.0
1136606,DJ Hooda,21,15,24.0,1.0,1.0
1136606,KS Williamson,51,39,60.0,5.0,2.0
1136606,MK Pandey,5,6,5.0,0.0,0.0
1136606,MS Dhoni,20,15,23.0,1.0,1.0
1136606,S Dhawan,79,55,95.0,10.0,3.0
1136606,SK Raina,2,3,2.0,0.0,0.0
1136606,SR Watson,57,35,68.0,5.0,3.0
1136606,Shakib Al Hasan,8,6,9.0,1.0,0.0
1136607,AM Rahane,37,37,41.0,4.0,0.0
1136607,BCJ Cutting,10,7,12.0,0.0,1.0
1136607,DJM Short,4,6,5.0,1.0,0.0
1136607,E Lewis,60,45,72.0,4.0,4.0
1136607,HH Pandya,36,23,43.0,3.0,2.0
1136607,Ishan Kishan,12,11,13.0,1.0,0.0
1136607,JC Buttler,94,54,113.0,9.0,5.0
1136607,KH Pandya,3,8,3.0,0.0,0.0
1136607,RG Sharma,0,1,0.0,0.0,0.0
1136607,SA Yadav,38,32,45.0,7.0,0.0
1136607,SV Samson,26,15,32.0,2.0,2.0
1136608,AJ Finch,26,25,31.0,1.0,2.0
1136608,AJ Tye,0,3,0.0,0.0,0.0
1136608,AR Patel,9,14,9.0,0.0,0.0
1136608,AS Rajpoot,1,5,1.0,0.0,0.0
1136608,CH Gayle,18,14,22.0,4.0,0.0
1136608,KK Nair,1,3,1.0,0.0,0.0
1136608,KL Rahul,21,15,27.0,0.0,3.0
1136608,MA Agarwal,2,6,2.0,0.0,0.0
1136608,MM Sharma,3,5,3.0,0.0,0.0
1136608,MP Stoinis,2,3,2.0,0.0,0.0
1136608,PA Patel,40,22,47.0,7.0,0.0
1136608,R Ashwin,0,1,0.0,0.0,0.0
1136608,V Kohli,48,29,58.0,6.0,2.0
1136609,AD Russell,11,5,13.0,2.0,0.0
1136609,AM Rahane,11,12,12.0,1.0,0.0
1136609,Anureet Singh,3,4,3.0,0.0,0.0
1136609,BA Stokes,11,13,11.0,0.0,0.0
1136609,CA Lynn,45,42,52.0,5.0,1.0
1136609,IS Sodhi,1,6,1.0,0.0,0.0
1136609,JC Archer,6,5,7.0,1.0,0.0
1136609,JC Buttler,39,23,48.0,5.0,2.0
1136609,JD Unadkat,26,18,31.0,3.0,1.0
1136609,K Gowtham,3,5,3.0,0.0,0.0
1136609,KD Karthik,41,31,48.0,5.0,1.0
1136609,N Rana,21,18,25.0,2.0,1.0
1136609,RA Tripathi,27,15,33.0,4.0,1.0
1136609,RV Uthappa,4,6,4.0,0.0,0.0
1136609,SP Narine,21,7,27.0,2.0,2.0
1136609,STR Binny,1,4,1.0,0.0,0.0
1136609,SV Samson,12,10,14.0,2.0,0.0
1136610,AJ Finch,46,35,51.0,3.0,1.0
1136610,AR Patel,10,8,12.0,0.0,1.0
1136610,BCJ Cutting,4,7,4.0,0.0,0.0
1136610,CH Gayle,18,11,22.0,2.0,1.0
1136610,E Lewis,9,8,11.0,0.0,1.0
1136610,HH Pandya,9,13,9.0,0.0,0.0
1136610,Ishan Kishan,20,12,25.0,1.0,2.0
1136610,KA Pollard,50,24,61.0,5.0,3.0
1136610,KH Pandya,32,24,37.0,1.0,2.0
1136610,KL Rahul,94,64,110.0,10.0,3.0
1136610,M Markande,7,5,8.0,1.0,0.0
1136610,MJ McClenaghan,11,8,14.0,1.0,1.0
1136610,MK Tiwary,4,1,5.0,1.0,0.0
1136610,MP Stoinis,1,2,1.0,0.0,0.0
1136610,RG Sharma,6,10,6.0,0.0,0.0
1136610,SA Yadav,27,15,34.0,3.0,2.0
1136610,Yuvraj Singh,1,4,1.0,0.0,0.0
1136611,AB de Villiers,69,41,83.0,12.0,1.0
1136611,AD Hales,37,24,45.0,2.0,3.0
1136611,C de Grandhomme,40,17,49.0,1.0,4.0
1136611,DJ Hooda,1,1,1.0,0.0,0.0
1136611,KS Williamson,81,42,98.0,7.0,5.0
1136611,MK Pandey,62,41,73.0,7.0,2.0
1136611,MM Ali,65,34,79.0,2.0,6.0
1136611,Mandeep Singh,4,6,4.0,0.0,0.0
1136611,PA Patel,1,4,1.0,0.0,0.0
1136611,S Dhawan,18,15,22.0,0.0,2.0
1136611,SN Khan,22,8,27.0,3.0,1.0
1136611,TG Southee,1,1,1.0,0.0,0.0
1136611,V Kohli,12,11,14.0,2.0,0.0
1136612,AT Rayudu,50,29,62.0,4.0,4.0
1136612,Abhishek Sharma,2,4,2.0,0.0,0.0
1136612,DJ Bravo,1,2,1.0,0.0,0.0
1136612,DL Chahar,1,2,1.0,0.0,0.0
1136612,GJ Maxwell,5,8,5.0,0.0,0.0
1136612,HV Patel,36,16,45.0,1.0,4.0
1136612,MS Dhoni,17,23,18.0,1.0,0.0
1136612,PP Shaw,17,19,20.0,1.0,1.0
1136612,RA Jadeja,27,18,31.0,0.0,2.0
1136612,RR Pant,38,27,45.0,3.0,2.0
1136612,SK Raina,15,18,16.0,1.0,0.0
1136612,SR Watson,14,23,16.0,0.0,1.0
1136612,SS Iyer,19,22,22.0,3.0,0.0
1136612,SW Billings,1,5,1.0,0.0,0.0
1136612,V Shankar,36,30,42.0,2.0,2.0
1136613,AB de Villiers,53,35,60.0,7.0,0.0
1136613,AM Rahane,33,32,36.0,3.0,0.0
1136613,C de Grandhomme,2,3,2.0,0.0,0.0
1136613,H Klaasen,32,22,37.0,3.0,1.0
1136613,JC Archer,0,4,0.0,0.0,0.0
1136613,K Gowtham,14,5,18.0,0.0,2.0
1136613,MM Ali,1,2,1.0,0.0,0.0
1136613,Mandeep Singh,3,4,3.0,0.0,0.0
1136613,Mohammed Siraj,14,13,16.0,2.0,0.0
1136613,PA Patel,33,21,40.0,3.0,2.0
1136613,RA Tripathi,80,60,91.0,5.0,3.0
1136613,SN Khan,7,8,8.0,1.0,0.0
1136613,SV Samson,0,1,0.0,0.0,0.0
1136613,TG Southee,14,17,16.0,2.0,0.0
1136613,UT Yadav,0,1,0.0,0.0,0.0
1136613,V Kohli,4,9,4.0,0.0,0.0
1136613,YS Chahal,0,4,0.0,0.0,0.0
1136614,AD Russell,4,4,5.0,1.0,0.0
1136614,B Kumar,0,1,0.0,0.0,0.0
1136614,CA Lynn,55,44,65.0,4.0,3.0
1136614,CR Brathwaite,3,4,3.0,0.0,0.0
1136614,KD Karthik,26,24,29.0,1.0,1.0
1136614,KS Williamson,36,17,43.0,1.0,3.0
1136614,MK Pandey,25,23,29.0,2.0,1.0
1136614,N Rana,7,5,8.0,1.0,0.0
1136614,RV Uthappa,45,34,52.0,3.0,2.0
1136614,Rashid Khan,0,1,0.0,0.0,0.0
1136614,S Dhawan,50,40,57.0,5.0,1.0
1136614,SP Goswami,35,28,41.0,4.0,1.0
1136614,SP Narine,29,12,37.0,4.0,2.0
1136614,Shakib Al Hasan,10,7,12.0,2.0,0.0
1136614,YK Pathan,2,5,2.0,0.0,0.0
1136615,Abhishek Sharma,15,11,17.0,0.0,1.0
1136615,BCJ Cutting,37,20,45.0,2.0,3.0
1136615,E Lewis,48,32,59.0,3.0,4.0
1136615,GJ Maxwell,22,19,26.0,4.0,0.0
1136615,HH Pandya,27,18,31.0,2.0,1.0
1136615,Ishan Kishan,5,14,5.0,0.0,0.0
1136615,JJ Bumrah,0,1,0.0,0.0,0.0
1136615,KA Pollard,7,7,7.0,0.0,0.0
1136615,KH Pandya,4,3,5.0,1.0,0.0
1136615,M Markande,3,11,3.0,0.0,0.0
1136615,PP Shaw,12,8,14.0,2.0,0.0
1136615,RG Sharma,13,12,14.0,1.0,0.0
1136615,RR Pant,64,45,76.0,4.0,4.0
1136615,SA Yadav,12,4,15.0,1.0,1.0
1136615,SS Iyer,6,10,6.0,0.0,0.0
1136615,V Shankar,43,32,50.0,3.0,2.0
1136616,AJ Finch,4,6,5.0,1.0,0.0
1136616,AJ Tye,0,2,0.0,0.0,0.0
1136616,AR Patel,14,12,16.0,0.0,1.0
1136616,AS Rajpoot,2,4,2.0,0.0,0.0
1136616,AT Rayudu,1,3,1.0,0.0,0.0
1136616,CH Gayle,0,2,0.0,0.0,0.0
1136616,DA Miller,24,23,27.0,1.0,1.0
1136616,DL Chahar,39,21,46.0,1.0,3.0
1136616,F du Plessis,14,15,17.0,3.0,0.0
1136616,Harbhajan Singh,19,23,23.0,2.0,1.0
1136616,KK Nair,54,27,67.0,3.0,5.0
1136616,KL Rahul,7,12,8.0,1.0,0.0
1136616,MK Tiwary,35,31,40.0,3.0,1.0
1136616,MM Sharma,2,3,2.0,0.0,0.0
1136616,MS Dhoni,16,7,19.0,1.0,1.0
1136616,R Ashwin,0,2,0.0,0.0,0.0
1136616,SK Raina,61,53,69.0,4.0,2.0
1136616,SW Billings,0,1,0.0,0.0,0.0
1136617,AT Rayudu,0,1,0.0,0.0,0.0
1136617,B Kumar,7,13,7.0,0.0,0.0
1136617,CR Brathwaite,43,33,52.0,1.0,4.0
1136617,DJ Bravo,7,11,7.0,0.0,0.0
1136617,DL Chahar,10,6,12.0,0.0,1.0
1136617,F du Plessis,67,43,80.0,5.0,4.0
1136617,Harbhajan Singh,2,9,2.0,0.0,0.0
1136617,KS Williamson,24,15,28.0,4.0,0.0
1136617,MK Pandey,8,16,8.0,0.0,0.0
1136617,MS Dhoni,9,19,10.0,1.0,0.0
1136617,RA Jadeja,3,5,3.0,0.0,0.0
1136617,S Dhawan,0,1,0.0,0.0,0.0
1136617,SK Raina,22,14,26.0,4.0,0.0
1136617,SN Thakur,15,5,18.0,3.0,0.0
1136617,SP Goswami,12,9,14.0,2.0,0.0
1136617,SR Watson,0,5,0.0,0.0,0.0
1136617,Shakib Al Hasan,12,10,14.0,2.0,0.0
1136617,YK Pathan,24,32,27.0,3.0,0.0
1136618,AD Russell,49,27,62.0,3.0,5.0
1136618,AM Rahane,46,42,52.0,4.0,1.0
1136618,CA Lynn,18,23,20.0,2.0,0.0
1136618,H Klaasen,18,18,19.0,1.0,0.0
1136618,JPR Scantlebury-Searles,2,5,2.0,0.0,0.0
1136618,K Gowtham,9,7,10.0,1.0,0.0
1136618,KD Karthik,52,38,60.0,4.0,2.0
1136618,N Rana,3,5,3.0,0.0,0.0
1136618,RA Tripathi,20,13,25.0,1.0,2.0
1136618,RV Uthappa,3,9,3.0,0.0,0.0
1136618,SP Narine,4,2,5.0,1.0,0.0
1136618,STR Binny,0,3,0.0,0.0,0.0
1136618,SV Samson,50,38,58.0,4.0,2.0
1136618,Shubman Gill,28,17,33.0,3.0,1.0
1136619,AD Russell,3,7,3.0,0.0,0.0
1136619,B Kumar,5,2,6.0,1.0,0.0
1136619,CA Lynn,48,31,58.0,6.0,2.0
1136619,CR Brathwaite,8,5,10.0,0.0,1.0
1136619,DJ Hooda,19,19,21.0,0.0,1.0
1136619,KD Karthik,8,6,9.0,1.0,0.0
1136619,KS Williamson,3,3,3.0,0.0,0.0
1136619,Kuldeep Yadav,0,3,0.0,0.0,0.0
1136619,N Rana,22,16,27.0,1.0,2.0
1136619,PP Chawla,12,13,14.0,0.0,1.0
1136619,RV Uthappa,2,8,2.0,0.0,0.0
1136619,Rashid Khan,34,11,44.0,2.0,4.0
1136619,S Dhawan,34,25,40.0,4.0,1.0
1136619,SP Narine,26,13,32.0,4.0,1.0
1136619,Shakib Al Hasan,28,24,32.0,4.0,0.0
1136619,Shivam Mavi,6,4,7.0,1.0,0.0
1136619,Shubman Gill,30,20,34.0,2.0,1.0
1136619,WP Saha,35,28,40.0,5.0,0.0
1136619,YK Pathan,3,7,3.0,0.0,0.0
1136620,AT Rayudu,16,19,19.0,1.0,1.0
1136620,CR Brathwaite,21,12,27.0,0.0,3.0
1136620,DJ Hooda,3,4,3.0,0.0,0.0
1136620,F du Plessis,10,11,11.0,1.0,0.0
1136620,KS Williamson,47,38,56.0,5.0,2.0
1136620,S Dhawan,26,26,30.0,2.0,1.0
1136620,SK Raina,32,24,37.0,3.0,1.0
1136620,SP Goswami,5,5,5.0,0.0,0.0
1136620,SR Watson,117,60,144.0,11.0,8.0
1136620,Shakib Al Hasan,23,15,27.0,2.0,1.0
1136620,YK Pathan,45,27,53.0,4.0,2.0
1175356,AB de Villiers,9,10,9.0,0.0,0.0
1175356,AT Rayudu,28,42,32.0,2.0,1.0
1175356,C de Grandhomme,4,6,5.0,1.0,0.0
1175356,KM Jadhav,13,20,14.0,1.0,0.0
1175356,MM Ali,9,8,11.0,0.0,1.0
1175356,Mohammed Siraj,0,1,0.0,0.0,0.0
1175356,Navdeep Saini,2,3,2.0,0.0,0.0
1175356,PA Patel,29,35,31.0,2.0,0.0
1175356,RA Jadeja,6,17,6.0,0.0,0.0
1175356,S Dube,2,5,2.0,0.0,0.0
1175356,SK Raina,19,21,22.0,3.0,0.0
1175356,SO Hetmyer,0,2,0.0,0.0,0.0
1175356,SR Watson,0,10,0.0,0.0,0.0
1175356,UT Yadav,1,10,1.0,0.0,0.0
1175356,V Kohli,6,12,6.0,0.0,0.0
1175356,YS Chahal,4,12,4.0,0.0,0.0
1175357,AD Russell,49,20,61.0,4.0,4.0
1175357,CA Lynn,7,11,9.0,0.0,1.0
1175357,DA Warner,85,55,100.0,9.0,3.0
1175357,JM Bairstow,39,35,44.0,3.0,1.0
1175357,KD Karthik,2,4,2.0,0.0,0.0
1175357,MK Pandey,8,5,9.0,1.0,0.0
1175357,N Rana,68,49,82.0,8.0,3.0
1175357,RV Uthappa,35,27,40.0,3.0,1.0
1175357,Shubman Gill,18,10,22.0,0.0,2.0
1175357,V Shankar,40,24,46.0,2.0,2.0
1175357,YK Pathan,1,4,1.0,0.0,0.0
1175358,AR Patel,4,2,5.0,1.0,0.0
1175358,BCJ Cutting,3,4,3.0,0.0,0.0
1175358,CA Ingram,47,32,56.0,7.0,1.0
1175358,HH Pandya,0,2,0.0,0.0,0.0
1175358,KA Pollard,21,13,25.0,2.0,1.0
1175358,KH Pandya,32,16,39.0,5.0,1.0
1175358,KMA Paul,3,6,3.0,0.0,0.0
1175358,MJ McClenaghan,10,8,12.0,2.0,0.0
1175358,PP Shaw,7,6,8.0,1.0,0.0
1175358,Q de Kock,27,16,33.0,4.0,1.0
1175358,R Tewatia,9,4,11.0,0.0,1.0
1175358,RG Sharma,14,13,16.0,2.0,0.0
1175358,RR Pant,78,28,99.0,7.0,7.0
1175358,Rasikh Salam,5,4,5.0,0.0,0.0
1175358,S Dhawan,43,36,49.0,4.0,1.0
1175358,SA Yadav,2,6,2.0,0.0,0.0
1175358,SS Iyer,16,10,20.0,2.0,1.0
1175358,Yuvraj Singh,53,40,64.0,5.0,3.0
1175359,AM Rahane,27,20,31.0,4.0,0.0
1175359,BA Stokes,6,2,8.0,0.0,1.0
1175359,CH Gayle,79,52,95.0,8.0,4.0
1175359,DS Kulkarni,5,3,6.0,1.0,0.0
1175359,JC Archer,2,2,2.0,0.0,0.0
1175359,JC Buttler,69,43,83.0,10.0,2.0
1175359,JD Unadkat,1,2,1.0,0.0,0.0
1175359,K Gowtham,3,4,3.0,0.0,0.0
1175359,KL Rahul,4,4,5.0,1.0,0.0
1175359,MA Agarwal,22,25,27.0,1.0,2.0
1175359,Mandeep Singh,5,2,5.0,0.0,0.0
1175359,N Pooran,12,15,13.0,1.0,0.0
1175359,RA Tripathi,1,5,1.0,0.0,0.0
1175359,S Gopal,1,1,1.0,0.0,0.0
1175359,SN Khan,46,30,54.0,6.0,1.0
1175359,SPD Smith,20,17,23.0,1.0,1.0
1175359,SV Samson,30,25,32.0,0.0,1.0
1175360,AR Patel,9,9,10.0,1.0,0.0
1175360,AT Rayudu,5,5,6.0,1.0,0.0
1175360,CA Ingram,2,2,2.0,0.0,0.0
1175360,DJ Bravo,4,3,5.0,1.0,0.0
1175360,KM Jadhav,27,34,29.0,2.0,0.0
1175360,KMA Paul,0,4,0.0,0.0,0.0
1175360,MS Dhoni,32,36,36.0,2.0,1.0
1175360,PP Shaw,24,18,29.0,5.0,0.0
1175360,R Tewatia,11,9,12.0,1.0,0.0
1175360,RR Pant,25,16,29.0,2.0,1.0
1175360,S Dhawan,51,47,58.0,7.0,0.0
1175360,SK Raina,30,16,36.0,4.0,1.0
1175360,SR Watson,44,27,54.0,4.0,3.0
1175360,SS Iyer,18,20,20.0,0.0,1.0
1175361,AD Russell,48,17,61.0,3.0,5.0
1175361,CA Lynn,10,10,12.0,2.0,0.0
1175361,CH Gayle,20,14,26.0,2.0,2.0
1175361,DA Miller,59,41,70.0,5.0,3.0
1175361,KD Karthik,1,1,1.0,0.0,0.0
1175361,KL Rahul,1,5,1.0,0.0,0.0
1175361,MA Agarwal,58,37,66.0,6.0,1.0
1175361,Mandeep Singh,33,15,39.0,4.0,1.0
1175361,N Rana,63,35,79.0,2.0,7.0
1175361,RV Uthappa,67,51,77.0,6.0,2.0
1175361,SN Khan,13,13,15.0,2.0,0.0
1175361,SP Narine,24,10,31.0,1.0,3.0
1175362,AB de Villiers,70,42,86.0,4.0,6.0
1175362,C de Grandhomme,2,8,2.0,0.0,0.0
1175362,HH Pandya,32,15,40.0,2.0,3.0
1175362,JJ Bumrah,0,1,0.0,0.0,0.0
1175362,KA Pollard,5,7,5.0,0.0,0.0
1175362,KH Pandya,1,2,1.0,0.0,0.0
1175362,M Markande,6,5,7.0,1.0,0.0
1175362,MJ McClenaghan,1,4,1.0,0.0,0.0
1175362,MM Ali,13,7,16.0,1.0,1.0
1175362,PA Patel,31,22,37.0,4.0,1.0
1175362,Q de Kock,23,20,27.0,2.0,1.0
1175362,RG Sharma,48,33,58.0,8.0,1.0
1175362,S Dube,9,5,11.0,0.0,1.0
1175362,SA Yadav,38,25,44.0,4.0,1.0
1175362,SO Hetmyer,5,6,5.0,0.0,0.0
1175362,V Kohli,46,33,52.0,6.0,0.0
1175362,Yuvraj Singh,23,13,29.0,0.0,3.0
1175363,AM Rahane,70,49,80.0,4.0,3.0
1175363,BA Stokes,16,9,19.0,3.0,0.0
1175363,DA Warner,69,38,82.0,9.0,2.0
1175363,JC Buttler,5,9,6.0,1.0,0.0
1175363,JM Bairstow,45,28,53.0,6.0,1.0
1175363,KS Williamson,14,10,16.0,2.0,0.0
1175363,MK Pandey,1,5,1.0,0.0,0.0
1175363,Rashid Khan,15,10,18.0,1.0,1.0
1175363,SV Samson,102,57,120.0,10.0,4.0
1175363,V Shankar,35,15,42.0,1.0,3.0
1175363,YK Pathan,16,13,18.0,0.0,1.0
1175364,CH Gayle,40,25,51.0,3.0,4.0
1175364,DA Miller,15,13,17.0,2.0,0.0
1175364,HH Pandya,31,20,36.0,3.0,1.0
1175364,KA Pollard,7,9,7.0,0.0,0.0
1175364,KH Pandya,10,6,12.0,2.0,0.0
1175364,KL Rahul,71,58,79.0,6.0,1.0
1175364,MA Agarwal,43,23,51.0,4.0,2.0
1175364,MJ McClenaghan,0,2,0.0,0.0,0.0
1175364,Q de Kock,60,39,70.0,6.0,2.0
1175364,RG Sharma,32,18,37.0,5.0,0.0
1175364,SA Yadav,11,6,13.0,2.0,0.0
1175364,Yuvraj Singh,18,24,20.0,2.0,0.0
1175365,AD Russell,66,32,83.0,5.0,6.0
1175365,CA Ingram,10,7,11.0,1.0,0.0
1175365,CA Lynn,20,18,23.0,3.0,0.0
1175365,GH Vihari,2,3,2.0,0.0,0.0
1175365,KD Karthik,51,38,60.0,5.0,2.0
1175365,Kuldeep Yadav,10,5,11.0,1.0,0.0
1175365,N Rana,1,2,1.0,0.0,0.0
1175365,NS Naik,7,17,8.0,1.0,0.0
1175365,PP Chawla,12,5,15.0,1.0,1.0
1175365,PP Shaw,99,56,117.0,12.0,3.0
1175365,RR Pant,17,19,18.0,1.0,0.0
1175365,RV Uthappa,13,8,15.0,2.0,0.0
1175365,S Dhawan,16,8,20.0,2.0,1.0
1175365,SS Iyer,47,36,56.0,5.0,2.0
1175365,Shubman Gill,4,5,4.0,0.0,0.0
1175366,AB de Villiers,1,2,1.0,0.0,0.0
1175366,C de Grandhomme,37,32,44.0,3.0,2.0
1175366,DA Warner,100,55,115.0,5.0,5.0
1175366,JM Bairstow,114,57,140.0,12.0,7.0
1175366,MM Ali,2,8,2.0,0.0,0.0
1175366,Mohammed Siraj,3,9,3.0,0.0,0.0
1175366,P Ray Barman,19,25,21.0,2.0,0.0
1175366,PA Patel,11,8,13.0,2.0,0.0
1175366,S Dube,5,7,6.0,1.0,0.0
1175366,SO Hetmyer,9,9,11.0,0.0,1.0
1175366,UT Yadav,14,10,17.0,1.0,1.0
1175366,V Kohli,3,10,3.0,0.0,0.0
1175366,V Shankar,9,3,11.0,0.0,1.0
1175366,YK Pathan,6,6,6.0,0.0,0.0
1175366,YS Chahal,1,3,1.0,0.0,0.0
1175367,AM Rahane,0,2,0.0,0.0,0.0
1175367,AT Rayudu,1,8,1.0,0.0,0.0
1175367,BA Stokes,46,26,53.0,1.0,3.0
1175367,DJ Bravo,27,17,32.0,3.0,1.0
1175367,JC Archer,24,11,29.0,1.0,2.0
1175367,JC Buttler,6,7,7.0,1.0,0.0
1175367,K Gowtham,9,8,11.0,0.0,1.0
1175367,KM Jadhav,8,3,10.0,2.0,0.0
1175367,MS Dhoni,75,49,87.0,4.0,4.0
1175367,RA Jadeja,8,3,10.0,0.0,1.0
1175367,RA Tripathi,39,25,46.0,5.0,1.0
1175367,S Gopal,0,3,0.0,0.0,0.0
1175367,SK Raina,36,33,42.0,4.0,1.0
1175367,SPD Smith,28,33,30.0,2.0,0.0
1175367,SR Watson,13,13,16.0,1.0,1.0
1175367,SV Samson,8,10,9.0,1.0,0.0
1175368,Avesh Khan,4,3,5.0,1.0,0.0
1175368,CA Ingram,38,29,44.0,4.0,1.0
1175368,CH Morris,0,1,0.0,0.0,0.0
1175368,DA Miller,43,33,51.0,4.0,2.0
1175368,GC Viljoen,1,3,1.0,0.0,0.0
1175368,GH Vihari,2,5,2.0,0.0,0.0
1175368,HV Patel,0,3,0.0,0.0,0.0
1175368,K Rabada,0,1,0.0,0.0,0.0
1175368,KL Rahul,15,11,19.0,2.0,1.0
1175368,M Ashwin,1,2,1.0,0.0,0.0
1175368,MA Agarwal,6,9,6.0,0.0,0.0
1175368,Mandeep Singh,29,22,33.0,2.0,1.0
1175368,Mohammed Shami,0,1,0.0,0.0,0.0
1175368,PP Shaw,0,1,0.0,0.0,0.0
1175368,R Ashwin,3,4,3.0,0.0,0.0
1175368,RR Pant,39,26,46.0,3.0,2.0
1175368,S Dhawan,30,27,34.0,4.0,0.0
1175368,S Lamichhane,0,1,0.0,0.0,0.0
1175368,SM Curran,20,10,25.0,3.0,1.0
1175368,SN Khan,39,29,45.0,6.0,0.0
1175368,SS Iyer,28,24,33.0,5.0,0.0
1175369,AB de Villiers,13,9,15.0,2.0,0.0
1175369,AM Rahane,22,21,26.0,4.0,0.0
1175369,BA Stokes,1,2,1.0,0.0,0.0
1175369,JC Buttler,59,45,69.0,8.0,1.0
1175369,MM Ali,18,9,22.0,2.0,1.0
1175369,MP Stoinis,31,28,35.0,2.0,1.0
1175369,PA Patel,67,41,78.0,9.0,1.0
1175369,RA Tripathi,34,24,39.0,3.0,1.0
1175369,SO Hetmyer,1,9,1.0,0.0,0.0
1175369,SPD Smith,38,32,42.0,2.0,1.0
1175369,V Kohli,23,26,26.0,3.0,0.0
1175370,AT Rayudu,0,1,0.0,0.0,0.0
1175370,DJ Bravo,8,10,10.0,0.0,1.0
1175370,DL Chahar,7,7,8.0,1.0,0.0
1175370,HH Pandya,25,9,32.0,1.0,3.0
1175370,KA Pollard,17,9,21.0,0.0,2.0
1175370,KH Pandya,42,32,49.0,5.0,1.0
1175370,KM Jadhav,58,56,68.0,8.0,1.0
1175370,MM Sharma,0,2,0.0,0.0,0.0
1175370,MS Dhoni,12,22,12.0,0.0,0.0
1175370,Q de Kock,4,7,5.0,1.0,0.0
1175370,RA Jadeja,1,2,1.0,0.0,0.0
1175370,RG Sharma,13,19,14.0,1.0,0.0
1175370,SA Yadav,59,43,69.0,8.0,1.0
1175370,SK Raina,16,16,20.0,2.0,1.0
1175370,SN Thakur,12,5,15.0,1.0,1.0
1175370,SR Watson,5,6,6.0,1.0,0.0
1175370,Yuvraj Singh,4,6,4.0,0.0,0.0
1175371,AR Patel,23,13,28.0,1.0,2.0
1175371,CA Ingram,5,9,5.0,0.0,0.0
1175371,CH Morris,17,16,20.0,1.0,1.0
1175371,DA Warner,10,18,10.0,0.0,0.0
1175371,DJ Hooda,10,11,11.0,1.0,0.0
1175371,JM Bairstow,48,29,59.0,9.0,1.0
1175371,K Rabada,3,4,3.0,0.0,0.0
1175371,MK Pandey,10,13,10.0,0.0,0.0
1175371,Mohammad Nabi,17,9,21.0,2.0,1.0
1175371,PP Shaw,11,11,13.0,2.0,0.0
1175371,R Tewatia,5,7,6.0,1.0,0.0
1175371,RR Pant,5,7,5.0,0.0,0.0
1175371,S Dhawan,12,14,13.0,1.0,0.0
1175371,SS Iyer,43,41,48.0,3.0,1.0
1175371,V Shankar,16,23,17.0,1.0,0.0
1175371,YK Pathan,9,11,10.0,1.0,0.0
1175372,AB de Villiers,63,34,76.0,5.0,4.0
1175372,AD Russell,48,16,63.0,1.0,7.0
1175372,CA Lynn,43,32,51.0,4.0,2.0
1175372,KD Karthik,19,15,22.0,1.0,1.0
1175372,MM Ali,0,3,0.0,0.0,0.0
1175372,MP Stoinis,28,13,33.0,3.0,1.0
1175372,N Rana,37,23,42.0,1.0,2.0
1175372,PA Patel,25,25,28.0,3.0,0.0
1175372,RV Uthappa,33,25,39.0,6.0,0.0
1175372,SP Narine,10,8,12.0,2.0,0.0
1175372,Shubman Gill,3,3,3.0,0.0,0.0
1175372,V Kohli,84,49,97.0,9.0,2.0
1178393,AT Rayudu,21,15,24.0,1.0,1.0
1178393,CH Gayle,5,8,6.0,1.0,0.0
1178393,DA Miller,6,5,7.0,1.0,0.0
1178393,F du Plessis,54,39,64.0,2.0,4.0
1178393,KL Rahul,55,47,60.0,3.0,1.0
1178393,MA Agarwal,0,2,0.0,0.0,0.0
1178393,MS Dhoni,37,25,43.0,4.0,1.0
1178393,Mandeep Singh,1,1,1.0,0.0,0.0
1178393,SK Raina,17,21,18.0,1.0,0.0
1178393,SM Curran,0,1,0.0,0.0,0.0
1178393,SN Khan,67,60,75.0,4.0,2.0
1178393,SR Watson,26,25,31.0,3.0,1.0
1178394,B Kumar,2,6,2.0,0.0,0.0
1178394,DA Warner,15,14,17.0,2.0,0.0
1178394,DJ Hooda,20,26,21.0,1.0,0.0
1178394,HH Pandya,14,14,16.0,0.0,1.0
1178394,Ishan Kishan,17,21,19.0,2.0,0.0
1178394,JM Bairstow,16,10,19.0,3.0,0.0
1178394,KA Pollard,46,28,56.0,2.0,4.0
1178394,KH Pandya,6,14,6.0,0.0,0.0
1178394,MK Pandey,16,21,16.0,0.0,0.0
1178394,Mohammad Nabi,11,14,13.0,0.0,1.0
1178394,Q de Kock,19,18,22.0,1.0,1.0
1178394,RD Chahar,10,7,12.0,2.0,0.0
1178394,RG Sharma,11,14,13.0,0.0,1.0
1178394,Rashid Khan,0,1,0.0,0.0,0.0
1178394,S Kaul,0,1,0.0,0.0,0.0
1178394,SA Yadav,7,8,8.0,1.0,0.0
1178394,Sandeep Sharma,5,2,6.0,1.0,0.0
1178394,V Shankar,5,10,6.0,1.0,0.0
1178394,YK Pathan,0,4,0.0,0.0,0.0
1178395,AB de Villiers,17,17,20.0,1.0,1.0
1178395,AD Nath,19,12,23.0,4.0,0.0
1178395,AR Patel,4,1,5.0,1.0,0.0
1178395,CA Ingram,22,22,26.0,2.0,1.0
1178395,CH Morris,0,3,0.0,0.0,0.0
1178395,MM Ali,32,19,39.0,1.0,3.0
1178395,MP Stoinis,15,17,17.0,0.0,1.0
1178395,Mohammed Siraj,1,5,1.0,0.0,0.0
1178395,P Negi,0,1,0.0,0.0,0.0
1178395,PA Patel,9,10,10.0,1.0,0.0
1178395,PP Shaw,28,22,33.0,5.0,0.0
1178395,R Tewatia,1,2,1.0,0.0,0.0
1178395,RR Pant,18,14,20.0,2.0,0.0
1178395,S Dhawan,0,1,0.0,0.0,0.0
1178395,SS Iyer,67,55,79.0,8.0,2.0
1178395,TG Southee,9,9,9.0,0.0,0.0
1178395,V Kohli,41,33,46.0,1.0,2.0
1178395,YS Chahal,1,1,1.0,0.0,0.0
1178396,AM Rahane,5,7,6.0,1.0,0.0
1178396,BA Stokes,7,14,7.0,0.0,0.0
1178396,CA Lynn,50,32,62.0,6.0,3.0
1178396,JC Buttler,37,35,44.0,5.0,1.0
1178396,RA Tripathi,6,8,6.0,0.0,0.0
1178396,RV Uthappa,26,16,31.0,1.0,2.0
1178396,SP Narine,47,27,59.0,6.0,3.0
1178396,SPD Smith,73,61,82.0,7.0,1.0
1178396,Shubman Gill,6,11,6.0,0.0,0.0
1178397,CH Gayle,16,14,19.0,1.0,1.0
1178397,DA Miller,1,3,1.0,0.0,0.0
1178397,DA Warner,70,63,78.0,6.0,1.0
1178397,DJ Hooda,14,3,18.0,2.0,1.0
1178397,JM Bairstow,1,8,1.0,0.0,0.0
1178397,KL Rahul,71,53,80.0,7.0,1.0
1178397,MA Agarwal,55,43,64.0,3.0,3.0
1178397,MK Pandey,19,15,21.0,2.0,0.0
1178397,Mandeep Singh,2,3,2.0,0.0,0.0
1178397,Mohammad Nabi,12,7,12.0,0.0,0.0
1178397,SM Curran,5,3,5.0,0.0,0.0
1178397,V Shankar,26,27,28.0,2.0,0.0
1178398,AD Russell,50,46,61.0,5.0,3.0
1178398,AT Rayudu,21,31,23.0,2.0,0.0
1178398,CA Lynn,0,5,0.0,0.0,0.0
1178398,F du Plessis,43,46,46.0,3.0,0.0
1178398,HF Gurney,1,5,1.0,0.0,0.0
1178398,KD Karthik,19,21,22.0,3.0,0.0
1178398,KM Jadhav,8,8,9.0,1.0,0.0
1178398,Kuldeep Yadav,0,1,0.0,0.0,0.0
1178398,M Prasidh Krishna,0,2,0.0,0.0,0.0
1178398,N Rana,0,4,0.0,0.0,0.0
1178398,PP Chawla,8,13,10.0,0.0,1.0
1178398,RV Uthappa,11,9,13.0,2.0,0.0
1178398,SK Raina,14,14,17.0,1.0,1.0
1178398,SP Narine,6,5,6.0,0.0,0.0
1178398,SR Watson,17,9,21.0,2.0,1.0
1178398,Shubman Gill,9,12,9.0,0.0,0.0
1178399,AS Joseph,15,13,17.0,2.0,0.0
1178399,CH Gayle,63,38,80.0,3.0,7.0
1178399,DA Miller,7,9,8.0,1.0,0.0
1178399,HH Pandya,19,15,21.0,2.0,0.0
1178399,Ishan Kishan,7,11,8.0,1.0,0.0
1178399,KA Pollard,83,33,106.0,3.0,10.0
1178399,KH Pandya,1,3,1.0,0.0,0.0
1178399,KK Nair,5,6,5.0,0.0,0.0
1178399,KL Rahul,100,66,118.0,6.0,6.0
1178399,Mandeep Singh,7,3,8.0,1.0,0.0
1178399,Q de Kock,24,23,26.0,2.0,0.0
1178399,RD Chahar,1,1,1.0,0.0,0.0
1178399,SA Yadav,21,15,25.0,4.0,0.0
1178399,SD Lad,15,13,18.0,1.0,1.0
1178399,SM Curran,8,3,10.0,2.0,0.0
1178400,AM Rahane,14,12,17.0,3.0,0.0
1178400,AT Rayudu,57,48,65.0,2.0,3.0
1178400,BA Stokes,28,27,29.0,1.0,0.0
1178400,F du Plessis,7,10,7.0,0.0,0.0
1178400,JC Archer,13,12,14.0,1.0,0.0
1178400,JC Buttler,23,10,29.0,4.0,1.0
1178400,KM Jadhav,1,6,1.0,0.0,0.0
1178400,MJ Santner,10,4,12.0,0.0,1.0
1178400,MS Dhoni,58,44,66.0,2.0,3.0
1178400,R Parag,16,14,18.0,2.0,0.0
1178400,RA Jadeja,9,4,11.0,0.0,1.0
1178400,RA Tripathi,10,12,11.0,1.0,0.0
1178400,S Gopal,19,7,23.0,2.0,1.0
1178400,SK Raina,4,4,5.0,1.0,0.0
1178400,SPD Smith,15,22,16.0,1.0,0.0
1178400,SR Watson,0,4,0.0,0.0,0.0
1178400,SV Samson,6,6,7.0,1.0,0.0
1178401,AD Russell,45,22,56.0,3.0,4.0
1178401,CA Ingram,14,6,17.0,1.0,1.0
1178401,CR Brathwaite,6,7,6.0,0.0,0.0
1178401,JL Denly,0,1,0.0,0.0,0.0
1178401,KD Karthik,2,3,2.0,0.0,0.0
1178401,Kuldeep Yadav,2,2,2.0,0.0,0.0
1178401,N Rana,11,13,13.0,0.0,1.0
1178401,PP Chawla,14,6,16.0,2.0,0.0
1178401,PP Shaw,14,7,18.0,0.0,2.0
1178401,RR Pant,46,32,54.0,4.0,2.0
1178401,RV Uthappa,28,30,34.0,4.0,1.0
1178401,S Dhawan,97,64,112.0,11.0,2.0
1178401,SS Iyer,6,6,7.0,1.0,0.0
1178401,Shubman Gill,65,40,76.0,7.0,2.0
1178402,AM Rahane,37,21,45.0,6.0,1.0
1178402,HH Pandya,28,13,35.0,1.0,3.0
1178402,Ishan Kishan,5,3,6.0,1.0,0.0
1178402,JC Buttler,89,44,111.0,8.0,7.0
1178402,K Gowtham,0,1,0.0,0.0,0.0
1178402,KA Pollard,6,12,6.0,0.0,0.0
1178402,LS Livingstone,1,2,1.0,0.0,0.0
1178402,Q de Kock,81,53,95.0,6.0,4.0
1178402,RA Tripathi,1,2,1.0,0.0,0.0
1178402,RG Sharma,47,32,55.0,6.0,1.0
1178402,S Gopal,13,7,15.0,2.0,0.0
1178402,SA Yadav,16,10,18.0,0.0,1.0
1178402,SPD Smith,12,15,13.0,1.0,0.0
1178402,SV Samson,31,27,35.0,2.0,1.0
1178403,AB de Villiers,59,38,68.0,5.0,2.0
1178403,CH Gayle,99,68,119.0,10.0,5.0
1178403,KL Rahul,18,15,22.0,2.0,1.0
1178403,MA Agarwal,15,9,18.0,1.0,1.0
1178403,MP Stoinis,28,16,32.0,4.0,0.0
1178403,Mandeep Singh,18,17,19.0,1.0,0.0
1178403,PA Patel,19,9,23.0,4.0,0.0
1178403,SM Curran,1,3,1.0,0.0,0.0
1178403,SN Khan,15,13,18.0,1.0,1.0
1178403,V Kohli,67,54,75.0,8.0,0.0
1178404,AD Russell,10,4,13.0,1.0,1.0
1178404,AT Rayudu,5,12,5.0,0.0,0.0
1178404,CA Lynn,82,53,101.0,7.0,6.0
1178404,F du Plessis,24,16,29.0,5.0,0.0
1178404,KD Karthik,18,15,20.0,2.0,0.0
1178404,KM Jadhav,20,12,25.0,3.0,1.0
1178404,MS Dhoni,16,13,18.0,0.0,1.0
1178404,N Rana,21,18,24.0,3.0,0.0
1178404,PP Chawla,4,6,4.0,0.0,0.0
1178404,RA Jadeja,31,18,36.0,5.0,0.0
1178404,RV Uthappa,0,1,0.0,0.0,0.0
1178404,SK Raina,58,42,67.0,7.0,1.0
1178404,SP Narine,2,8,2.0,0.0,0.0
1178404,SR Watson,6,7,7.0,1.0,0.0
1178404,Shubman Gill,15,20,15.0,0.0,0.0
1178405,AR Patel,14,12,15.0,1.0,0.0
1178405,Abhishek Sharma,2,3,2.0,0.0,0.0
1178405,B Kumar,2,4,2.0,0.0,0.0
1178405,C Munro,40,25,50.0,4.0,3.0
1178405,CH Morris,4,8,4.0,0.0,0.0
1178405,DA Warner,51,47,56.0,3.0,1.0
1178405,DJ Hooda,3,4,3.0,0.0,0.0
1178405,JM Bairstow,41,32,48.0,5.0,1.0
1178405,K Rabada,2,2,2.0,0.0,0.0
1178405,KK Ahmed,0,1,0.0,0.0,0.0
1178405,KMA Paul,7,4,9.0,0.0,1.0
1178405,KS Williamson,3,8,3.0,0.0,0.0
1178405,PP Shaw,4,5,4.0,0.0,0.0
1178405,RK Bhui,7,13,7.0,0.0,0.0
1178405,RR Pant,23,19,26.0,3.0,0.0
1178405,Rashid Khan,0,1,0.0,0.0,0.0
1178405,S Dhawan,7,8,8.0,1.0,0.0
1178405,SS Iyer,45,41,50.0,5.0,0.0
1178405,Sandeep Sharma,1,2,1.0,0.0,0.0
1178405,V Shankar,1,2,1.0,0.0,0.0
1178406,AB de Villiers,75,51,89.0,6.0,4.0
1178406,AD Nath,2,3,2.0,0.0,0.0
1178406,HH Pandya,37,19,46.0,5.0,2.0
1178406,Ishan Kishan,21,9,27.0,0.0,3.0
1178406,KH Pandya,11,22,12.0,1.0,0.0
1178406,MM Ali,50,32,61.0,1.0,5.0
1178406,MP Stoinis,0,2,0.0,0.0,0.0
1178406,P Negi,0,2,0.0,0.0,0.0
1178406,PA Patel,28,20,34.0,4.0,1.0
1178406,Q de Kock,40,27,49.0,5.0,2.0
1178406,RG Sharma,28,20,34.0,2.0,2.0
1178406,SA Yadav,29,23,33.0,2.0,1.0
1178406,UT Yadav,0,1,0.0,0.0,0.0
1178406,V Kohli,8,10,9.0,1.0,0.0
1178407,AJ Turner,0,2,0.0,0.0,0.0
1178407,AM Rahane,26,21,27.0,1.0,0.0
1178407,CH Gayle,30,22,38.0,2.0,3.0
1178407,DA Miller,40,28,46.0,2.0,2.0
1178407,JC Archer,1,3,1.0,0.0,0.0
1178407,JC Buttler,23,20,28.0,1.0,2.0
1178407,KL Rahul,52,47,59.0,3.0,2.0
1178407,MA Agarwal,26,12,31.0,1.0,2.0
1178407,Mandeep Singh,0,2,0.0,0.0,0.0
1178407,Mujeeb Ur Rahman,0,1,0.0,0.0,0.0
1178407,N Pooran,5,6,5.0,0.0,0.0
1178407,R Ashwin,17,4,22.0,1.0,2.0
1178407,RA Tripathi,50,46,54.0,4.0,0.0
1178407,S Gopal,0,1,0.0,0.0,0.0
1178407,STR Binny,33,11,41.0,2.0,3.0
1178407,SV Samson,27,22,29.0,2.0,0.0
1178408,AT Rayudu,25,21,27.0,2.0,0.0
1178408,DA Warner,50,26,60.0,10.0,0.0
1178408,DJ Hooda,13,16,14.0,1.0,0.0
1178408,F du Plessis,45,31,54.0,3.0,3.0
1178408,JM Bairstow,61,46,70.0,3.0,3.0
1178408,KM Jadhav,1,2,1.0,0.0,0.0
1178408,KS Williamson,3,5,3.0,0.0,0.0
1178408,RA Jadeja,10,22,10.0,0.0,0.0
1178408,SK Raina,13,13,15.0,2.0,0.0
1178408,SR Watson,31,29,35.0,4.0,0.0
1178408,SW Billings,0,5,0.0,0.0,0.0
1178408,V Shankar,7,11,7.0,0.0,0.0
1178409,A Mishra,6,9,6.0,0.0,0.0
1178409,AR Patel,26,24,29.0,1.0,1.0
1178409,BCJ Cutting,2,4,2.0,0.0,0.0
1178409,C Munro,3,10,3.0,0.0,0.0
1178409,CH Morris,11,9,13.0,0.0,1.0
1178409,HH Pandya,32,15,40.0,2.0,3.0
1178409,K Rabada,9,8,11.0,0.0,1.0
1178409,KH Pandya,37,29,42.0,5.0,0.0
1178409,PP Shaw,20,24,22.0,2.0,0.0
1178409,Q de Kock,35,27,41.0,2.0,2.0
1178409,RG Sharma,30,22,35.0,3.0,1.0
1178409,RR Pant,7,11,7.0,0.0,0.0
1178409,S Dhawan,35,22,42.0,5.0,1.0
1178409,SA Yadav,26,27,28.0,2.0,0.0
1178409,SS Iyer,3,6,3.0,0.0,0.0
1178410,AD Nath,13,16,15.0,0.0,1.0
1178410,AD Russell,65,30,85.0,2.0,9.0
1178410,CA Lynn,1,2,1.0,0.0,0.0
1178410,MM Ali,66,29,83.0,5.0,6.0
1178410,MP Stoinis,17,10,21.0,2.0,1.0
1178410,N Rana,85,46,104.0,9.0,5.0
1178410,PA Patel,11,12,13.0,2.0,0.0
1178410,RV Uthappa,9,23,10.0,1.0,0.0
1178410,SP Narine,18,16,22.0,4.0,0.0
1178410,Shubman Gill,9,11,10.0,1.0,0.0
1178410,V Kohli,100,58,117.0,9.0,4.0
1178411,AJ Turner,0,1,0.0,0.0,0.0
1178411,AM Rahane,12,12,14.0,2.0,0.0
1178411,BA Stokes,0,2,0.0,0.0,0.0
1178411,BCJ Cutting,13,9,16.0,1.0,1.0
1178411,HH Pandya,23,17,27.0,2.0,1.0
1178411,KA Pollard,10,7,12.0,0.0,1.0
1178411,KH Pandya,2,2,2.0,0.0,0.0
1178411,Q de Kock,65,48,75.0,6.0,2.0
1178411,R Parag,43,29,50.0,5.0,1.0
1178411,RG Sharma,5,7,6.0,1.0,0.0
1178411,SA Yadav,34,34,37.0,1.0,1.0
1178411,SPD Smith,59,48,66.0,5.0,1.0
1178411,STR Binny,7,4,8.0,1.0,0.0
1178411,SV Samson,35,19,43.0,6.0,1.0
1178412,AR Patel,1,1,1.0,0.0,0.0
1178412,CA Ingram,19,10,23.0,4.0,0.0
1178412,CH Gayle,69,37,85.0,6.0,5.0
1178412,DA Miller,7,5,8.0,1.0,0.0
1178412,GC Viljoen,2,3,2.0,0.0,0.0
1178412,Harpreet Brar,20,14,24.0,2.0,1.0
1178412,KL Rahul,12,9,15.0,1.0,1.0
1178412,MA Agarwal,2,9,2.0,0.0,0.0
1178412,Mandeep Singh,30,27,33.0,1.0,1.0
1178412,PP Shaw,13,11,16.0,1.0,1.0
1178412,R Ashwin,16,14,18.0,2.0,0.0
1178412,RR Pant,6,8,7.0,1.0,0.0
1178412,S Dhawan,56,44,65.0,7.0,1.0
1178412,SE Rutherford,2,2,2.0,0.0,0.0
1178412,SM Curran,0,4,0.0,0.0,0.0
1178412,SS Iyer,58,50,65.0,5.0,1.0
1178413,AD Russell,15,10,19.0,0.0,2.0
1178413,CA Lynn,51,50,57.0,4.0,1.0
1178413,DA Warner,67,39,80.0,3.0,5.0
1178413,JM Bairstow,80,45,95.0,7.0,4.0
1178413,KC Cariappa,9,3,11.0,0.0,1.0
1178413,KD Karthik,6,4,7.0,1.0,0.0
1178413,KS Williamson,8,10,8.0,0.0,0.0
1178413,N Rana,11,11,12.0,1.0,0.0
1178413,PP Chawla,4,8,5.0,1.0,0.0
1178413,RK Singh,30,25,35.0,1.0,2.0
1178413,SP Narine,25,8,32.0,3.0,2.0
1178413,Shubman Gill,3,4,3.0,0.0,0.0
1178413,Y Prithvi Raj,0,1,0.0,0.0,0.0
1178414,AB de Villiers,25,20,30.0,3.0,1.0
1178414,AD Nath,24,20,27.0,1.0,1.0
1178414,AT Rayudu,29,29,33.0,2.0,1.0
1178414,DJ Bravo,5,4,5.0,0.0,0.0
1178414,F du Plessis,5,16,5.0,0.0,0.0
1178414,KM Jadhav,9,9,11.0,2.0,0.0
1178414,MM Ali,26,17,31.0,5.0,0.0
1178414,MP Stoinis,14,13,16.0,0.0,1.0
1178414,MS Dhoni,84,48,103.0,5.0,7.0
1178414,P Negi,5,6,5.0,0.0,0.0
1178414,PA Patel,53,37,63.0,2.0,4.0
1178414,RA Jadeja,11,13,11.0,0.0,0.0
1178414,SK Raina,0,1,0.0,0.0,0.0
1178414,SR Watson,5,3,6.0,1.0,0.0
1178414,UT Yadav,1,1,1.0,0.0,0.0
1178414,V Kohli,9,8,11.0,2.0,0.0
1178415,AJ Turner,0,1,0.0,0.0,0.0
1178415,AM Rahane,105,65,122.0,11.0,3.0
1178415,BA Stokes,8,8,9.0,1.0,0.0
1178415,CA Ingram,3,5,3.0,0.0,0.0
1178415,PP Shaw,42,39,48.0,4.0,1.0
1178415,R Parag,4,3,5.0,1.0,0.0
1178415,RR Pant,78,36,92.0,6.0,4.0
1178415,S Dhawan,54,27,66.0,8.0,2.0
1178415,SE Rutherford,11,5,14.0,1.0,1.0
1178415,SPD Smith,50,33,58.0,8.0,0.0
1178415,SS Iyer,4,5,4.0,0.0,0.0
1178415,STR Binny,19,14,21.0,2.0,0.0
1178416,AT Rayudu,21,25,22.0,1.0,0.0
1178416,DA Warner,57,47,64.0,3.0,2.0
1178416,F du Plessis,1,7,1.0,0.0,0.0
1178416,JM Bairstow,0,2,0.0,0.0,0.0
1178416,KM Jadhav,11,10,13.0,0.0,1.0
1178416,MK Pandey,83,50,96.0,7.0,3.0
1178416,SK Raina,38,25,46.0,6.0,1.0
1178416,SR Watson,96,54,117.0,9.0,6.0
1178416,V Shankar,26,20,30.0,2.0,1.0
1178416,YK Pathan,5,4,5.0,0.0,0.0
1178417,AB de Villiers,82,46,99.0,3.0,7.0
1178417,AD Nath,3,7,3.0,0.0,0.0
1178417,CH Gayle,23,11,29.0,4.0,1.0
1178417,DA Miller,24,26,26.0,2.0,0.0
1178417,GC Viljoen,0,1,0.0,0.0,0.0
1178417,KL Rahul,42,29,51.0,7.0,1.0
1178417,M Ashwin,1,2,1.0,0.0,0.0
1178417,MA Agarwal,35,21,42.0,5.0,1.0
1178417,MM Ali,4,5,5.0,1.0,0.0
1178417,MP Stoinis,46,34,54.0,2.0,3.0
1178417,Mandeep Singh,4,4,4.0,0.0,0.0
1178417,N Pooran,46,28,57.0,1.0,5.0
1178417,PA Patel,43,25,54.0,7.0,2.0
1178417,R Ashwin,6,2,8.0,0.0,1.0
1178417,V Kohli,13,8,15.0,2.0,0.0
1178418,AD Russell,14,14,16.0,0.0,1.0
1178418,AM Rahane,34,21,41.0,5.0,1.0
1178418,BA Stokes,11,10,13.0,2.0,0.0
1178418,CA Lynn,0,3,0.0,0.0,0.0
1178418,CR Brathwaite,5,3,6.0,1.0,0.0
1178418,JC Archer,27,13,33.0,2.0,2.0
1178418,JD Unadkat,0,1,0.0,0.0,0.0
1178418,KD Karthik,97,52,122.0,7.0,9.0
1178418,N Rana,21,26,24.0,3.0,0.0
1178418,R Parag,47,34,56.0,5.0,2.0
1178418,RK Singh,3,3,3.0,0.0,0.0
1178418,S Gopal,18,9,22.0,4.0,0.0
1178418,SP Narine,11,8,14.0,1.0,1.0
1178418,SPD Smith,2,6,2.0,0.0,0.0
1178418,STR Binny,11,12,13.0,0.0,1.0
1178418,SV Samson,22,15,26.0,0.0,2.0
1178418,Shubman Gill,14,14,16.0,2.0,0.0
1178419,AT Rayudu,0,3,0.0,0.0,0.0
1178419,DJ Bravo,20,17,22.0,2.0,0.0
1178419,DL Chahar,0,3,0.0,0.0,0.0
1178419,DR Shorey,5,11,5.0,0.0,0.0
1178419,E Lewis,32,31,37.0,3.0,1.0
1178419,HH Pandya,23,19,26.0,1.0,1.0
1178419,Harbhajan Singh,1,3,1.0,0.0,0.0
1178419,KA Pollard,13,12,15.0,2.0,0.0
1178419,KH Pandya,1,3,1.0,0.0,0.0
1178419,KM Jadhav,6,11,6.0,0.0,0.0
1178419,M Vijay,38,35,43.0,3.0,1.0
1178419,MJ Santner,22,21,26.0,0.0,2.0
1178419,Q de Kock,15,10,18.0,1.0,1.0
1178419,RG Sharma,67,48,79.0,6.0,3.0
1178419,SK Raina,2,4,2.0,0.0,0.0
1178419,SR Watson,8,4,10.0,2.0,0.0
1178420,AJ Turner,3,7,3.0,0.0,0.0
1178420,AM Rahane,39,34,45.0,4.0,1.0
1178420,B Kumar,1,4,1.0,0.0,0.0
1178420,DA Warner,37,33,37.0,0.0,0.0
1178420,DJ Hooda,0,1,0.0,0.0,0.0
1178420,KS Williamson,13,14,15.0,2.0,0.0
1178420,LS Livingstone,44,26,54.0,4.0,3.0
1178420,MK Pandey,61,36,70.0,9.0,0.0
1178420,Rashid Khan,17,9,20.0,1.0,1.0
1178420,SPD Smith,22,16,25.0,3.0,0.0
1178420,SV Samson,48,35,54.0,4.0,1.0
1178420,Shakib Al Hasan,9,11,9.0,0.0,0.0
1178420,V Shankar,8,10,8.0,0.0,0.0
1178420,WP Saha,5,5,5.0,0.0,0.0
1178421,AB de Villiers,17,19,19.0,0.0,1.0
1178421,AR Patel,16,9,19.0,3.0,0.0
1178421,CA Ingram,11,7,14.0,1.0,1.0
1178421,Gurkeerat Singh,27,20,31.0,2.0,1.0
1178421,H Klaasen,3,3,3.0,0.0,0.0
1178421,MP Stoinis,32,25,37.0,1.0,2.0
1178421,PA Patel,39,20,48.0,7.0,1.0
1178421,PP Shaw,18,10,22.0,4.0,0.0
1178421,RR Pant,7,7,8.0,1.0,0.0
1178421,S Dhawan,50,37,59.0,5.0,2.0
1178421,S Dube,24,16,28.0,0.0,2.0
1178421,SE Rutherford,28,13,35.0,1.0,3.0
1178421,SS Iyer,52,37,60.0,2.0,3.0
1178421,V Kohli,23,17,27.0,2.0,1.0
1178421,Washington Sundar,1,2,1.0,0.0,0.0
1178422,AD Russell,80,44,102.0,6.0,8.0
1178422,BB Sran,3,3,3.0,0.0,0.0
1178422,CA Lynn,54,29,66.0,8.0,2.0
1178422,E Lewis,15,16,18.0,1.0,1.0
1178422,HH Pandya,91,34,115.0,6.0,9.0
1178422,KA Pollard,20,21,22.0,2.0,0.0
1178422,KD Karthik,15,7,18.0,1.0,1.0
1178422,KH Pandya,24,18,28.0,0.0,2.0
1178422,Q de Kock,0,4,0.0,0.0,0.0
1178422,RD Chahar,1,1,1.0,0.0,0.0
1178422,RG Sharma,12,9,15.0,3.0,0.0
1178422,SA Yadav,26,14,32.0,2.0,2.0
1178422,Shubman Gill,76,46,90.0,6.0,4.0
1178423,Abhishek Sharma,5,4,6.0,1.0,0.0
1178423,CH Gayle,4,3,5.0,1.0,0.0
1178423,DA Miller,11,11,12.0,1.0,0.0
1178423,DA Warner,81,61,92.0,7.0,2.0
1178423,KL Rahul,79,60,93.0,4.0,5.0
1178423,KS Williamson,14,7,17.0,1.0,1.0
1178423,M Ashwin,1,1,1.0,0.0,0.0
1178423,MA Agarwal,27,19,31.0,2.0,1.0
1178423,MK Pandey,36,25,41.0,3.0,1.0
1178423,Mohammad Nabi,20,13,24.0,0.0,2.0
1178423,Mohammed Shami,1,1,1.0,0.0,0.0
1178423,Mujeeb Ur Rahman,0,3,0.0,0.0,0.0
1178423,N Pooran,21,10,27.0,2.0,2.0
1178423,P Simran Singh,16,18,19.0,1.0,1.0
1178423,R Ashwin,0,1,0.0,0.0,0.0
1178423,Rashid Khan,1,2,1.0,0.0,0.0
1178423,V Shankar,7,4,7.0,0.0,0.0
1178423,WP Saha,28,14,33.0,3.0,1.0
1178424,AB de Villiers,10,4,12.0,2.0,0.0
1178424,Gurkeerat Singh,6,3,7.0,1.0,0.0
1178424,H Klaasen,6,7,6.0,0.0,0.0
1178424,LS Livingstone,11,7,14.0,1.0,1.0
1178424,MP Stoinis,0,1,0.0,0.0,0.0
1178424,Navdeep Saini,0,1,0.0,0.0,0.0
1178424,P Negi,4,3,5.0,1.0,0.0
1178424,PA Patel,8,5,9.0,1.0,0.0
1178424,SV Samson,28,13,36.0,2.0,3.0
1178424,V Kohli,25,7,32.0,1.0,3.0
1178425,A Mishra,8,11,9.0,1.0,0.0
1178425,AR Patel,9,9,10.0,1.0,0.0
1178425,AT Rayudu,5,3,6.0,1.0,0.0
1178425,CA Ingram,1,5,1.0,0.0,0.0
1178425,CH Morris,0,1,0.0,0.0,0.0
1178425,F du Plessis,39,43,45.0,2.0,2.0
1178425,J Suchith,6,15,6.0,0.0,0.0
1178425,MS Dhoni,44,22,54.0,4.0,3.0
1178425,PP Shaw,4,5,5.0,1.0,0.0
1178425,RA Jadeja,25,10,31.0,2.0,2.0
1178425,RR Pant,5,3,6.0,1.0,0.0
1178425,S Dhawan,19,13,22.0,1.0,1.0
1178425,SE Rutherford,2,4,2.0,0.0,0.0
1178425,SK Raina,59,38,69.0,8.0,1.0
1178425,SR Watson,0,9,0.0,0.0,0.0
1178425,SS Iyer,44,31,50.0,4.0,1.0
1178425,TA Boult,1,1,1.0,0.0,0.0
1178426,Abhishek Sharma,2,3,2.0,0.0,0.0
1178426,E Lewis,1,6,1.0,0.0,0.0
1178426,HH Pandya,25,12,30.0,1.0,2.0
1178426,KA Pollard,12,10,14.0,0.0,1.0
1178426,KH Pandya,9,3,11.0,0.0,1.0
1178426,KS Williamson,3,7,3.0,0.0,0.0
1178426,MJ Guptill,16,12,19.0,1.0,1.0
1178426,MK Pandey,72,48,84.0,8.0,2.0
1178426,Mohammad Nabi,37,22,45.0,2.0,3.0
1178426,Q de Kock,69,58,79.0,6.0,2.0
1178426,RG Sharma,24,19,29.0,5.0,0.0
1178426,SA Yadav,23,17,28.0,3.0,1.0
1178426,V Shankar,12,18,12.0,0.0,0.0
1178426,WP Saha,25,16,30.0,5.0,0.0
1178427,AD Russell,24,17,30.0,2.0,2.0
1178427,AJ Tye,0,2,0.0,0.0,0.0
1178427,CA Lynn,46,22,57.0,5.0,3.0
1178427,CH Gayle,14,14,16.0,2.0,0.0
1178427,KD Karthik,21,10,25.0,2.0,1.0
1178427,KL Rahul,2,7,2.0,0.0,0.0
1178427,MA Agarwal,36,26,40.0,2.0,1.0
1178427,Mandeep Singh,25,17,28.0,1.0,1.0
1178427,N Pooran,48,28,59.0,3.0,4.0
1178427,R Ashwin,0,3,0.0,0.0,0.0
1178427,RV Uthappa,22,14,26.0,2.0,1.0
1178427,SM Curran,55,24,66.0,7.0,2.0
1178427,Shubman Gill,65,50,74.0,5.0,2.0
1178428,AM Rahane,2,4,2.0,0.0,0.0
1178428,AR Patel,1,1,1.0,0.0,0.0
1178428,CA Ingram,12,23,12.0,0.0,0.0
1178428,IS Sodhi,6,12,6.0,0.0,0.0
1178428,K Gowtham,6,6,7.0,1.0,0.0
1178428,LS Livingstone,14,13,17.0,1.0,1.0
1178428,MK Lomror,8,3,10.0,2.0,0.0
1178428,PP Shaw,8,8,9.0,1.0,0.0
1178428,R Parag,50,53,58.0,4.0,2.0
1178428,RR Pant,53,38,65.0,2.0,5.0
1178428,S Dhawan,16,12,18.0,2.0,0.0
1178428,S Gopal,12,18,12.0,0.0,0.0
1178428,SE Rutherford,11,7,13.0,0.0,1.0
1178428,SS Iyer,15,9,19.0,0.0,2.0
1178428,STR Binny,0,1,0.0,0.0,0.0
1178428,SV Samson,5,9,5.0,0.0,0.0
1178428,VR Aaron,3,7,3.0,0.0,0.0
1178429,AB de Villiers,1,2,1.0,0.0,0.0
1178429,B Kumar,7,5,8.0,1.0,0.0
1178429,C de Grandhomme,3,4,3.0,0.0,0.0
1178429,Gurkeerat Singh,65,50,75.0,8.0,1.0
1178429,KS Williamson,70,44,83.0,5.0,4.0
1178429,MJ Guptill,30,23,36.0,2.0,2.0
1178429,MK Pandey,9,12,10.0,1.0,0.0
1178429,Mohammad Nabi,4,3,5.0,1.0,0.0
1178429,PA Patel,0,4,0.0,0.0,0.0
1178429,Rashid Khan,1,2,1.0,0.0,0.0
1178429,SO Hetmyer,75,50,91.0,4.0,6.0
1178429,UT Yadav,9,4,11.0,2.0,0.0
1178429,V Kohli,16,7,20.0,2.0,1.0
1178429,V Shankar,27,18,33.0,0.0,3.0
1178429,WP Saha,20,11,24.0,4.0,0.0
1178429,Washington Sundar,0,2,0.0,0.0,0.0
1178429,YK Pathan,3,5,3.0,0.0,0.0
1178430,AT Rayudu,1,2,1.0,0.0,0.0
1178430,CH Gayle,28,32,34.0,2.0,2.0
1178430,DJ Bravo,1,1,1.0,0.0,0.0
1178430,F du Plessis,96,55,114.0,10.0,4.0
1178430,KL Rahul,71,36,88.0,7.0,5.0
1178430,KM Jadhav,0,1,0.0,0.0,0.0
1178430,MA Agarwal,7,6,8.0,1.0,0.0
1178430,MS Dhoni,10,12,10.0,0.0,0.0
1178430,Mandeep Singh,11,9,11.0,0.0,0.0
1178430,N Pooran,36,23,45.0,3.0,3.0
1178430,SK Raina,53,38,62.0,5.0,2.0
1178430,SM Curran,6,7,7.0,1.0,0.0
1178430,SR Watson,7,12,8.0,1.0,0.0
1178431,AD Russell,0,2,0.0,0.0,0.0
1178431,CA Lynn,41,29,51.0,2.0,4.0
1178431,KD Karthik,3,10,3.0,0.0,0.0
1178431,N Rana,26,13,32.0,0.0,3.0
1178431,Q de Kock,30,23,37.0,1.0,3.0
1178431,RG Sharma,55,49,63.0,8.0,0.0
1178431,RK Singh,4,6,4.0,0.0,0.0
1178431,RV Uthappa,40,52,47.0,1.0,3.0
1178431,SA Yadav,46,28,55.0,5.0,2.0
1178431,Shubman Gill,9,16,9.0,0.0,0.0
1181764,AT Rayudu,42,38,47.0,3.0,1.0
1181764,F du Plessis,6,11,7.0,1.0,0.0
1181764,HH Pandya,13,11,14.0,1.0,0.0
1181764,Ishan Kishan,28,32,31.0,1.0,1.0
1181764,KH Pandya,0,1,0.0,0.0,0.0
1181764,M Vijay,26,26,29.0,3.0,0.0
1181764,MS Dhoni,37,29,43.0,0.0,3.0
1181764,Q de Kock,8,13,10.0,2.0,0.0
1181764,RG Sharma,4,2,5.0,1.0,0.0
1181764,SA Yadav,71,54,81.0,10.0,0.0
1181764,SK Raina,5,7,6.0,1.0,0.0
1181764,SR Watson,10,13,12.0,2.0,0.0
1181766,A Mishra,1,3,1.0,0.0,0.0
1181766,AR Patel,0,3,0.0,0.0,0.0
1181766,Basil Thampi,1,1,1.0,0.0,0.0
1181766,C Munro,14,13,17.0,1.0,1.0
1181766,DJ Hooda,4,7,4.0,0.0,0.0
1181766,KMA Paul,5,4,6.0,1.0,0.0
1181766,KS Williamson,28,29,30.0,2.0,0.0
1181766,MJ Guptill,36,19,45.0,1.0,4.0
1181766,MK Pandey,30,38,33.0,3.0,0.0
1181766,Mohammad Nabi,20,13,25.0,3.0,1.0
1181766,PP Shaw,56,40,66.0,6.0,2.0
1181766,RR Pant,49,22,61.0,2.0,5.0
1181766,Rashid Khan,0,1,0.0,0.0,0.0
1181766,S Dhawan,17,17,20.0,3.0,0.0
1181766,SE Rutherford,9,12,11.0,0.0,1.0
1181766,SS Iyer,8,10,9.0,1.0,0.0
1181766,V Shankar,25,11,31.0,2.0,2.0
1181766,WP Saha,8,9,9.0,1.0,0.0
1181767,A Mishra,6,3,7.0,1.0,0.0
1181767,AR Patel,3,6,3.0,0.0,0.0
1181767,AT Rayudu,20,20,23.0,3.0,0.0
1181767,C Munro,27,24,31.0,4.0,0.0
1181767,DJ Bravo,0,1,0.0,0.0,0.0
1181767,F du Plessis,50,39,59.0,7.0,1.0
1181767,I Sharma,10,3,13.0,1.0,1.0
1181767,KMA Paul,3,8,3.0,0.0,0.0
1181767,MS Dhoni,9,9,10.0,1.0,0.0
1181767,PP Shaw,5,7,6.0,1.0,0.0
1181767,RR Pant,38,25,42.0,2.0,1.0
1181767,S Dhawan,18,14,21.0,3.0,0.0
1181767,SE Rutherford,10,12,12.0,0.0,1.0
1181767,SK Raina,11,13,11.0,0.0,0.0
1181767,SR Watson,50,34,61.0,3.0,4.0
1181767,SS Iyer,13,18,14.0,1.0,0.0
1181767,TA Boult,6,3,8.0,0.0,1.0
1181768,AT Rayudu,1,4,1.0,0.0,0.0
1181768,DJ Bravo,15,15,17.0,0.0,1.0
1181768,F du Plessis,26,13,31.0,3.0,1.0
1181768,HH Pandya,16,10,19.0,1.0,1.0
1181768,Ishan Kishan,23,28,26.0,3.0,0.0
1181768,KA Pollard,41,25,50.0,3.0,3.0
1181768,KH Pandya,7,7,7.0,0.0,0.0
1181768,MJ McClenaghan,0,2,0.0,0.0,0.0
1181768,MS Dhoni,2,8,2.0,0.0,0.0
1181768,Q de Kock,29,18,37.0,0.0,4.0
1181768,RA Jadeja,5,5,5.0,0.0,0.0
1181768,RD Chahar,0,2,0.0,0.0,0.0
1181768,RG Sharma,15,14,18.0,1.0,1.0
1181768,SA Yadav,15,17,16.0,1.0,0.0
1181768,SK Raina,8,15,8.0,0.0,0.0
1181768,SN Thakur,2,2,2.0,0.0,0.0
1181768,SR Watson,80,62,96.0,8.0,4.0
1216492,AT Rayudu,71,49,83.0,6.0,3.0
1216492,F du Plessis,58,45,64.0,6.0,0.0
1216492,HH Pandya,14,10,18.0,0.0,2.0
1216492,JJ Bumrah,5,3,5.0,0.0,0.0
1216492,JL Pattinson,11,8,13.0,2.0,0.0
1216492,KA Pollard,18,14,21.0,1.0,1.0
1216492,KH Pandya,3,3,3.0,0.0,0.0
1216492,M Vijay,1,8,1.0,0.0,0.0
1216492,MS Dhoni,0,2,0.0,0.0,0.0
1216492,Q de Kock,33,22,38.0,5.0,0.0
1216492,RA Jadeja,10,5,12.0,2.0,0.0
1216492,RD Chahar,2,4,2.0,0.0,0.0
1216492,RG Sharma,12,10,14.0,2.0,0.0
1216492,SA Yadav,17,18,19.0,2.0,0.0
1216492,SM Curran,18,6,23.0,1.0,2.0
1216492,SR Watson,4,5,5.0,1.0,0.0
1216492,SS Tiwary,42,31,47.0,3.0,1.0
1216492,TA Boult,0,1,0.0,0.0,0.0
1216493,A Nortje,3,1,3.0,0.0,0.0
1216493,AR Patel,6,9,6.0,0.0,0.0
1216493,CJ Jordan,5,6,5.0,0.0,0.0
1216493,GJ Maxwell,1,4,1.0,0.0,0.0
1216493,K Gowtham,20,14,23.0,1.0,1.0
1216493,KK Nair,1,3,1.0,0.0,0.0
1216493,KL Rahul,23,21,27.0,2.0,1.0
1216493,MA Agarwal,89,61,104.0,7.0,4.0
1216493,MP Stoinis,53,23,66.0,7.0,3.0
1216493,N Pooran,0,4,0.0,0.0,0.0
1216493,PP Shaw,5,9,6.0,1.0,0.0
1216493,R Ashwin,4,6,4.0,0.0,0.0
1216493,RR Pant,33,35,37.0,4.0,0.0
1216493,S Dhawan,0,2,0.0,0.0,0.0
1216493,SN Khan,12,12,14.0,2.0,0.0
1216493,SO Hetmyer,7,13,8.0,1.0,0.0
1216493,SS Iyer,39,33,45.0,0.0,3.0
1216494,AJ Finch,16,24,18.0,2.0,0.0
1216494,D Padikkal,25,17,28.0,3.0,0.0
1216494,EJG Morgan,30,34,35.0,3.0,1.0
1216494,Gurkeerat Singh,21,26,25.0,4.0,0.0
1216494,KD Karthik,4,14,4.0,0.0,0.0
1216494,Kuldeep Yadav,12,19,13.0,1.0,0.0
1216494,LH Ferguson,19,16,20.0,1.0,0.0
1216494,N Rana,0,1,0.0,0.0,0.0
1216494,PJ Cummins,4,17,4.0,0.0,0.0
1216494,RA Tripathi,1,5,1.0,0.0,0.0
1216494,Shubman Gill,1,7,1.0,0.0,0.0
1216494,T Banton,10,8,13.0,1.0,1.0
1216494,V Kohli,18,17,20.0,2.0,0.0
1216495,DA Warner,85,61,97.0,10.0,1.0
1216495,DS Kulkarni,3,2,3.0,0.0,0.0
1216495,Ishan Kishan,33,30,38.0,1.0,2.0
1216495,JL Pattinson,4,5,4.0,0.0,0.0
1216495,KA Pollard,41,25,51.0,2.0,4.0
1216495,KH Pandya,0,3,0.0,0.0,0.0
1216495,NM Coulter-Nile,1,3,1.0,0.0,0.0
1216495,Q de Kock,25,13,31.0,2.0,2.0
1216495,RG Sharma,4,7,4.0,0.0,0.0
1216495,SA Yadav,36,29,41.0,5.0,0.0
1216495,SS Tiwary,1,3,1.0,0.0,0.0
1216495,WP Saha,58,46,67.0,7.0,1.0
1216496,F du Plessis,72,38,87.0,1.0,7.0
1216496,JC Archer,27,9,35.0,0.0,4.0
1216496,KM Jadhav,22,17,25.0,3.0,0.0
1216496,M Vijay,21,21,24.0,3.0,0.0
1216496,MS Dhoni,29,17,35.0,0.0,3.0
1216496,R Parag,6,4,7.0,1.0,0.0
1216496,R Tewatia,10,8,11.0,1.0,0.0
1216496,RA Jadeja,1,2,1.0,0.0,0.0
1216496,RD Gaikwad,0,1,0.0,0.0,0.0
1216496,RV Uthappa,5,9,5.0,0.0,0.0
1216496,SM Curran,17,6,22.0,1.0,2.0
1216496,SPD Smith,69,51,81.0,4.0,4.0
1216496,SR Watson,33,22,42.0,1.0,4.0
1216496,SV Samson,74,32,93.0,1.0,9.0
1216496,TK Curran,10,9,11.0,1.0,0.0
1216496,YBK Jaiswal,6,6,7.0,1.0,0.0
1216497,AM Rahane,0,1,0.0,0.0,0.0
1216497,AR Patel,9,8,11.0,0.0,1.0
1216497,EJG Morgan,17,9,21.0,2.0,1.0
1216497,K Rabada,9,10,10.0,1.0,0.0
1216497,KD Karthik,3,6,3.0,0.0,0.0
1216497,MP Stoinis,6,6,6.0,0.0,0.0
1216497,N Rana,81,55,96.0,13.0,1.0
1216497,R Ashwin,14,13,16.0,2.0,0.0
1216497,RA Tripathi,13,12,14.0,1.0,0.0
1216497,RR Pant,27,34,31.0,2.0,1.0
1216497,S Dhawan,6,6,7.0,1.0,0.0
1216497,SO Hetmyer,10,5,12.0,0.0,1.0
1216497,SP Narine,64,35,78.0,6.0,4.0
1216497,SS Iyer,47,39,52.0,5.0,0.0
1216497,Shubman Gill,9,8,11.0,2.0,0.0
1216497,TU Deshpande,1,3,1.0,0.0,0.0
1216498,Abdul Samad,7,5,8.0,1.0,0.0
1216498,CH Gayle,20,21,24.0,2.0,1.0
1216498,CJ Jordan,7,14,7.0,0.0,0.0
1216498,DA Warner,35,21,42.0,3.0,2.0
1216498,DJ Hooda,0,3,0.0,0.0,0.0
1216498,GJ Maxwell,12,13,12.0,0.0,0.0
1216498,JM Bairstow,19,21,23.0,4.0,0.0
1216498,JO Holder,5,8,5.0,0.0,0.0
1216498,KK Ahmed,0,2,0.0,0.0,0.0
1216498,KL Rahul,27,27,31.0,2.0,1.0
1216498,M Ashwin,4,4,4.0,0.0,0.0
1216498,MK Pandey,15,30,15.0,0.0,0.0
1216498,Mandeep Singh,17,14,18.0,1.0,0.0
1216498,N Pooran,32,29,34.0,2.0,0.0
1216498,PK Garg,3,5,3.0,0.0,0.0
1216498,Rashid Khan,0,1,0.0,0.0,0.0
1216498,Sandeep Sharma,0,2,0.0,0.0,0.0
1216498,V Shankar,26,28,30.0,4.0,0.0
1216499,AB de Villiers,15,12,18.0,1.0,1.0
1216499,CH Morris,4,2,5.0,1.0,0.0
1216499,D Padikkal,74,46,88.0,12.0,1.0
1216499,Gurkeerat Singh,14,12,16.0,2.0,0.0
1216499,HH Pandya,17,19,21.0,0.0,2.0
1216499,Ishan Kishan,25,20,30.0,3.0,1.0
1216499,JR Philippe,33,24,39.0,4.0,1.0
1216499,KA Pollard,4,1,5.0,1.0,0.0
1216499,KH Pandya,10,10,11.0,1.0,0.0
1216499,Q de Kock,18,19,20.0,0.0,1.0
1216499,S Dube,2,6,2.0,0.0,0.0
1216499,SA Yadav,79,44,95.0,10.0,3.0
1216499,SS Tiwary,5,8,5.0,0.0,0.0
1216499,V Kohli,9,14,9.0,0.0,0.0
1216499,Washington Sundar,10,7,11.0,1.0,0.0
1216500,AJ Tye,6,7,8.0,0.0,1.0
1216500,AR Patel,17,10,21.0,2.0,1.0
1216500,HV Patel,16,15,17.0,1.0,0.0
1216500,JC Archer,2,4,2.0,0.0,0.0
1216500,JC Buttler,13,8,15.0,2.0,0.0
1216500,K Rabada,2,3,2.0,0.0,0.0
1216500,Kartik Tyagi,2,3,2.0,0.0,0.0
1216500,MK Lomror,1,2,1.0,0.0,0.0
1216500,MP Stoinis,39,31,47.0,0.0,4.0
1216500,PP Shaw,19,10,23.0,2.0,1.0
1216500,R Ashwin,0,1,0.0,0.0,0.0
1216500,R Tewatia,38,31,45.0,3.0,2.0
1216500,RR Pant,5,10,5.0,0.0,0.0
1216500,S Dhawan,5,4,6.0,1.0,0.0
1216500,S Gopal,2,4,2.0,0.0,0.0
1216500,SO Hetmyer,45,24,56.0,1.0,5.0
1216500,SPD Smith,24,20,28.0,2.0,1.0
1216500,SS Iyer,22,19,26.0,4.0,0.0
1216500,SV Samson,5,9,5.0,0.0,0.0
1216500,VR Aaron,1,2,1.0,0.0,0.0
1216500,YBK Jaiswal,34,36,39.0,1.0,2.0
1216501,AD Russell,2,4,2.0,0.0,0.0
1216501,AT Rayudu,30,28,33.0,3.0,0.0
1216501,CV Varun,1,1,1.0,0.0,0.0
1216501,EJG Morgan,7,10,8.0,1.0,0.0
1216501,F du Plessis,17,10,20.0,3.0,0.0
1216501,KD Karthik,12,11,13.0,1.0,0.0
1216501,KL Nagarkoti,0,3,0.0,0.0,0.0
1216501,KM Jadhav,7,12,8.0,1.0,0.0
1216501,MS Dhoni,11,12,12.0,1.0,0.0
1216501,N Rana,9,10,10.0,1.0,0.0
1216501,PJ Cummins,17,10,20.0,1.0,1.0
1216501,RA Jadeja,21,8,26.0,3.0,1.0
1216501,RA Tripathi,81,53,95.0,8.0,3.0
1216501,SM Curran,17,11,20.0,1.0,1.0
1216501,SP Narine,17,10,20.0,1.0,1.0
1216501,SR Watson,50,41,58.0,6.0,1.0
1216501,Shivam Mavi,0,1,0.0,0.0,0.0
1216501,Shubman Gill,11,13,12.0,1.0,0.0
1216502,AB de Villiers,24,25,27.0,1.0,1.0
1216502,Abhishek Sharma,8,5,10.0,0.0,1.0
1216502,CH Morris,3,4,3.0,0.0,0.0
1216502,D Padikkal,5,8,6.0,1.0,0.0
1216502,DA Warner,8,6,10.0,0.0,1.0
1216502,Gurkeerat Singh,15,24,16.0,1.0,0.0
1216502,I Udana,0,1,0.0,0.0,0.0
1216502,JO Holder,26,11,33.0,1.0,3.0
1216502,JR Philippe,32,33,36.0,4.0,0.0
1216502,KS Williamson,8,14,8.0,0.0,0.0
1216502,MK Pandey,26,20,31.0,3.0,1.0
1216502,Mohammed Siraj,2,3,2.0,0.0,0.0
1216502,V Kohli,7,7,7.0,0.0,0.0
1216502,WP Saha,39,34,45.0,4.0,1.0
1216502,Washington Sundar,21,19,23.0,2.0,0.0
1216503,GJ Maxwell,11,19,11.0,0.0,0.0
1216503,HH Pandya,30,11,37.0,3.0,2.0
1216503,Ishan Kishan,28,33,31.0,1.0,1.0
1216503,JDS Neesham,7,7,7.0,0.0,0.0
1216503,K Gowtham,22,13,26.0,2.0,1.0
1216503,KA Pollard,47,22,58.0,3.0,4.0
1216503,KK Nair,0,3,0.0,0.0,0.0
1216503,KL Rahul,17,19,18.0,1.0,0.0
1216503,MA Agarwal,25,19,28.0,3.0,0.0
1216503,Mohammed Shami,2,2,2.0,0.0,0.0
1216503,N Pooran,44,30,51.0,3.0,2.0
1216503,Q de Kock,0,5,0.0,0.0,0.0
1216503,RG Sharma,70,47,84.0,8.0,3.0
1216503,Ravi Bishnoi,1,5,1.0,0.0,0.0
1216503,SA Yadav,10,7,12.0,2.0,0.0
1216503,SN Khan,7,8,8.0,1.0,0.0
1216504,AD Russell,24,15,30.0,0.0,3.0
1216504,AS Rajpoot,7,5,9.0,0.0,1.0
1216504,EJG Morgan,34,28,39.0,1.0,2.0
1216504,JC Archer,6,4,8.0,0.0,1.0
1216504,JC Buttler,21,17,26.0,1.0,2.0
1216504,JD Unadkat,9,13,9.0,0.0,0.0
1216504,KD Karthik,1,3,1.0,0.0,0.0
1216504,KL Nagarkoti,8,5,9.0,1.0,0.0
1216504,N Rana,22,17,26.0,2.0,1.0
1216504,PJ Cummins,12,10,13.0,1.0,0.0
1216504,R Parag,1,6,1.0,0.0,0.0
1216504,R Tewatia,14,10,16.0,0.0,1.0
1216504,RV Uthappa,2,7,2.0,0.0,0.0
1216504,S Gopal,5,7,5.0,0.0,0.0
1216504,SP Narine,15,15,19.0,2.0,1.0
1216504,SPD Smith,3,7,3.0,0.0,0.0
1216504,SV Samson,8,9,9.0,1.0,0.0
1216504,Shubman Gill,47,35,54.0,5.0,1.0
1216504,TK Curran,54,36,62.0,2.0,3.0
1216505,AB de Villiers,35,21,40.0,1.0,2.0
1216505,AM Rahane,60,46,67.0,5.0,1.0
1216505,CH Morris,0,2,0.0,0.0,0.0
1216505,D Padikkal,50,43,55.0,5.0,0.0
1216505,I Udana,4,2,5.0,1.0,0.0
1216505,JR Philippe,12,18,13.0,1.0,0.0
1216505,MP Stoinis,10,6,12.0,0.0,1.0
1216505,PP Shaw,9,6,11.0,2.0,0.0
1216505,RR Pant,8,8,9.0,1.0,0.0
1216505,S Dhawan,54,41,60.0,6.0,0.0
1216505,S Dube,17,11,21.0,2.0,1.0
1216505,SS Iyer,7,10,7.0,0.0,0.0
1216505,Shahbaz Ahmed,1,1,1.0,0.0,0.0
1216505,V Kohli,29,24,33.0,2.0,1.0
1216505,Washington Sundar,0,1,0.0,0.0,0.0
1216506,AT Rayudu,30,31,32.0,2.0,0.0
1216506,CH Gayle,12,19,12.0,0.0,0.0
1216506,CJ Jordan,4,5,4.0,0.0,0.0
1216506,DJ Hooda,62,31,73.0,3.0,4.0
1216506,F du Plessis,48,35,56.0,4.0,2.0
1216506,JDS Neesham,2,3,2.0,0.0,0.0
1216506,KL Rahul,29,27,34.0,3.0,1.0
1216506,MA Agarwal,26,15,31.0,5.0,0.0
1216506,Mandeep Singh,14,15,15.0,1.0,0.0
1216506,N Pooran,2,6,2.0,0.0,0.0
1216506,RD Gaikwad,62,50,70.0,6.0,1.0
1216507,BA Stokes,5,6,6.0,1.0,0.0
1216507,DA Warner,48,38,55.0,3.0,2.0
1216507,JC Buttler,16,13,19.0,1.0,1.0
1216507,JM Bairstow,16,19,18.0,0.0,1.0
1216507,KS Williamson,22,13,26.0,0.0,2.0
1216507,MK Pandey,54,45,62.0,2.0,3.0
1216507,PK Garg,15,8,18.0,1.0,1.0
1216507,R Parag,42,28,48.0,2.0,2.0
1216507,R Tewatia,45,28,53.0,4.0,2.0
1216507,RV Uthappa,18,15,21.0,1.0,1.0
1216507,SPD Smith,5,6,5.0,0.0,0.0
1216507,SV Samson,26,25,29.0,3.0,0.0
1216508,AD Russell,11,11,13.0,2.0,0.0
1216508,EJG Morgan,16,20,19.0,1.0,1.0
1216508,HH Pandya,18,13,22.0,2.0,1.0
1216508,KA Pollard,13,8,14.0,1.0,0.0
1216508,KD Karthik,30,23,35.0,5.0,0.0
1216508,KH Pandya,1,3,1.0,0.0,0.0
1216508,Kuldeep Yadav,1,2,1.0,0.0,0.0
1216508,N Rana,24,19,28.0,2.0,1.0
1216508,NS Naik,1,3,1.0,0.0,0.0
1216508,PJ Cummins,33,14,42.0,1.0,4.0
1216508,Q de Kock,1,3,1.0,0.0,0.0
1216508,RG Sharma,80,62,95.0,3.0,6.0
1216508,SA Yadav,47,28,55.0,6.0,1.0
1216508,SP Narine,9,10,11.0,0.0,1.0
1216508,SS Tiwary,21,14,24.0,1.0,1.0
1216508,Shivam Mavi,9,10,10.0,1.0,0.0
1216508,Shubman Gill,7,11,8.0,1.0,0.0
1216509,AM Rahane,8,10,9.0,1.0,0.0
1216509,AR Patel,21,5,27.0,0.0,3.0
1216509,AT Carey,4,7,4.0,0.0,0.0
1216509,AT Rayudu,45,26,54.0,1.0,4.0
1216509,F du Plessis,58,48,68.0,6.0,2.0
1216509,MP Stoinis,24,14,29.0,1.0,2.0
1216509,MS Dhoni,3,5,3.0,0.0,0.0
1216509,PP Shaw,0,2,0.0,0.0,0.0
1216509,RA Jadeja,33,14,41.0,0.0,4.0
1216509,S Dhawan,101,61,117.0,14.0,1.0
1216509,SM Curran,0,3,0.0,0.0,0.0
1216509,SR Watson,36,28,42.0,6.0,0.0
1216509,SS Iyer,23,23,26.0,1.0,1.0
1216510,AB de Villiers,28,20,34.0,4.0,1.0
1216510,AJ Finch,20,23,23.0,3.0,0.0
1216510,D Padikkal,1,2,1.0,0.0,0.0
1216510,DW Steyn,1,2,1.0,0.0,0.0
1216510,GJ Maxwell,5,6,5.0,0.0,0.0
1216510,JR Philippe,0,3,0.0,0.0,0.0
1216510,KK Nair,15,8,17.0,2.0,0.0
1216510,KL Rahul,132,70,160.0,14.0,7.0
1216510,MA Agarwal,26,22,30.0,4.0,0.0
1216510,N Pooran,17,19,18.0,1.0,0.0
1216510,Navdeep Saini,6,7,7.0,1.0,0.0
1216510,S Dube,12,12,14.0,0.0,1.0
1216510,UT Yadav,0,2,0.0,0.0,0.0
1216510,V Kohli,1,5,1.0,0.0,0.0
1216510,Washington Sundar,30,28,34.0,2.0,1.0
1216510,YS Chahal,1,4,1.0,0.0,0.0
1216511,AS Rajpoot,2,5,2.0,0.0,0.0
1216511,HH Pandya,30,20,34.0,2.0,1.0
1216511,Ishan Kishan,0,1,0.0,0.0,0.0
1216511,JC Archer,24,11,29.0,3.0,1.0
1216511,JC Buttler,70,44,84.0,4.0,5.0
1216511,KH Pandya,12,17,14.0,0.0,1.0
1216511,MK Lomror,11,13,12.0,1.0,0.0
1216511,Q de Kock,23,16,28.0,3.0,1.0
1216511,R Tewatia,5,6,6.0,1.0,0.0
1216511,RG Sharma,35,24,43.0,2.0,3.0
1216511,S Gopal,1,2,1.0,0.0,0.0
1216511,SA Yadav,79,49,94.0,11.0,2.0
1216511,SPD Smith,6,7,7.0,1.0,0.0
1216511,SV Samson,0,3,0.0,0.0,0.0
1216511,TK Curran,15,17,16.0,1.0,0.0
1216511,YBK Jaiswal,0,2,0.0,0.0,0.0
1216512,AD Russell,9,11,10.0,1.0,0.0
1216512,Abdul Samad,25,17,29.0,2.0,1.0
1216512,DA Warner,47,35,52.0,5.0,0.0
1216512,EJG Morgan,35,25,40.0,3.0,1.0
1216512,JM Bairstow,36,28,43.0,7.0,0.0
1216512,KD Karthik,29,16,35.0,2.0,2.0
1216512,KS Williamson,29,20,35.0,4.0,1.0
1216512,MK Pandey,6,7,6.0,0.0,0.0
1216512,N Rana,29,20,34.0,3.0,1.0
1216512,PK Garg,4,7,4.0,0.0,0.0
1216512,RA Tripathi,23,16,27.0,2.0,1.0
1216512,Rashid Khan,1,2,1.0,0.0,0.0
1216512,Shubman Gill,36,37,41.0,5.0,0.0
1216512,V Shankar,7,10,7.0,0.0,0.0
1216513,F du Plessis,87,55,100.0,11.0,1.0
1216513,GJ Maxwell,11,7,12.0,1.0,0.0
1216513,KL Rahul,63,52,72.0,7.0,1.0
1216513,MA Agarwal,26,21,29.0,3.0,0.0
1216513,Mandeep Singh,27,16,31.0,0.0,2.0
1216513,N Pooran,33,17,40.0,1.0,3.0
1216513,SN Khan,14,10,16.0,2.0,0.0
1216513,SR Watson,83,58,100.0,11.0,3.0
1216514,AB de Villiers,12,10,13.0,1.0,0.0
1216514,AJ Finch,8,7,10.0,2.0,0.0
1216514,D Padikkal,63,46,71.0,6.0,1.0
1216514,JC Archer,16,10,19.0,1.0,1.0
1216514,JC Buttler,22,12,27.0,3.0,1.0
1216514,MK Lomror,47,39,54.0,1.0,3.0
1216514,R Parag,16,19,17.0,1.0,0.0
1216514,R Tewatia,24,12,30.0,0.0,3.0
1216514,RV Uthappa,17,22,18.0,1.0,0.0
1216514,SPD Smith,5,5,6.0,1.0,0.0
1216514,SV Samson,4,3,5.0,1.0,0.0
1216514,V Kohli,72,53,83.0,7.0,2.0
1216515,AD Russell,13,8,16.0,1.0,1.0
1216515,EJG Morgan,44,19,55.0,1.0,5.0
1216515,KD Karthik,6,8,6.0,0.0,0.0
1216515,KL Nagarkoti,3,3,3.0,0.0,0.0
1216515,MP Stoinis,1,3,1.0,0.0,0.0
1216515,N Rana,58,37,70.0,4.0,4.0
1216515,PJ Cummins,5,4,6.0,1.0,0.0
1216515,PP Shaw,66,41,78.0,4.0,4.0
1216515,RA Tripathi,36,17,45.0,3.0,3.0
1216515,RR Pant,38,19,45.0,5.0,1.0
1216515,S Dhawan,26,16,32.0,2.0,2.0
1216515,SO Hetmyer,7,5,9.0,0.0,1.0
1216515,SP Narine,3,5,3.0,0.0,0.0
1216515,SS Iyer,88,38,107.0,7.0,6.0
1216515,Shivam Mavi,1,3,1.0,0.0,0.0
1216515,Shubman Gill,28,23,32.0,2.0,1.0
1216516,AT Rayudu,8,9,9.0,1.0,0.0
1216516,Abdul Samad,8,6,8.0,0.0,0.0
1216516,Abhishek Sharma,31,26,37.0,4.0,1.0
1216516,DA Warner,28,30,31.0,3.0,0.0
1216516,F du Plessis,22,21,26.0,4.0,0.0
1216516,JM Bairstow,0,3,0.0,0.0,0.0
1216516,KM Jadhav,3,10,3.0,0.0,0.0
1216516,KS Williamson,9,13,10.0,1.0,0.0
1216516,MK Pandey,29,23,34.0,5.0,0.0
1216516,MS Dhoni,47,37,53.0,4.0,1.0
1216516,PK Garg,51,27,59.0,6.0,1.0
1216516,RA Jadeja,50,36,59.0,5.0,2.0
1216516,SM Curran,15,5,19.0,0.0,2.0
1216516,SR Watson,1,6,1.0,0.0,0.0
1216517,CH Gayle,31,25,38.0,1.0,3.0
1216517,CJ Jordan,13,8,15.0,2.0,0.0
1216517,DJ Hooda,24,17,27.0,1.0,1.0
1216517,GJ Maxwell,0,2,0.0,0.0,0.0
1216517,HH Pandya,9,6,11.0,0.0,1.0
1216517,Ishan Kishan,7,7,8.0,1.0,0.0
1216517,KA Pollard,42,18,52.0,2.0,4.0
1216517,KH Pandya,34,30,40.0,4.0,1.0
1216517,KL Rahul,81,57,94.0,7.0,3.0
1216517,MA Agarwal,19,12,22.0,3.0,0.0
1216517,N Pooran,24,13,30.0,2.0,2.0
1216517,NM Coulter-Nile,24,12,28.0,4.0,0.0
1216517,Q de Kock,56,47,65.0,3.0,3.0
1216517,RG Sharma,11,11,13.0,2.0,0.0
1216517,SA Yadav,0,4,0.0,0.0,0.0
1216518,BA Stokes,30,33,32.0,2.0,0.0
1216518,DA Warner,4,4,5.0,1.0,0.0
1216518,JC Archer,16,8,19.0,1.0,1.0
1216518,JC Buttler,9,12,9.0,0.0,0.0
1216518,JM Bairstow,10,8,13.0,1.0,1.0
1216518,MK Pandey,83,49,103.0,4.0,8.0
1216518,R Parag,20,13,24.0,2.0,1.0
1216518,R Tewatia,2,3,2.0,0.0,0.0
1216518,RV Uthappa,19,13,23.0,2.0,1.0
1216518,SPD Smith,19,15,21.0,2.0,0.0
1216518,SV Samson,36,26,41.0,3.0,1.0
1216518,V Shankar,52,53,58.0,6.0,0.0
1216519,AB de Villiers,9,6,11.0,2.0,0.0
1216519,AJ Finch,13,16,14.0,1.0,0.0
1216519,D Padikkal,4,6,4.0,0.0,0.0
1216519,I Udana,1,3,1.0,0.0,0.0
1216519,MM Ali,11,13,12.0,1.0,0.0
1216519,MP Stoinis,53,29,63.0,6.0,2.0
1216519,Mohammed Siraj,5,4,6.0,1.0,0.0
1216519,Navdeep Saini,12,12,13.0,1.0,0.0
1216519,PP Shaw,42,23,51.0,5.0,2.0
1216519,RR Pant,37,26,44.0,3.0,2.0
1216519,S Dhawan,32,28,35.0,3.0,0.0
1216519,S Dube,11,12,13.0,0.0,1.0
1216519,SO Hetmyer,11,7,13.0,0.0,1.0
1216519,SS Iyer,11,13,12.0,1.0,0.0
1216519,V Kohli,43,42,47.0,2.0,1.0
1216519,Washington Sundar,17,11,20.0,3.0,0.0
1216519,YS Chahal,0,1,0.0,0.0,0.0
1216520,CH Gayle,51,29,63.0,2.0,5.0
1216520,CV Varun,2,4,2.0,0.0,0.0
1216520,EJG Morgan,40,25,49.0,5.0,2.0
1216520,KD Karthik,0,2,0.0,0.0,0.0
1216520,KL Nagarkoti,6,13,6.0,0.0,0.0
1216520,KL Rahul,28,25,32.0,4.0,0.0
1216520,LH Ferguson,24,13,29.0,3.0,1.0
1216520,M Prasidh Krishna,0,1,0.0,0.0,0.0
1216520,Mandeep Singh,66,57,78.0,8.0,2.0
1216520,N Pooran,2,3,2.0,0.0,0.0
1216520,N Rana,0,1,0.0,0.0,0.0
1216520,PJ Cummins,1,8,1.0,0.0,0.0
1216520,RA Tripathi,7,4,9.0,0.0,1.0
1216520,SP Narine,6,6,7.0,1.0,0.0
1216520,Shubman Gill,57,46,68.0,3.0,4.0
1216521,AT Rayudu,2,3,2.0,0.0,0.0
1216521,DL Chahar,0,5,0.0,0.0,0.0
1216521,F du Plessis,1,7,1.0,0.0,0.0
1216521,Imran Tahir,13,10,15.0,2.0,0.0
1216521,Ishan Kishan,68,37,84.0,6.0,5.0
1216521,MS Dhoni,16,18,20.0,2.0,1.0
1216521,N Jagadeesan,0,1,0.0,0.0,0.0
1216521,Q de Kock,46,37,55.0,5.0,2.0
1216521,RA Jadeja,7,6,8.0,1.0,0.0
1216521,RD Gaikwad,0,5,0.0,0.0,0.0
1216521,SM Curran,52,50,60.0,4.0,2.0
1216521,SN Thakur,11,20,11.0,0.0,0.0
1216522,AB de Villiers,55,23,68.0,1.0,6.0
1216522,AJ Finch,14,12,18.0,0.0,2.0
1216522,BA Stokes,15,21,17.0,2.0,0.0
1216522,D Padikkal,35,42,37.0,2.0,0.0
1216522,Gurkeerat Singh,19,19,20.0,1.0,0.0
1216522,JC Archer,2,4,2.0,0.0,0.0
1216522,JC Buttler,24,27,27.0,1.0,1.0
1216522,R Tewatia,19,11,22.0,1.0,1.0
1216522,RV Uthappa,41,24,50.0,7.0,1.0
1216522,SPD Smith,57,36,65.0,6.0,1.0
1216522,SV Samson,9,6,11.0,0.0,1.0
1216522,V Kohli,43,34,48.0,1.0,2.0
1216523,AD Russell,5,3,6.0,1.0,0.0
1216523,EJG Morgan,24,24,28.0,2.0,1.0
1216523,GJ Maxwell,10,5,12.0,2.0,0.0
1216523,KD Karthik,58,30,70.0,8.0,2.0
1216523,KL Rahul,74,58,80.0,6.0,0.0
1216523,MA Agarwal,56,39,64.0,6.0,1.0
1216523,Mandeep Singh,0,1,0.0,0.0,0.0
1216523,N Pooran,16,10,20.0,2.0,1.0
1216523,N Rana,2,4,2.0,0.0,0.0
1216523,P Simran Singh,4,7,4.0,0.0,0.0
1216523,PJ Cummins,5,6,5.0,0.0,0.0
1216523,RA Tripathi,4,10,5.0,1.0,0.0
1216523,Shubman Gill,57,47,62.0,5.0,0.0
1216524,A Nortje,1,3,1.0,0.0,0.0
1216524,AM Rahane,26,21,31.0,3.0,1.0
1216524,AR Patel,1,4,1.0,0.0,0.0
1216524,DA Warner,66,34,78.0,8.0,2.0
1216524,K Rabada,3,7,3.0,0.0,0.0
1216524,KS Williamson,11,10,12.0,1.0,0.0
1216524,MK Pandey,44,35,50.0,4.0,1.0
1216524,MP Stoinis,5,7,6.0,1.0,0.0
1216524,R Ashwin,7,5,8.0,1.0,0.0
1216524,RR Pant,36,37,41.0,3.0,1.0
1216524,S Dhawan,0,1,0.0,0.0,0.0
1216524,SO Hetmyer,16,13,19.0,3.0,0.0
1216524,SS Iyer,7,12,7.0,0.0,0.0
1216524,TU Deshpande,20,9,24.0,2.0,1.0
1216524,WP Saha,87,45,103.0,12.0,2.0
1216525,AB de Villiers,0,2,0.0,0.0,0.0
1216525,AJ Finch,2,9,2.0,0.0,0.0
1216525,AT Rayudu,42,42,46.0,4.0,0.0
1216525,D Padikkal,33,38,37.0,2.0,1.0
1216525,DJ Bravo,7,5,7.0,0.0,0.0
1216525,DL Chahar,5,5,5.0,0.0,0.0
1216525,F du Plessis,8,11,8.0,0.0,0.0
1216525,MS Dhoni,10,6,12.0,0.0,1.0
1216525,N Jagadeesan,33,30,37.0,4.0,0.0
1216525,RA Jadeja,7,6,8.0,1.0,0.0
1216525,S Dube,22,15,26.0,2.0,1.0
1216525,SM Curran,0,1,0.0,0.0,0.0
1216525,SN Thakur,1,1,1.0,0.0,0.0
1216525,SR Watson,14,18,17.0,3.0,0.0
1216525,V Kohli,90,57,102.0,4.0,4.0
1216525,Washington Sundar,10,10,12.0,0.0,1.0
1216526,AD Russell,12,9,15.0,1.0,1.0
1216526,EJG Morgan,39,29,45.0,2.0,2.0
1216526,HH Pandya,21,11,26.0,3.0,1.0
1216526,KD Karthik,4,8,5.0,1.0,0.0
1216526,N Rana,5,6,6.0,1.0,0.0
1216526,PJ Cummins,53,37,62.0,5.0,2.0
1216526,Q de Kock,78,44,93.0,9.0,3.0
1216526,RA Tripathi,7,10,8.0,1.0,0.0
1216526,RG Sharma,35,36,42.0,5.0,1.0
1216526,SA Yadav,10,10,11.0,1.0,0.0
1216526,Shubman Gill,21,26,23.0,2.0,0.0
1216527,GJ Maxwell,13,10,15.0,2.0,0.0
1216527,JC Archer,13,3,17.0,0.0,2.0
1216527,JC Buttler,4,8,4.0,0.0,0.0
1216527,KL Rahul,69,56,78.0,7.0,1.0
1216527,MA Agarwal,106,53,130.0,10.0,7.0
1216527,N Pooran,25,8,32.0,1.0,3.0
1216527,R Parag,0,2,0.0,0.0,0.0
1216527,R Tewatia,53,32,67.0,0.0,7.0
1216527,RV Uthappa,9,4,11.0,2.0,0.0
1216527,SPD Smith,50,29,61.0,7.0,2.0
1216527,SV Samson,85,44,103.0,4.0,7.0
1216527,TK Curran,4,1,5.0,1.0,0.0
1216528,AT Rayudu,41,34,48.0,3.0,2.0
1216528,DA Warner,9,13,9.0,0.0,0.0
1216528,DJ Bravo,0,1,0.0,0.0,0.0
1216528,DL Chahar,2,2,2.0,0.0,0.0
1216528,F du Plessis,0,1,0.0,0.0,0.0
1216528,JM Bairstow,23,26,25.0,2.0,0.0
1216528,KS Williamson,57,39,64.0,7.0,0.0
1216528,MK Pandey,4,3,5.0,1.0,0.0
1216528,MS Dhoni,21,13,25.0,2.0,1.0
1216528,PK Garg,16,21,17.0,1.0,0.0
1216528,RA Jadeja,25,11,30.0,3.0,1.0
1216528,Rashid Khan,14,9,17.0,1.0,1.0
1216528,S Nadeem,5,5,6.0,1.0,0.0
1216528,SM Curran,31,22,38.0,3.0,2.0
1216528,SR Watson,42,38,49.0,1.0,3.0
1216528,Sandeep Sharma,1,2,1.0,0.0,0.0
1216528,T Natarajan,0,1,0.0,0.0,0.0
1216528,V Shankar,12,7,14.0,0.0,1.0
1216529,AM Rahane,15,17,18.0,3.0,0.0
1216529,AT Carey,14,9,14.0,0.0,0.0
1216529,HH Pandya,0,2,0.0,0.0,0.0
1216529,Ishan Kishan,28,16,34.0,2.0,2.0
1216529,KA Pollard,11,15,12.0,1.0,0.0
1216529,KH Pandya,12,7,14.0,2.0,0.0
1216529,MP Stoinis,13,9,15.0,2.0,0.0
1216529,PP Shaw,4,3,5.0,1.0,0.0
1216529,Q de Kock,53,36,63.0,4.0,3.0
1216529,RG Sharma,5,13,5.0,0.0,0.0
1216529,S Dhawan,69,53,77.0,6.0,1.0
1216529,SA Yadav,53,33,61.0,6.0,1.0
1216529,SS Iyer,42,34,47.0,5.0,0.0
1216530,AD Russell,25,11,32.0,1.0,3.0
1216530,BA Stokes,18,12,22.0,2.0,1.0
1216530,EJG Morgan,68,36,85.0,5.0,6.0
1216530,JC Archer,6,9,6.0,0.0,0.0
1216530,JC Buttler,35,22,41.0,4.0,1.0
1216530,KD Karthik,0,1,0.0,0.0,0.0
1216530,KL Nagarkoti,1,1,1.0,0.0,0.0
1216530,Kartik Tyagi,2,3,2.0,0.0,0.0
1216530,N Rana,0,1,0.0,0.0,0.0
1216530,PJ Cummins,15,11,17.0,0.0,1.0
1216530,R Parag,0,7,0.0,0.0,0.0
1216530,R Tewatia,31,27,35.0,2.0,1.0
1216530,RA Tripathi,39,35,47.0,4.0,2.0
1216530,RV Uthappa,6,3,8.0,0.0,1.0
1216530,S Gopal,23,24,25.0,2.0,0.0
1216530,SP Narine,0,2,0.0,0.0,0.0
1216530,SPD Smith,4,4,5.0,1.0,0.0
1216530,SV Samson,1,4,1.0,0.0,0.0
1216530,Shubman Gill,36,24,42.0,6.0,0.0
1216530,VR Aaron,0,8,0.0,0.0,0.0
1216531,AB de Villiers,2,5,2.0,0.0,0.0
1216531,AJ Finch,20,18,24.0,2.0,1.0
1216531,CH Gayle,53,48,64.0,1.0,5.0
1216531,CH Morris,25,8,32.0,1.0,3.0
1216531,D Padikkal,18,13,21.0,1.0,1.0
1216531,I Udana,10,5,12.0,0.0,1.0
1216531,KL Rahul,61,50,72.0,1.0,5.0
1216531,MA Agarwal,45,27,55.0,4.0,3.0
1216531,N Pooran,6,1,8.0,0.0,1.0
1216531,S Dube,23,21,27.0,0.0,2.0
1216531,V Kohli,48,41,51.0,3.0,0.0
1216531,Washington Sundar,13,14,14.0,1.0,0.0
1216532,A Nortje,3,2,3.0,0.0,0.0
1216532,AR Patel,5,7,5.0,0.0,0.0
1216532,Abdul Samad,12,7,15.0,1.0,1.0
1216532,Abhishek Sharma,1,1,1.0,0.0,0.0
1216532,DA Warner,45,33,52.0,3.0,2.0
1216532,JM Bairstow,53,51,57.0,2.0,1.0
1216532,K Rabada,15,7,18.0,1.0,1.0
1216532,KS Williamson,41,26,46.0,5.0,0.0
1216532,MK Pandey,3,5,3.0,0.0,0.0
1216532,MP Stoinis,11,9,12.0,1.0,0.0
1216532,PP Shaw,2,5,2.0,0.0,0.0
1216532,RR Pant,28,28,33.0,1.0,2.0
1216532,S Dhawan,34,31,38.0,4.0,0.0
1216532,SO Hetmyer,21,13,25.0,0.0,2.0
1216532,SS Iyer,17,22,19.0,2.0,0.0
1216533,AT Rayudu,13,19,15.0,2.0,0.0
1216533,BA Stokes,19,11,22.0,3.0,0.0
1216533,F du Plessis,10,9,11.0,1.0,0.0
1216533,JC Buttler,70,49,81.0,7.0,2.0
1216533,KM Jadhav,4,7,4.0,0.0,0.0
1216533,MS Dhoni,28,28,30.0,2.0,0.0
1216533,RA Jadeja,35,31,39.0,4.0,0.0
1216533,RV Uthappa,4,9,4.0,0.0,0.0
1216533,SM Curran,22,25,25.0,1.0,1.0
1216533,SPD Smith,26,34,28.0,2.0,0.0
1216533,SR Watson,8,3,10.0,2.0,0.0
1216533,SV Samson,0,3,0.0,0.0,0.0
1216534,AB de Villiers,51,30,59.0,4.0,2.0
1216534,AJ Finch,29,27,34.0,1.0,2.0
1216534,Abhishek Sharma,7,4,8.0,1.0,0.0
1216534,B Kumar,0,2,0.0,0.0,0.0
1216534,D Padikkal,56,44,64.0,8.0,0.0
1216534,DA Warner,6,6,7.0,1.0,0.0
1216534,JM Bairstow,61,46,71.0,6.0,2.0
1216534,JR Philippe,1,2,1.0,0.0,0.0
1216534,MK Pandey,34,33,39.0,3.0,1.0
1216534,MR Marsh,0,1,0.0,0.0,0.0
1216534,PK Garg,12,13,13.0,1.0,0.0
1216534,Rashid Khan,6,6,7.0,1.0,0.0
1216534,S Dube,7,8,7.0,0.0,0.0
1216534,Sandeep Sharma,9,6,10.0,1.0,0.0
1216534,T Natarajan,3,4,3.0,0.0,0.0
1216534,V Kohli,14,13,14.0,0.0,0.0
1216534,V Shankar,0,1,0.0,0.0,0.0
1216535,HV Patel,5,10,6.0,1.0,0.0
1216535,Ishan Kishan,72,48,86.0,8.0,3.0
1216535,K Rabada,12,7,14.0,0.0,1.0
1216535,MP Stoinis,2,3,2.0,0.0,0.0
1216535,P Dubey,7,13,7.0,0.0,0.0
1216535,PP Shaw,10,11,12.0,2.0,0.0
1216535,Q de Kock,26,28,28.0,2.0,0.0
1216535,R Ashwin,12,9,14.0,0.0,1.0
1216535,RR Pant,21,24,23.0,2.0,0.0
1216535,S Dhawan,0,2,0.0,0.0,0.0
1216535,SA Yadav,12,11,13.0,1.0,0.0
1216535,SO Hetmyer,11,13,12.0,1.0,0.0
1216535,SS Iyer,25,30,28.0,1.0,1.0
1216536,AT Rayudu,38,21,45.0,5.0,1.0
1216536,EJG Morgan,15,12,17.0,2.0,0.0
1216536,KD Karthik,21,10,24.0,3.0,0.0
1216536,MS Dhoni,1,4,1.0,0.0,0.0
1216536,N Rana,87,62,105.0,10.0,4.0
1216536,RA Jadeja,31,12,39.0,2.0,3.0
1216536,RA Tripathi,3,2,3.0,0.0,0.0
1216536,RD Gaikwad,72,55,82.0,6.0,2.0
1216536,RK Singh,11,11,12.0,1.0,0.0
1216536,SM Curran,13,14,14.0,1.0,0.0
1216536,SP Narine,7,7,9.0,0.0,1.0
1216536,SR Watson,14,19,17.0,1.0,1.0
1216536,Shubman Gill,26,17,30.0,4.0,0.0
1216537,BA Stokes,50,26,62.0,6.0,3.0
1216537,CH Gayle,99,69,121.0,6.0,8.0
1216537,DJ Hooda,1,1,1.0,0.0,0.0
1216537,GJ Maxwell,6,6,7.0,1.0,0.0
1216537,JC Buttler,22,12,27.0,1.0,2.0
1216537,KL Rahul,46,42,53.0,3.0,2.0
1216537,Mandeep Singh,0,1,0.0,0.0,0.0
1216537,N Pooran,22,10,28.0,0.0,3.0
1216537,RV Uthappa,30,24,35.0,1.0,2.0
1216537,SPD Smith,31,21,36.0,5.0,0.0
1216537,SV Samson,48,25,58.0,4.0,3.0
1216538,Abdul Samad,20,10,25.0,1.0,2.0
1216538,Abhishek Sharma,10,14,10.0,0.0,0.0
1216538,DA Warner,60,48,69.0,5.0,2.0
1216538,HH Pandya,28,19,34.0,2.0,2.0
1216538,Ishan Kishan,31,23,36.0,1.0,2.0
1216538,JM Bairstow,25,15,31.0,2.0,2.0
1216538,KA Pollard,25,14,31.0,0.0,3.0
1216538,KH Pandya,20,4,26.0,2.0,2.0
1216538,KS Williamson,3,5,3.0,0.0,0.0
1216538,MK Pandey,30,22,36.0,4.0,1.0
1216538,PK Garg,8,7,8.0,0.0,0.0
1216538,Q de Kock,67,40,79.0,4.0,4.0
1216538,RG Sharma,6,5,8.0,0.0,1.0
1216538,Rashid Khan,3,7,3.0,0.0,0.0
1216538,SA Yadav,27,18,33.0,6.0,0.0
1216538,Sandeep Sharma,0,1,0.0,0.0,0.0
1216539,F du Plessis,43,36,47.0,4.0,0.0
1216539,KM Jadhav,26,22,29.0,3.0,0.0
1216539,M Vijay,10,15,11.0,1.0,0.0
1216539,MP Stoinis,5,3,6.0,1.0,0.0
1216539,MS Dhoni,15,12,17.0,2.0,0.0
1216539,PP Shaw,64,44,75.0,9.0,1.0
1216539,RA Jadeja,12,11,13.0,1.0,0.0
1216539,RD Gaikwad,5,10,5.0,0.0,0.0
1216539,RR Pant,37,26,43.0,6.0,0.0
1216539,S Dhawan,35,27,40.0,3.0,1.0
1216539,SM Curran,1,2,1.0,0.0,0.0
1216539,SR Watson,14,16,17.0,1.0,1.0
1216539,SS Iyer,26,23,27.0,1.0,0.0
1216540,AB de Villiers,73,34,90.0,5.0,6.0
1216540,AD Russell,16,10,20.0,2.0,1.0
1216540,AJ Finch,47,38,53.0,4.0,1.0
1216540,CV Varun,7,11,7.0,0.0,0.0
1216540,D Padikkal,32,23,38.0,4.0,1.0
1216540,EJG Morgan,8,12,9.0,1.0,0.0
1216540,KD Karthik,1,2,1.0,0.0,0.0
1216540,KL Nagarkoti,4,7,4.0,0.0,0.0
1216540,M Prasidh Krishna,2,3,2.0,0.0,0.0
1216540,N Rana,9,14,10.0,1.0,0.0
1216540,PJ Cummins,1,3,1.0,0.0,0.0
1216540,RA Tripathi,16,22,17.0,1.0,0.0
1216540,Shubman Gill,34,25,39.0,3.0,1.0
1216540,T Banton,8,14,8.0,0.0,0.0
1216540,V Kohli,33,30,34.0,1.0,0.0
1216541,BA Stokes,107,63,127.0,14.0,3.0
1216541,HH Pandya,60,22,76.0,2.0,7.0
1216541,Ishan Kishan,37,37,43.0,4.0,1.0
1216541,KA Pollard,6,4,8.0,0.0,1.0
1216541,KH Pandya,3,4,3.0,0.0,0.0
1216541,Q de Kock,6,4,8.0,0.0,1.0
1216541,RV Uthappa,13,11,15.0,2.0,0.0
1216541,SA Yadav,40,29,46.0,4.0,1.0
1216541,SPD Smith,11,8,14.0,1.0,1.0
1216541,SS Tiwary,34,25,40.0,4.0,1.0
1216541,SV Samson,54,35,64.0,4.0,3.0
1216542,Abdul Samad,8,7,9.0,1.0,0.0
1216542,Abhishek Sharma,12,6,15.0,1.0,1.0
1216542,Arshdeep Singh,0,3,0.0,0.0,0.0
1216542,DA Warner,52,42,59.0,5.0,1.0
1216542,GJ Maxwell,7,13,7.0,0.0,0.0
1216542,JM Bairstow,97,57,116.0,7.0,6.0
1216542,KL Rahul,11,16,11.0,0.0,0.0
1216542,KS Williamson,20,10,23.0,1.0,1.0
1216542,MA Agarwal,9,6,10.0,1.0,0.0
1216542,MK Pandey,1,2,1.0,0.0,0.0
1216542,Mandeep Singh,6,7,6.0,0.0,0.0
1216542,Mohammed Shami,0,1,0.0,0.0,0.0
1216542,Mujeeb Ur Rahman,1,3,1.0,0.0,0.0
1216542,N Pooran,77,37,96.0,5.0,7.0
1216542,P Simran Singh,11,8,13.0,2.0,0.0
1216542,PK Garg,0,1,0.0,0.0,0.0
1216542,Ravi Bishnoi,6,7,7.0,1.0,0.0
1216542,SS Cottrell,0,2,0.0,0.0,0.0
1216543,AM Rahane,2,11,2.0,0.0,0.0
1216543,AR Patel,7,4,8.0,1.0,0.0
1216543,AT Carey,14,13,16.0,0.0,1.0
1216543,BA Stokes,41,35,47.0,6.0,0.0
1216543,JC Archer,1,4,1.0,0.0,0.0
1216543,JC Buttler,22,9,27.0,3.0,1.0
1216543,MP Stoinis,18,20,19.0,1.0,0.0
1216543,PP Shaw,0,1,0.0,0.0,0.0
1216543,R Parag,1,2,1.0,0.0,0.0
1216543,R Tewatia,14,19,15.0,1.0,0.0
1216543,RV Uthappa,32,29,37.0,3.0,1.0
1216543,S Dhawan,57,34,67.0,6.0,2.0
1216543,S Gopal,6,4,7.0,1.0,0.0
1216543,SPD Smith,1,4,1.0,0.0,0.0
1216543,SS Iyer,53,45,60.0,3.0,2.0
1216543,SV Samson,25,18,29.0,0.0,2.0
1216544,AB de Villiers,39,36,43.0,4.0,0.0
1216544,AJ Finch,15,13,18.0,3.0,0.0
1216544,AT Rayudu,39,27,46.0,3.0,2.0
1216544,CH Morris,2,5,2.0,0.0,0.0
1216544,D Padikkal,22,22,26.0,2.0,1.0
1216544,F du Plessis,25,13,31.0,2.0,2.0
1216544,Gurkeerat Singh,2,2,2.0,0.0,0.0
1216544,MM Ali,1,2,1.0,0.0,0.0
1216544,MS Dhoni,19,21,22.0,3.0,0.0
1216544,RD Gaikwad,65,52,75.0,4.0,3.0
1216544,V Kohli,50,45,53.0,1.0,1.0
1216544,Washington Sundar,5,2,6.0,1.0,0.0
1216545,Abhishek Sharma,2,3,2.0,0.0,0.0
1216545,DA Warner,36,30,40.0,2.0,1.0
1216545,EJG Morgan,42,31,49.0,3.0,2.0
1216545,JM Bairstow,5,10,5.0,0.0,0.0
1216545,KD Karthik,0,3,0.0,0.0,0.0
1216545,MK Pandey,51,38,58.0,3.0,2.0
1216545,Mohammad Nabi,11,8,13.0,2.0,0.0
1216545,N Rana,26,13,32.0,6.0,0.0
1216545,SP Narine,0,2,0.0,0.0,0.0
1216545,Shubman Gill,70,63,79.0,5.0,2.0
1216545,WP Saha,30,34,33.0,1.0,1.0
1216546,CH Gayle,29,14,36.0,3.0,2.0
1216546,DJ Hooda,15,22,16.0,1.0,0.0
1216546,GJ Maxwell,32,27,35.0,3.0,0.0
1216546,JDS Neesham,10,8,12.0,0.0,1.0
1216546,KL Rahul,15,11,18.0,1.0,1.0
1216546,MA Agarwal,5,10,5.0,0.0,0.0
1216546,MP Stoinis,9,11,9.0,0.0,0.0
1216546,N Pooran,53,28,65.0,6.0,3.0
1216546,PP Shaw,7,13,8.0,1.0,0.0
1216546,RR Pant,14,20,15.0,1.0,0.0
1216546,S Dhawan,106,61,124.0,12.0,3.0
1216546,SO Hetmyer,10,6,12.0,0.0,1.0
1216546,SS Iyer,14,12,16.0,0.0,1.0
1216547,AB de Villiers,61,28,74.0,5.0,4.0
1216547,AJ Finch,52,36,61.0,7.0,1.0
1216547,D Padikkal,54,42,63.0,5.0,2.0
1216547,HH Pandya,16,15,18.0,0.0,1.0
1216547,Ishan Kishan,99,60,119.0,2.0,9.0
1216547,KA Pollard,65,30,79.0,4.0,5.0
1216547,Q de Kock,14,16,15.0,1.0,0.0
1216547,RG Sharma,8,8,10.0,0.0,1.0
1216547,S Dube,27,10,34.0,1.0,3.0
1216547,SA Yadav,0,2,0.0,0.0,0.0
1216547,V Kohli,8,13,9.0,1.0,0.0
1237177,AM Rahane,0,3,0.0,0.0,0.0
1237177,AR Patel,42,34,50.0,2.0,3.0
1237177,DR Sams,0,2,0.0,0.0,0.0
1237177,HH Pandya,37,14,47.0,0.0,5.0
1237177,Ishan Kishan,55,30,65.0,4.0,3.0
1237177,K Rabada,15,18,17.0,2.0,0.0
1237177,KA Pollard,0,2,0.0,0.0,0.0
1237177,KH Pandya,13,10,15.0,0.0,1.0
1237177,MP Stoinis,65,48,77.0,6.0,3.0
1237177,PP Shaw,0,2,0.0,0.0,0.0
1237177,Q de Kock,40,26,47.0,5.0,1.0
1237177,RG Sharma,0,1,0.0,0.0,0.0
1237177,RR Pant,3,9,3.0,0.0,0.0
1237177,S Dhawan,0,2,0.0,0.0,0.0
1237177,SA Yadav,51,38,61.0,6.0,2.0
1237177,SS Iyer,12,8,15.0,3.0,0.0
1237178,AB de Villiers,56,44,61.0,5.0,0.0
1237178,AJ Finch,32,31,37.0,3.0,1.0
1237178,D Padikkal,1,6,1.0,0.0,0.0
1237178,DA Warner,17,18,20.0,3.0,0.0
1237178,JO Holder,24,20,27.0,3.0,0.0
1237178,KS Williamson,50,45,56.0,2.0,2.0
1237178,MK Pandey,24,23,29.0,3.0,1.0
1237178,MM Ali,0,1,0.0,0.0,0.0
1237178,Mohammed Siraj,10,7,11.0,1.0,0.0
1237178,Navdeep Saini,9,8,10.0,1.0,0.0
1237178,PK Garg,7,14,7.0,0.0,0.0
1237178,S Dube,8,14,8.0,0.0,0.0
1237178,SP Goswami,0,3,0.0,0.0,0.0
1237178,V Kohli,6,7,6.0,0.0,0.0
1237178,Washington Sundar,5,6,5.0,0.0,0.0
1237180,Abdul Samad,33,16,39.0,2.0,2.0
1237180,DA Warner,2,4,2.0,0.0,0.0
1237180,JO Holder,11,15,12.0,1.0,0.0
1237180,KS Williamson,67,46,80.0,5.0,4.0
1237180,MK Pandey,21,15,24.0,3.0,0.0
1237180,MP Stoinis,38,27,45.0,5.0,1.0
1237180,PK Garg,17,13,21.0,0.0,2.0
1237180,RR Pant,2,3,2.0,0.0,0.0
1237180,Rashid Khan,11,7,14.0,1.0,1.0
1237180,S Dhawan,78,51,90.0,6.0,3.0
1237180,S Nadeem,2,3,2.0,0.0,0.0
1237180,SO Hetmyer,42,23,48.0,4.0,1.0
1237180,SP Goswami,0,2,0.0,0.0,0.0
1237180,SS Iyer,21,21,22.0,1.0,0.0
1237180,Sandeep Sharma,2,4,2.0,0.0,0.0
1237181,AM Rahane,2,4,2.0,0.0,0.0
1237181,AR Patel,9,9,10.0,1.0,0.0
1237181,HH Pandya,3,5,3.0,0.0,0.0
1237181,Ishan Kishan,33,19,38.0,3.0,1.0
1237181,KA Pollard,9,4,11.0,2.0,0.0
1237181,KH Pandya,1,1,1.0,0.0,0.0
1237181,MP Stoinis,0,1,0.0,0.0,0.0
1237181,Q de Kock,20,12,25.0,3.0,1.0
1237181,RG Sharma,68,51,81.0,5.0,4.0
1237181,RR Pant,56,40,64.0,4.0,2.0
1237181,S Dhawan,15,13,18.0,3.0,0.0
1237181,SA Yadav,19,20,22.0,1.0,1.0
1237181,SO Hetmyer,5,5,6.0,1.0,0.0
1237181,SS Iyer,65,51,75.0,6.0,2.0
1254058,AB de Villiers,48,27,56.0,4.0,2.0
1254058,CA Lynn,49,36,59.0,4.0,3.0
1254058,DT Christian,1,3,1.0,0.0,0.0
1254058,GJ Maxwell,39,30,46.0,3.0,2.0
1254058,HH Pandya,13,10,15.0,2.0,0.0
1254058,HV Patel,4,3,4.0,0.0,0.0
1254058,Ishan Kishan,28,20,32.0,2.0,1.0
1254058,JJ Bumrah,1,2,1.0,0.0,0.0
1254058,KA Jamieson,4,4,4.0,0.0,0.0
1254058,KA Pollard,7,9,8.0,1.0,0.0
1254058,KH Pandya,7,7,8.0,1.0,0.0
1254058,M Jansen,0,2,0.0,0.0,0.0
1254058,Mohammed Siraj,0,1,0.0,0.0,0.0
1254058,RG Sharma,19,15,22.0,1.0,1.0
1254058,RM Patidar,8,9,9.0,1.0,0.0
1254058,SA Yadav,31,23,37.0,4.0,1.0
1254058,Shahbaz Ahmed,1,3,1.0,0.0,0.0
1254058,V Kohli,33,29,37.0,4.0,0.0
1254058,Washington Sundar,10,17,10.0,0.0,0.0
1254059,AT Rayudu,23,16,28.0,1.0,2.0
1254059,F du Plessis,0,3,0.0,0.0,0.0
1254059,MM Ali,36,24,44.0,4.0,2.0
1254059,MP Stoinis,14,10,17.0,3.0,0.0
1254059,MS Dhoni,0,2,0.0,0.0,0.0
1254059,PP Shaw,72,38,87.0,9.0,3.0
1254059,RA Jadeja,26,17,29.0,3.0,0.0
1254059,RD Gaikwad,5,9,6.0,1.0,0.0
1254059,RR Pant,15,13,17.0,2.0,0.0
1254059,S Dhawan,85,55,99.0,10.0,2.0
1254059,SK Raina,54,36,65.0,3.0,4.0
1254059,SM Curran,34,16,42.0,4.0,2.0
1254060,AD Russell,5,6,6.0,1.0,0.0
1254060,Abdul Samad,19,8,23.0,0.0,2.0
1254060,DA Warner,3,4,3.0,0.0,0.0
1254060,EJG Morgan,2,3,2.0,0.0,0.0
1254060,JM Bairstow,55,41,66.0,5.0,3.0
1254060,KD Karthik,22,10,26.0,2.0,1.0
1254060,MK Pandey,61,46,69.0,2.0,3.0
1254060,Mohammad Nabi,14,13,16.0,2.0,0.0
1254060,N Rana,80,56,97.0,9.0,4.0
1254060,RA Tripathi,53,29,62.0,5.0,2.0
1254060,Shakib Al Hasan,3,6,3.0,0.0,0.0
1254060,Shubman Gill,15,13,18.0,1.0,1.0
1254060,V Shankar,11,7,13.0,0.0,1.0
1254060,WP Saha,7,6,9.0,0.0,1.0
1254061,BA Stokes,0,3,0.0,0.0,0.0
1254061,CH Gayle,40,29,48.0,4.0,2.0
1254061,CH Morris,2,4,2.0,0.0,0.0
1254061,DJ Hooda,64,28,80.0,4.0,6.0
1254061,JA Richardson,0,2,0.0,0.0,0.0
1254061,JC Buttler,25,13,30.0,5.0,0.0
1254061,KL Rahul,91,52,108.0,7.0,5.0
1254061,M Shahrukh Khan,6,4,7.0,1.0,0.0
1254061,M Vohra,12,9,15.0,1.0,1.0
1254061,MA Agarwal,14,10,16.0,2.0,0.0
1254061,N Pooran,0,1,0.0,0.0,0.0
1254061,R Parag,25,12,32.0,1.0,3.0
1254061,R Tewatia,2,5,2.0,0.0,0.0
1254061,S Dube,23,15,26.0,3.0,0.0
1254061,SV Samson,119,66,145.0,12.0,7.0
1254062,AD Russell,9,15,10.0,1.0,0.0
1254062,EJG Morgan,7,7,8.0,1.0,0.0
1254062,HH Pandya,15,17,17.0,2.0,0.0
1254062,Harbhajan Singh,2,2,2.0,0.0,0.0
1254062,Ishan Kishan,1,3,1.0,0.0,0.0
1254062,JJ Bumrah,0,1,0.0,0.0,0.0
1254062,KA Pollard,5,8,6.0,1.0,0.0
1254062,KD Karthik,8,11,8.0,0.0,0.0
1254062,KH Pandya,15,9,18.0,3.0,0.0
1254062,M Jansen,0,2,0.0,0.0,0.0
1254062,N Rana,57,48,67.0,6.0,2.0
1254062,PJ Cummins,0,1,0.0,0.0,0.0
1254062,Q de Kock,2,6,2.0,0.0,0.0
1254062,RA Tripathi,5,5,5.0,0.0,0.0
1254062,RD Chahar,8,7,8.0,0.0,0.0
1254062,RG Sharma,43,32,48.0,3.0,1.0
1254062,SA Yadav,56,38,67.0,7.0,2.0
1254062,Shakib Al Hasan,9,9,10.0,1.0,0.0
1254062,Shubman Gill,33,24,40.0,5.0,1.0
1254063,AB de Villiers,1,5,1.0,0.0,0.0
1254063,Abdul Samad,0,2,0.0,0.0,0.0
1254063,B Kumar,2,2,2.0,0.0,0.0
1254063,D Padikkal,11,15,13.0,2.0,0.0
1254063,DA Warner,54,39,63.0,7.0,1.0
1254063,DT Christian,1,2,1.0,0.0,0.0
1254063,GJ Maxwell,59,45,70.0,5.0,3.0
1254063,JM Bairstow,12,13,13.0,1.0,0.0
1254063,JO Holder,4,5,4.0,0.0,0.0
1254063,KA Jamieson,12,9,14.0,2.0,0.0
1254063,MK Pandey,38,41,44.0,2.0,2.0
1254063,Rashid Khan,17,9,20.0,1.0,1.0
1254063,S Nadeem,0,1,0.0,0.0,0.0
1254063,Shahbaz Ahmed,14,10,16.0,0.0,1.0
1254063,V Kohli,33,30,37.0,4.0,0.0
1254063,V Shankar,3,5,3.0,0.0,0.0
1254063,WP Saha,1,9,1.0,0.0,0.0
1254063,Washington Sundar,8,11,9.0,1.0,0.0
1254064,AM Rahane,8,9,9.0,1.0,0.0
1254064,CH Morris,36,18,44.0,0.0,4.0
1254064,CR Woakes,15,11,17.0,2.0,0.0
1254064,DA Miller,62,43,73.0,7.0,2.0
1254064,JC Buttler,2,7,2.0,0.0,0.0
1254064,JD Unadkat,11,7,13.0,0.0,1.0
1254064,K Rabada,9,4,10.0,1.0,0.0
1254064,Lalit Yadav,20,25,23.0,3.0,0.0
1254064,M Vohra,9,11,11.0,2.0,0.0
1254064,MP Stoinis,0,5,0.0,0.0,0.0
1254064,PP Shaw,2,5,2.0,0.0,0.0
1254064,R Ashwin,7,5,8.0,1.0,0.0
1254064,R Parag,2,5,2.0,0.0,0.0
1254064,R Tewatia,19,18,21.0,2.0,0.0
1254064,RR Pant,51,33,60.0,9.0,0.0
1254064,S Dhawan,9,11,10.0,1.0,0.0
1254064,S Dube,2,7,2.0,0.0,0.0
1254064,SV Samson,4,3,5.0,1.0,0.0
1254064,TK Curran,21,16,23.0,2.0,0.0
1254065,AT Rayudu,0,1,0.0,0.0,0.0
1254065,CH Gayle,10,10,12.0,2.0,0.0
1254065,DJ Hooda,10,16,11.0,1.0,0.0
1254065,F du Plessis,36,33,42.0,4.0,1.0
1254065,JA Richardson,15,23,17.0,2.0,0.0
1254065,KL Rahul,5,7,6.0,1.0,0.0
1254065,M Ashwin,6,14,6.0,0.0,0.0
1254065,M Shahrukh Khan,47,38,55.0,4.0,2.0
1254065,MA Agarwal,0,2,0.0,0.0,0.0
1254065,MM Ali,46,32,55.0,7.0,1.0
1254065,Mohammed Shami,9,12,9.0,0.0,0.0
1254065,N Pooran,0,2,0.0,0.0,0.0
1254065,RD Gaikwad,5,16,5.0,0.0,0.0
1254065,SK Raina,8,10,9.0,1.0,0.0
1254065,SM Curran,5,4,6.0,1.0,0.0
1254066,Abdul Samad,7,8,8.0,1.0,0.0
1254066,Abhishek Sharma,2,4,2.0,0.0,0.0
1254066,B Kumar,1,2,1.0,0.0,0.0
1254066,DA Warner,36,35,42.0,2.0,2.0
1254066,HH Pandya,7,6,8.0,1.0,0.0
1254066,Ishan Kishan,12,21,12.0,0.0,0.0
1254066,JM Bairstow,43,23,54.0,3.0,4.0
1254066,KA Pollard,35,23,42.0,1.0,3.0
1254066,KH Pandya,3,3,3.0,0.0,0.0
1254066,KK Ahmed,1,2,1.0,0.0,0.0
1254066,MK Pandey,2,7,2.0,0.0,0.0
1254066,Mujeeb Ur Rahman,1,1,1.0,0.0,0.0
1254066,Q de Kock,40,40,45.0,5.0,0.0
1254066,RG Sharma,32,26,38.0,2.0,2.0
1254066,Rashid Khan,0,1,0.0,0.0,0.0
1254066,SA Yadav,10,6,13.0,1.0,1.0
1254066,V Shankar,28,25,32.0,0.0,2.0
1254066,Virat Singh,11,12,12.0,1.0,0.0
1254067,AB de Villiers,76,36,91.0,9.0,3.0
1254067,AD Russell,31,21,38.0,3.0,2.0
1254067,CV Varun,2,3,2.0,0.0,0.0
1254067,D Padikkal,25,29,27.0,2.0,0.0
1254067,EJG Morgan,29,24,34.0,1.0,2.0
1254067,GJ Maxwell,78,51,93.0,9.0,3.0
1254067,Harbhajan Singh,2,2,2.0,0.0,0.0
1254067,KA Jamieson,11,4,14.0,1.0,1.0
1254067,KD Karthik,2,5,2.0,0.0,0.0
1254067,N Rana,18,11,22.0,2.0,1.0
1254067,PJ Cummins,6,2,8.0,0.0,1.0
1254067,RA Tripathi,25,20,30.0,5.0,0.0
1254067,RM Patidar,1,2,1.0,0.0,0.0
1254067,Shakib Al Hasan,26,25,29.0,1.0,1.0
1254067,Shubman Gill,21,10,27.0,2.0,2.0
1254067,V Kohli,5,6,6.0,1.0,0.0
1254068,CH Gayle,11,9,13.0,0.0,1.0
1254068,DJ Hooda,22,13,26.0,0.0,2.0
1254068,KL Rahul,61,51,72.0,7.0,2.0
1254068,Lalit Yadav,12,6,14.0,2.0,0.0
1254068,M Shahrukh Khan,15,5,19.0,2.0,1.0
1254068,MA Agarwal,69,36,84.0,7.0,4.0
1254068,MP Stoinis,27,13,32.0,3.0,1.0
1254068,N Pooran,9,8,10.0,1.0,0.0
1254068,PP Shaw,32,17,39.0,3.0,2.0
1254068,RR Pant,15,17,17.0,0.0,1.0
1254068,S Dhawan,92,50,109.0,13.0,2.0
1254068,SPD Smith,9,12,9.0,0.0,0.0
1254069,AT Rayudu,27,19,33.0,0.0,3.0
1254069,CH Morris,0,2,0.0,0.0,0.0
1254069,DA Miller,2,5,2.0,0.0,0.0
1254069,DJ Bravo,20,10,24.0,2.0,1.0
1254069,F du Plessis,33,17,41.0,4.0,2.0
1254069,JC Buttler,49,36,58.0,5.0,2.0
1254069,JD Unadkat,24,20,28.0,2.0,1.0
1254069,M Vohra,14,11,17.0,1.0,1.0
1254069,MM Ali,26,22,31.0,1.0,2.0
1254069,MS Dhoni,18,17,20.0,2.0,0.0
1254069,Mustafizur Rahman,0,4,0.0,0.0,0.0
1254069,R Parag,3,7,3.0,0.0,0.0
1254069,R Tewatia,20,15,24.0,0.0,2.0
1254069,RA Jadeja,8,7,9.0,1.0,0.0
1254069,RD Gaikwad,10,13,11.0,1.0,0.0
1254069,S Dube,17,24,19.0,2.0,0.0
1254069,SK Raina,18,17,21.0,1.0,1.0
1254069,SM Curran,13,6,15.0,0.0,1.0
1254069,SN Thakur,1,1,1.0,0.0,0.0
1254069,SV Samson,1,5,1.0,0.0,0.0
1254070,HH Pandya,0,1,0.0,0.0,0.0
1254070,Ishan Kishan,26,28,29.0,1.0,1.0
1254070,J Yadav,23,22,24.0,1.0,0.0
1254070,JJ Bumrah,3,3,3.0,0.0,0.0
1254070,KA Pollard,2,5,2.0,0.0,0.0
1254070,KH Pandya,1,5,1.0,0.0,0.0
1254070,Lalit Yadav,22,26,23.0,1.0,0.0
1254070,PP Shaw,7,5,8.0,1.0,0.0
1254070,Q de Kock,2,4,2.0,0.0,0.0
1254070,RD Chahar,6,6,7.0,1.0,0.0
1254070,RG Sharma,44,30,53.0,3.0,3.0
1254070,RR Pant,7,9,8.0,1.0,0.0
1254070,S Dhawan,45,42,52.0,5.0,1.0
1254070,SA Yadav,24,15,28.0,4.0,0.0
1254070,SO Hetmyer,14,9,16.0,2.0,0.0
1254070,SPD Smith,33,30,37.0,4.0,0.0
1254070,TA Boult,1,1,1.0,0.0,0.0
1254071,Arshdeep Singh,1,2,1.0,0.0,0.0
1254071,CH Gayle,15,17,17.0,2.0,0.0
1254071,DA Warner,37,39,42.0,3.0,1.0
1254071,DJ Hooda,13,11,15.0,2.0,0.0
1254071,FA Allen,6,11,6.0,0.0,0.0
1254071,JM Bairstow,63,57,72.0,3.0,3.0
1254071,KL Rahul,4,6,4.0,0.0,0.0
1254071,KS Williamson,16,20,16.0,0.0,0.0
1254071,M Ashwin,9,10,10.0,1.0,0.0
1254071,M Shahrukh Khan,22,18,26.0,0.0,2.0
1254071,MA Agarwal,22,25,24.0,2.0,0.0
1254071,MC Henriques,14,17,14.0,0.0,0.0
1254071,Mohammed Shami,3,3,3.0,0.0,0.0
1254072,AD Russell,54,24,69.0,3.0,6.0
1254072,CV Varun,0,1,0.0,0.0,0.0
1254072,EJG Morgan,7,8,8.0,1.0,0.0
1254072,F du Plessis,95,63,112.0,9.0,4.0
1254072,KD Karthik,40,24,48.0,4.0,2.0
1254072,KL Nagarkoti,0,2,0.0,0.0,0.0
1254072,M Prasidh Krishna,0,1,0.0,0.0,0.0
1254072,MM Ali,25,13,31.0,2.0,2.0
1254072,MS Dhoni,17,10,21.0,2.0,1.0
1254072,N Rana,9,13,11.0,2.0,0.0
1254072,PJ Cummins,66,37,82.0,4.0,6.0
1254072,RA Jadeja,6,1,8.0,0.0,1.0
1254072,RA Tripathi,8,9,9.0,1.0,0.0
1254072,RD Gaikwad,64,42,78.0,6.0,4.0
1254072,SP Narine,4,3,5.0,1.0,0.0
1254072,Shubman Gill,0,1,0.0,0.0,0.0
1254073,C Sakariya,0,1,0.0,0.0,0.0
1254073,CH Morris,10,10,12.0,0.0,1.0
1254073,D Padikkal,101,54,124.0,11.0,6.0
1254073,DA Miller,0,2,0.0,0.0,0.0
1254073,JC Buttler,8,8,10.0,2.0,0.0
1254073,M Vohra,7,9,8.0,1.0,0.0
1254073,R Parag,25,16,29.0,4.0,0.0
1254073,R Tewatia,40,25,48.0,4.0,2.0
1254073,S Dube,46,34,55.0,5.0,2.0
1254073,S Gopal,7,4,9.0,0.0,1.0
1254073,SV Samson,21,19,25.0,2.0,1.0
1254073,V Kohli,72,47,84.0,6.0,3.0
1254074,CH Gayle,43,38,52.0,5.0,2.0
1254074,HH Pandya,1,5,1.0,0.0,0.0
1254074,Ishan Kishan,6,17,6.0,0.0,0.0
1254074,KA Pollard,16,12,18.0,0.0,1.0
1254074,KH Pandya,3,3,3.0,0.0,0.0
1254074,KL Rahul,60,52,69.0,3.0,3.0
1254074,MA Agarwal,25,20,31.0,4.0,1.0
1254074,Q de Kock,3,5,3.0,0.0,0.0
1254074,RG Sharma,63,52,72.0,5.0,2.0
1254074,SA Yadav,33,28,38.0,3.0,1.0
1254075,AD Russell,9,10,11.0,0.0,1.0
1254075,DA Miller,24,25,27.0,3.0,0.0
1254075,JC Buttler,5,7,6.0,1.0,0.0
1254075,KD Karthik,25,24,29.0,4.0,0.0
1254075,N Rana,22,27,25.0,1.0,1.0
1254075,PJ Cummins,10,6,12.0,0.0,1.0
1254075,R Tewatia,5,8,5.0,0.0,0.0
1254075,RA Tripathi,36,26,41.0,1.0,2.0
1254075,S Dube,22,19,26.0,2.0,1.0
1254075,SP Narine,6,7,7.0,1.0,0.0
1254075,SV Samson,42,44,46.0,2.0,1.0
1254075,Shivam Mavi,5,7,6.0,1.0,0.0
1254075,Shubman Gill,11,19,12.0,1.0,0.0
1254075,YBK Jaiswal,22,17,27.0,5.0,0.0
1254076,AB de Villiers,4,9,4.0,0.0,0.0
1254076,AT Rayudu,14,7,17.0,1.0,1.0
1254076,D Padikkal,34,17,42.0,4.0,2.0
1254076,DT Christian,1,3,1.0,0.0,0.0
1254076,F du Plessis,50,42,57.0,5.0,1.0
1254076,GJ Maxwell,22,15,25.0,3.0,0.0
1254076,HV Patel,0,9,0.0,0.0,0.0
1254076,KA Jamieson,16,13,19.0,1.0,1.0
1254076,MS Dhoni,2,3,2.0,0.0,0.0
1254076,Mohammed Siraj,12,14,14.0,0.0,1.0
1254076,Navdeep Saini,2,5,2.0,0.0,0.0
1254076,RA Jadeja,62,29,76.0,4.0,5.0
1254076,RD Gaikwad,33,26,39.0,4.0,1.0
1254076,SK Raina,24,18,31.0,1.0,3.0
1254076,V Kohli,8,8,9.0,1.0,0.0
1254076,Washington Sundar,7,11,8.0,1.0,0.0
1254076,YS Chahal,8,21,8.0,0.0,0.0
1254077,Abhishek Sharma,5,7,5.0,0.0,0.0
1254077,DA Warner,8,11,8.0,0.0,0.0
1254077,J Suchith,14,6,18.0,2.0,1.0
1254077,JM Bairstow,38,18,49.0,3.0,4.0
1254077,KM Jadhav,9,10,10.0,1.0,0.0
1254077,KS Williamson,70,57,79.0,9.0,0.0
1254077,MP Stoinis,2,2,2.0,0.0,0.0
1254077,PP Shaw,53,40,62.0,7.0,1.0
1254077,RR Pant,42,31,49.0,5.0,1.0
1254077,Rashid Khan,0,1,0.0,0.0,0.0
1254077,S Dhawan,28,29,31.0,3.0,0.0
1254077,SO Hetmyer,1,2,1.0,0.0,0.0
1254077,SPD Smith,34,25,39.0,3.0,1.0
1254077,V Shankar,8,7,8.0,0.0,0.0
1254077,Virat Singh,4,14,4.0,0.0,0.0
1254078,AD Russell,10,9,12.0,2.0,0.0
1254078,Arshdeep Singh,1,1,1.0,0.0,0.0
1254078,CH Gayle,0,1,0.0,0.0,0.0
1254078,CJ Jordan,30,18,37.0,1.0,3.0
1254078,DJ Hooda,1,5,1.0,0.0,0.0
1254078,EJG Morgan,47,40,55.0,4.0,2.0
1254078,KD Karthik,12,6,14.0,2.0,0.0
1254078,KL Rahul,19,20,23.0,2.0,1.0
1254078,M Shahrukh Khan,13,14,15.0,0.0,1.0
1254078,MA Agarwal,31,36,36.0,1.0,2.0
1254078,MC Henriques,2,3,2.0,0.0,0.0
1254078,Mohammed Shami,1,2,1.0,0.0,0.0
1254078,N Pooran,19,19,22.0,1.0,1.0
1254078,N Rana,0,1,0.0,0.0,0.0
1254078,RA Tripathi,41,32,48.0,7.0,0.0
1254078,Ravi Bishnoi,1,5,1.0,0.0,0.0
1254078,SP Narine,0,5,0.0,0.0,0.0
1254078,Shubman Gill,9,8,11.0,2.0,0.0
1254079,AB de Villiers,75,43,88.0,3.0,5.0
1254079,D Padikkal,17,14,20.0,3.0,0.0
1254079,DR Sams,3,2,3.0,0.0,0.0
1254079,GJ Maxwell,25,20,30.0,1.0,2.0
1254079,MP Stoinis,22,17,25.0,3.0,0.0
1254079,PP Shaw,21,18,24.0,3.0,0.0
1254079,RM Patidar,31,22,35.0,0.0,2.0
1254079,RR Pant,58,50,64.0,6.0,0.0
1254079,S Dhawan,6,7,7.0,1.0,0.0
1254079,SO Hetmyer,53,25,63.0,2.0,4.0
1254079,SPD Smith,4,5,5.0,1.0,0.0
1254079,V Kohli,12,12,14.0,2.0,0.0
1254079,Washington Sundar,6,9,6.0,0.0,0.0
1254080,DA Warner,57,57,64.0,3.0,2.0
1254080,F du Plessis,56,38,64.0,6.0,1.0
1254080,JM Bairstow,7,6,8.0,1.0,0.0
1254080,KM Jadhav,12,4,15.0,1.0,1.0
1254080,KS Williamson,26,10,32.0,4.0,1.0
1254080,MK Pandey,61,49,68.0,5.0,1.0
1254080,MM Ali,15,9,18.0,3.0,0.0
1254080,RA Jadeja,7,7,8.0,1.0,0.0
1254080,RD Gaikwad,75,45,87.0,12.0,0.0
1254080,SK Raina,17,15,20.0,3.0,0.0
1254081,DA Miller,7,4,8.0,1.0,0.0
1254081,JC Buttler,41,33,50.0,3.0,3.0
1254081,KA Pollard,16,8,20.0,2.0,1.0
1254081,KH Pandya,39,28,45.0,2.0,2.0
1254081,Q de Kock,70,50,80.0,6.0,2.0
1254081,R Parag,8,7,9.0,1.0,0.0
1254081,RG Sharma,14,17,16.0,0.0,1.0
1254081,S Dube,35,32,41.0,2.0,2.0
1254081,SA Yadav,16,10,19.0,3.0,0.0
1254081,SV Samson,42,28,47.0,5.0,0.0
1254081,YBK Jaiswal,32,20,38.0,2.0,2.0
1254082,AD Russell,45,27,55.0,2.0,4.0
1254082,EJG Morgan,0,2,0.0,0.0,0.0
1254082,KD Karthik,14,10,17.0,1.0,1.0
1254082,MP Stoinis,6,3,7.0,1.0,0.0
1254082,N Rana,15,12,18.0,1.0,1.0
1254082,PJ Cummins,11,14,12.0,1.0,0.0
1254082,PP Shaw,82,43,99.0,11.0,3.0
1254082,RA Tripathi,19,17,21.0,2.0,0.0
1254082,RR Pant,16,8,20.0,2.0,1.0
1254082,S Dhawan,46,49,52.0,4.0,1.0
1254082,SO Hetmyer,0,1,0.0,0.0,0.0
1254082,SP Narine,0,1,0.0,0.0,0.0
1254082,Shubman Gill,43,38,48.0,3.0,1.0
1254083,AB de Villiers,3,9,3.0,0.0,0.0
1254083,CH Gayle,46,25,56.0,6.0,2.0
1254083,D Padikkal,7,6,9.0,0.0,1.0
1254083,DJ Hooda,5,9,5.0,0.0,0.0
1254083,DR Sams,3,4,3.0,0.0,0.0
1254083,GJ Maxwell,0,1,0.0,0.0,0.0
1254083,HV Patel,31,13,38.0,3.0,2.0
1254083,Harpreet Brar,25,17,30.0,1.0,2.0
1254083,KA Jamieson,16,11,19.0,1.0,1.0
1254083,KL Rahul,91,59,108.0,7.0,5.0
1254083,M Shahrukh Khan,0,3,0.0,0.0,0.0
1254083,Mohammed Siraj,0,1,0.0,0.0,0.0
1254083,N Pooran,0,4,0.0,0.0,0.0
1254083,P Simran Singh,7,7,8.0,1.0,0.0
1254083,RM Patidar,31,32,35.0,2.0,1.0
1254083,Shahbaz Ahmed,8,11,9.0,1.0,0.0
1254083,V Kohli,35,34,40.0,3.0,1.0
1254084,AT Rayudu,72,28,90.0,4.0,7.0
1254084,F du Plessis,50,28,60.0,2.0,4.0
1254084,HH Pandya,16,7,20.0,0.0,2.0
1254084,JDS Neesham,0,1,0.0,0.0,0.0
1254084,KA Pollard,87,39,109.0,6.0,8.0
1254084,KH Pandya,32,23,38.0,2.0,2.0
1254084,MM Ali,58,36,73.0,5.0,5.0
1254084,Q de Kock,38,29,44.0,4.0,1.0
1254084,RA Jadeja,22,28,24.0,2.0,0.0
1254084,RD Gaikwad,4,4,5.0,1.0,0.0
1254084,RG Sharma,35,26,41.0,4.0,1.0
1254084,SA Yadav,3,3,3.0,0.0,0.0
1254084,SK Raina,2,4,2.0,0.0,0.0
1254085,Abdul Samad,10,10,12.0,0.0,1.0
1254085,B Kumar,14,10,16.0,2.0,0.0
1254085,DA Miller,7,3,9.0,0.0,1.0
1254085,JC Buttler,124,69,151.0,11.0,8.0
1254085,JM Bairstow,30,21,36.0,4.0,1.0
1254085,KM Jadhav,19,21,21.0,0.0,1.0
1254085,KS Williamson,20,22,21.0,1.0,0.0
1254085,MK Pandey,31,21,38.0,3.0,2.0
1254085,Mohammad Nabi,17,5,22.0,1.0,2.0
1254085,R Parag,15,8,17.0,0.0,1.0
1254085,Rashid Khan,0,3,0.0,0.0,0.0
1254085,SV Samson,48,35,56.0,4.0,2.0
1254085,Sandeep Sharma,8,6,9.0,1.0,0.0
1254085,V Shankar,8,8,9.0,1.0,0.0
1254085,YBK Jaiswal,12,13,14.0,2.0,0.0
1254086,CH Gayle,13,9,16.0,1.0,1.0
1254086,CJ Jordan,2,3,2.0,0.0,0.0
1254086,DJ Hooda,1,1,1.0,0.0,0.0
1254086,DJ Malan,26,26,29.0,1.0,1.0
1254086,Harpreet Brar,4,4,5.0,1.0,0.0
1254086,M Shahrukh Khan,4,5,4.0,0.0,0.0
1254086,MA Agarwal,99,58,115.0,8.0,4.0
1254086,P Simran Singh,12,16,14.0,0.0,1.0
1254086,PP Shaw,39,22,48.0,3.0,3.0
1254086,RR Pant,14,11,17.0,1.0,1.0
1254086,S Dhawan,69,48,79.0,6.0,2.0
1254086,SO Hetmyer,16,6,21.0,1.0,2.0
1254086,SPD Smith,24,22,25.0,1.0,0.0
1254087,AB de Villiers,0,1,0.0,0.0,0.0
1254087,D Padikkal,22,20,25.0,3.0,0.0
1254087,GJ Maxwell,10,17,10.0,0.0,0.0
1254087,HV Patel,12,10,14.0,2.0,0.0
1254087,KA Jamieson,4,12,4.0,0.0,0.0
1254087,KS Bharat,16,19,17.0,1.0,0.0
1254087,Mohammed Siraj,8,10,9.0,1.0,0.0
1254087,PWH de Silva,0,1,0.0,0.0,0.0
1254087,Sachin Baby,7,17,7.0,0.0,0.0
1254087,Shubman Gill,48,37,56.0,6.0,1.0
1254087,V Kohli,5,5,6.0,1.0,0.0
1254087,VR Iyer,41,28,50.0,7.0,1.0
1254087,YS Chahal,2,6,2.0,0.0,0.0
1254088,Abdul Samad,2,3,2.0,0.0,0.0
1254088,Abhishek Sharma,33,16,39.0,4.0,1.0
1254088,HH Pandya,10,9,12.0,0.0,1.0
1254088,Ishan Kishan,84,33,103.0,11.0,4.0
1254088,JDS Neesham,0,1,0.0,0.0,0.0
1254088,JJ Bumrah,5,2,6.0,1.0,0.0
1254088,JJ Roy,34,22,40.0,6.0,0.0
1254088,JO Holder,1,2,1.0,0.0,0.0
1254088,KA Pollard,13,14,14.0,1.0,0.0
1254088,KH Pandya,9,7,10.0,1.0,0.0
1254088,MK Pandey,69,43,80.0,7.0,2.0
1254088,Mohammad Nabi,3,4,3.0,0.0,0.0
1254088,NM Coulter-Nile,3,3,3.0,0.0,0.0
1254088,PK Garg,29,21,33.0,2.0,1.0
1254088,PP Chawla,0,2,0.0,0.0,0.0
1254088,RG Sharma,18,13,21.0,3.0,0.0
1254088,Rashid Khan,9,5,11.0,2.0,0.0
1254088,S Kaul,1,3,1.0,0.0,0.0
1254088,SA Yadav,82,41,101.0,13.0,3.0
1254088,WP Saha,2,5,2.0,0.0,0.0
1254089,AT Rayudu,2,4,2.0,0.0,0.0
1254089,E Lewis,27,12,33.0,2.0,2.0
1254089,F du Plessis,25,19,29.0,2.0,1.0
1254089,GD Phillips,14,8,17.0,1.0,1.0
1254089,MM Ali,21,18,24.0,1.0,1.0
1254089,RA Jadeja,32,17,38.0,4.0,1.0
1254089,RD Gaikwad,101,62,120.0,9.0,5.0
1254089,S Dube,64,46,76.0,4.0,4.0
1254089,SK Raina,3,5,3.0,0.0,0.0
1254089,SV Samson,28,24,32.0,4.0,0.0
1254089,YBK Jaiswal,50,21,62.0,6.0,3.0
1254090,AB de Villiers,23,18,28.0,1.0,2.0
1254090,AK Markram,20,14,24.0,2.0,1.0
1254090,D Padikkal,40,40,48.0,4.0,2.0
1254090,DT Christian,0,1,0.0,0.0,0.0
1254090,GHS Garton,0,1,0.0,0.0,0.0
1254090,GJ Maxwell,57,35,68.0,3.0,4.0
1254090,HV Patel,1,1,1.0,0.0,0.0
1254090,Harpreet Brar,3,2,3.0,0.0,0.0
1254090,KL Rahul,39,35,44.0,1.0,2.0
1254090,M Shahrukh Khan,16,12,19.0,1.0,1.0
1254090,MA Agarwal,57,46,67.0,6.0,2.0
1254090,MC Henriques,12,9,14.0,0.0,1.0
1254090,N Pooran,3,7,3.0,0.0,0.0
1254090,SN Khan,0,1,0.0,0.0,0.0
1254090,Shahbaz Ahmed,8,4,10.0,0.0,1.0
1254090,V Kohli,25,25,29.0,2.0,1.0
1254091,AT Rayudu,17,13,20.0,1.0,1.0
1254091,Abdul Samad,18,14,21.0,1.0,1.0
1254091,Abhishek Sharma,18,13,21.0,1.0,1.0
1254091,B Kumar,2,2,2.0,0.0,0.0
1254091,F du Plessis,41,36,48.0,3.0,2.0
1254091,JJ Roy,2,7,2.0,0.0,0.0
1254091,JO Holder,5,5,5.0,0.0,0.0
1254091,KS Williamson,11,12,13.0,2.0,0.0
1254091,MM Ali,17,17,19.0,2.0,0.0
1254091,MS Dhoni,14,12,17.0,1.0,1.0
1254091,PK Garg,7,11,7.0,0.0,0.0
1254091,RD Gaikwad,45,39,53.0,4.0,2.0
1254091,Rashid Khan,17,14,19.0,2.0,0.0
1254091,SK Raina,2,4,2.0,0.0,0.0
1254091,WP Saha,44,47,49.0,1.0,2.0
1254092,AR Patel,0,7,0.0,0.0,0.0
1254092,Avesh Khan,5,3,6.0,1.0,0.0
1254092,EJG Morgan,0,2,0.0,0.0,0.0
1254092,K Rabada,0,1,0.0,0.0,0.0
1254092,KD Karthik,12,14,14.0,2.0,0.0
1254092,Lalit Yadav,0,3,0.0,0.0,0.0
1254092,N Rana,36,28,42.0,2.0,2.0
1254092,R Ashwin,9,8,10.0,1.0,0.0
1254092,RA Tripathi,9,5,11.0,0.0,1.0
1254092,RR Pant,39,37,42.0,3.0,0.0
1254092,S Dhawan,24,20,29.0,5.0,0.0
1254092,SO Hetmyer,4,5,4.0,0.0,0.0
1254092,SP Narine,21,10,26.0,1.0,2.0
1254092,SPD Smith,39,34,43.0,4.0,0.0
1254092,SS Iyer,1,6,1.0,0.0,0.0
1254092,Shubman Gill,30,33,35.0,1.0,2.0
1254092,TG Southee,3,5,3.0,0.0,0.0
1254092,VR Iyer,14,16,16.0,2.0,0.0
1254093,C Sakariya,6,11,7.0,1.0,0.0
1254093,DA Miller,15,23,15.0,0.0,0.0
1254093,E Lewis,24,20,29.0,3.0,1.0
1254093,GD Phillips,4,13,4.0,0.0,0.0
1254093,HH Pandya,5,6,5.0,0.0,0.0
1254093,Ishan Kishan,50,25,61.0,5.0,3.0
1254093,K Yadav,0,4,0.0,0.0,0.0
1254093,Mustafizur Rahman,8,7,10.0,0.0,1.0
1254093,R Tewatia,12,20,12.0,0.0,0.0
1254093,RG Sharma,22,13,27.0,1.0,2.0
1254093,S Dube,3,8,3.0,0.0,0.0
1254093,S Gopal,0,1,0.0,0.0,0.0
1254093,SA Yadav,13,9,16.0,3.0,0.0
1254093,SV Samson,3,7,3.0,0.0,0.0
1254093,YBK Jaiswal,12,9,15.0,3.0,0.0
1254094,AK Markram,13,8,15.0,0.0,1.0
1254094,AT Rayudu,4,5,4.0,0.0,0.0
1254094,DJ Bravo,4,3,5.0,1.0,0.0
1254094,F du Plessis,76,61,88.0,8.0,2.0
1254094,KL Rahul,98,47,121.0,7.0,8.0
1254094,M Shahrukh Khan,8,10,10.0,0.0,1.0
1254094,MA Agarwal,12,12,14.0,2.0,0.0
1254094,MC Henriques,3,3,3.0,0.0,0.0
1254094,MM Ali,0,6,0.0,0.0,0.0
1254094,MS Dhoni,12,15,14.0,2.0,0.0
1254094,RA Jadeja,15,17,16.0,1.0,0.0
1254094,RD Gaikwad,12,14,13.0,1.0,0.0
1254094,RV Uthappa,2,6,2.0,0.0,0.0
1254094,SN Khan,0,3,0.0,0.0,0.0
1254095,AB de Villiers,19,13,22.0,1.0,1.0
1254095,Abdul Samad,1,3,1.0,0.0,0.0
1254095,Abhishek Sharma,13,10,16.0,1.0,1.0
1254095,D Padikkal,41,53,45.0,4.0,0.0
1254095,DT Christian,1,4,1.0,0.0,0.0
1254095,GHS Garton,2,3,2.0,0.0,0.0
1254095,GJ Maxwell,40,26,47.0,3.0,2.0
1254095,JJ Roy,44,39,49.0,5.0,0.0
1254095,JO Holder,16,13,18.0,2.0,0.0
1254095,KS Bharat,12,10,15.0,1.0,1.0
1254095,KS Williamson,31,31,35.0,4.0,0.0
1254095,PK Garg,15,11,17.0,0.0,1.0
1254095,Rashid Khan,7,9,8.0,1.0,0.0
1254095,Shahbaz Ahmed,14,9,16.0,2.0,0.0
1254095,V Kohli,5,4,6.0,1.0,0.0
1254095,WP Saha,10,8,11.0,1.0,0.0
1254096,AF Milne,1,1,1.0,0.0,0.0
1254096,EJG Morgan,7,8,9.0,0.0,1.0
1254096,Ishan Kishan,14,13,16.0,0.0,1.0
1254096,KA Pollard,21,17,25.0,2.0,1.0
1254096,KH Pandya,12,9,14.0,0.0,1.0
1254096,N Rana,5,2,6.0,1.0,0.0
1254096,Q de Kock,55,44,65.0,4.0,3.0
1254096,RA Tripathi,74,42,88.0,8.0,3.0
1254096,RG Sharma,33,32,37.0,4.0,0.0
1254096,SA Yadav,5,10,5.0,0.0,0.0
1254096,SS Tiwary,5,2,6.0,1.0,0.0
1254096,Shubman Gill,13,9,16.0,1.0,1.0
1254096,VR Iyer,53,32,63.0,4.0,3.0
1254097,AR Patel,12,10,14.0,0.0,1.0
1254097,DA Miller,7,10,7.0,0.0,0.0
1254097,LS Livingstone,1,3,1.0,0.0,0.0
1254097,Lalit Yadav,14,15,15.0,1.0,0.0
1254097,MK Lomror,19,24,21.0,0.0,1.0
1254097,PP Shaw,10,12,10.0,0.0,0.0
1254097,R Ashwin,6,6,6.0,0.0,0.0
1254097,R Parag,2,7,2.0,0.0,0.0
1254097,R Tewatia,9,15,9.0,0.0,0.0
1254097,RR Pant,24,24,26.0,2.0,0.0
1254097,S Dhawan,8,8,9.0,1.0,0.0
1254097,SO Hetmyer,28,17,33.0,5.0,0.0
1254097,SS Iyer,43,34,48.0,1.0,2.0
1254097,SV Samson,70,58,80.0,8.0,1.0
1254097,T Shamsi,2,4,2.0,0.0,0.0
1254097,YBK Jaiswal,5,4,5.0,0.0,0.0
1254098,AD Russell,20,15,24.0,2.0,1.0
1254098,AT Rayudu,10,10,11.0,1.0,0.0
1254098,DL Chahar,1,1,1.0,0.0,0.0
1254098,EJG Morgan,8,14,8.0,0.0,0.0
1254098,F du Plessis,43,30,50.0,7.0,0.0
1254098,KD Karthik,26,12,31.0,3.0,1.0
1254098,MM Ali,32,29,36.0,2.0,1.0
1254098,MS Dhoni,1,4,1.0,0.0,0.0
1254098,N Rana,37,30,42.0,3.0,1.0
1254098,RA Jadeja,22,8,28.0,2.0,2.0
1254098,RA Tripathi,45,33,51.0,4.0,1.0
1254098,RD Gaikwad,40,28,48.0,2.0,3.0
1254098,SK Raina,11,7,12.0,1.0,0.0
1254098,SM Curran,4,4,4.0,0.0,0.0
1254098,SN Thakur,3,2,3.0,0.0,0.0
1254098,SP Narine,0,1,0.0,0.0,0.0
1254098,Shubman Gill,9,5,11.0,2.0,0.0
1254098,VR Iyer,18,16,21.0,3.0,0.0
1254099,AK Markram,42,30,48.0,6.0,0.0
1254099,CH Gayle,1,4,1.0,0.0,0.0
1254099,DJ Hooda,28,26,31.0,1.0,1.0
1254099,HH Pandya,40,30,48.0,4.0,2.0
1254099,Harpreet Brar,14,19,14.0,0.0,0.0
1254099,KA Pollard,15,8,18.0,1.0,1.0
1254099,KL Rahul,21,23,23.0,2.0,0.0
1254099,Mandeep Singh,15,14,17.0,2.0,0.0
1254099,N Pooran,2,3,2.0,0.0,0.0
1254099,NT Ellis,6,4,6.0,0.0,0.0
1254099,Q de Kock,27,30,29.0,2.0,0.0
1254099,RG Sharma,8,10,9.0,1.0,0.0
1254099,SA Yadav,0,1,0.0,0.0,0.0
1254099,SS Tiwary,45,37,52.0,3.0,2.0
1254100,Abhishek Sharma,21,18,24.0,1.0,1.0
1254100,E Lewis,6,4,7.0,1.0,0.0
1254100,JJ Roy,60,44,70.0,8.0,1.0
1254100,KS Williamson,51,44,58.0,5.0,1.0
1254100,LS Livingstone,4,6,4.0,0.0,0.0
1254100,MK Lomror,29,29,32.0,1.0,1.0
1254100,PK Garg,0,1,0.0,0.0,0.0
1254100,R Parag,0,1,0.0,0.0,0.0
1254100,R Tewatia,0,1,0.0,0.0,0.0
1254100,SV Samson,82,59,95.0,7.0,3.0
1254100,WP Saha,18,12,22.0,2.0,1.0
1254100,YBK Jaiswal,36,23,43.0,5.0,1.0
1254101,AB de Villiers,26,26,30.0,2.0,1.0
1254101,D Padikkal,0,1,0.0,0.0,0.0
1254101,GJ Maxwell,51,34,59.0,8.0,0.0
1254101,KS Bharat,78,56,89.0,3.0,4.0
1254101,PP Shaw,48,33,56.0,4.0,2.0
1254101,RR Pant,10,8,11.0,1.0,0.0
1254101,RV Patel,7,9,8.0,1.0,0.0
1254101,S Dhawan,43,35,50.0,3.0,2.0
1254101,SO Hetmyer,29,22,35.0,2.0,2.0
1254101,SS Iyer,18,19,19.0,1.0,0.0
1254101,V Kohli,4,8,4.0,0.0,0.0
1254102,AK Markram,18,18,20.0,0.0,1.0
1254102,DJ Hooda,3,4,3.0,0.0,0.0
1254102,EJG Morgan,2,2,2.0,0.0,0.0
1254102,KD Karthik,11,11,11.0,0.0,0.0
1254102,KL Rahul,67,56,75.0,4.0,2.0
1254102,M Shahrukh Khan,22,9,27.0,1.0,2.0
1254102,MA Agarwal,40,27,49.0,3.0,3.0
1254102,N Pooran,12,7,14.0,0.0,1.0
1254102,N Rana,31,18,37.0,2.0,2.0
1254102,RA Tripathi,34,27,39.0,3.0,1.0
1254102,SP Narine,3,3,3.0,0.0,0.0
1254102,Shubman Gill,7,8,8.0,1.0,0.0
1254102,TL Seifert,2,5,2.0,0.0,0.0
1254102,VR Iyer,67,50,78.0,9.0,1.0
1254103,AB de Villiers,4,1,5.0,1.0,0.0
1254103,C Sakariya,2,2,2.0,0.0,0.0
1254103,CH Morris,14,12,16.0,2.0,0.0
1254103,D Padikkal,22,19,26.0,4.0,0.0
1254103,E Lewis,58,38,69.0,5.0,3.0
1254103,GJ Maxwell,50,32,58.0,6.0,1.0
1254103,KS Bharat,44,35,49.0,3.0,1.0
1254103,Kartik Tyagi,1,1,1.0,0.0,0.0
1254103,LS Livingstone,6,9,6.0,0.0,0.0
1254103,MK Lomror,3,5,3.0,0.0,0.0
1254103,R Parag,9,16,9.0,0.0,0.0
1254103,R Tewatia,2,3,2.0,0.0,0.0
1254103,SV Samson,19,15,23.0,0.0,2.0
1254103,V Kohli,25,20,29.0,4.0,0.0
1254103,YBK Jaiswal,31,22,38.0,3.0,2.0
1254104,AF Milne,15,17,17.0,0.0,1.0
1254104,AT Rayudu,0,3,0.0,0.0,0.0
1254104,Anmolpreet Singh,16,14,20.0,2.0,1.0
1254104,DJ Bravo,23,9,29.0,0.0,3.0
1254104,F du Plessis,0,3,0.0,0.0,0.0
1254104,Ishan Kishan,11,10,12.0,1.0,0.0
1254104,JJ Bumrah,1,2,1.0,0.0,0.0
1254104,KA Pollard,15,15,18.0,1.0,1.0
1254104,KH Pandya,4,5,4.0,0.0,0.0
1254104,MM Ali,0,3,0.0,0.0,0.0
1254104,MS Dhoni,3,5,3.0,0.0,0.0
1254104,Q de Kock,17,12,20.0,3.0,0.0
1254104,RA Jadeja,26,37,27.0,1.0,0.0
1254104,RD Chahar,0,1,0.0,0.0,0.0
1254104,RD Gaikwad,88,58,105.0,9.0,4.0
1254104,SA Yadav,3,7,3.0,0.0,0.0
1254104,SK Raina,4,6,5.0,1.0,0.0
1254104,SN Thakur,1,1,1.0,0.0,0.0
1254104,SS Tiwary,50,41,55.0,5.0,0.0
1254105,Abdul Samad,28,21,32.0,2.0,1.0
1254105,B Kumar,5,5,6.0,1.0,0.0
1254105,DA Warner,0,3,0.0,0.0,0.0
1254105,JO Holder,10,9,12.0,0.0,1.0
1254105,KM Jadhav,3,8,3.0,0.0,0.0
1254105,KS Williamson,18,27,19.0,1.0,0.0
1254105,MK Pandey,17,16,18.0,1.0,0.0
1254105,PP Shaw,11,8,13.0,2.0,0.0
1254105,RR Pant,35,23,42.0,3.0,2.0
1254105,Rashid Khan,22,19,26.0,2.0,1.0
1254105,S Dhawan,42,37,50.0,6.0,1.0
1254105,SS Iyer,47,43,53.0,2.0,2.0
1254105,Sandeep Sharma,0,1,0.0,0.0,0.0
1254105,WP Saha,18,17,22.0,2.0,1.0
1254106,Anuj Rawat,0,1,0.0,0.0,0.0
1254106,C Sakariya,1,5,1.0,0.0,0.0
1254106,CH Morris,0,2,0.0,0.0,0.0
1254106,EJG Morgan,13,12,16.0,1.0,1.0
1254106,GD Phillips,8,12,10.0,0.0,1.0
1254106,JD Unadkat,6,5,7.0,1.0,0.0
1254106,KD Karthik,14,11,16.0,0.0,1.0
1254106,LS Livingstone,6,6,7.0,1.0,0.0
1254106,Mustafizur Rahman,0,3,0.0,0.0,0.0
1254106,N Rana,12,5,15.0,1.0,1.0
1254106,R Tewatia,44,36,53.0,5.0,2.0
1254106,RA Tripathi,21,15,24.0,3.0,0.0
1254106,S Dube,18,20,20.0,0.0,1.0
1254106,SV Samson,1,4,1.0,0.0,0.0
1254106,Shubman Gill,56,47,64.0,4.0,2.0
1254106,VR Iyer,38,37,45.0,3.0,2.0
1254106,YBK Jaiswal,0,3,0.0,0.0,0.0
1254107,AK Markram,27,32,29.0,2.0,0.0
1254107,Abdul Samad,1,2,1.0,0.0,0.0
1254107,B Kumar,3,4,3.0,0.0,0.0
1254107,CH Gayle,14,18,15.0,1.0,0.0
1254107,DA Warner,2,3,2.0,0.0,0.0
1254107,DJ Hooda,13,10,14.0,1.0,0.0
1254107,Harpreet Brar,18,19,19.0,1.0,0.0
1254107,JO Holder,47,30,57.0,0.0,5.0
1254107,KL Rahul,21,21,24.0,3.0,0.0
1254107,KM Jadhav,12,12,12.0,0.0,0.0
1254107,KS Williamson,1,6,1.0,0.0,0.0
1254107,MA Agarwal,5,6,5.0,0.0,0.0
1254107,MK Pandey,13,23,14.0,1.0,0.0
1254107,N Pooran,8,4,10.0,0.0,1.0
1254107,NT Ellis,12,13,14.0,0.0,1.0
1254107,Rashid Khan,3,4,3.0,0.0,0.0
1254107,WP Saha,31,39,32.0,1.0,0.0
1254108,AB de Villiers,11,7,14.0,1.0,1.0
1254108,AF Milne,0,1,0.0,0.0,0.0
1254108,D Padikkal,0,4,0.0,0.0,0.0
1254108,DT Christian,1,3,1.0,0.0,0.0
1254108,GJ Maxwell,56,39,68.0,6.0,3.0
1254108,HH Pandya,3,7,3.0,0.0,0.0
1254108,Ishan Kishan,9,12,10.0,1.0,0.0
1254108,JJ Bumrah,5,6,6.0,1.0,0.0
1254108,KA Jamieson,2,2,2.0,0.0,0.0
1254108,KA Pollard,7,10,7.0,0.0,0.0
1254108,KH Pandya,5,12,5.0,0.0,0.0
1254108,KS Bharat,32,25,38.0,2.0,2.0
1254108,Q de Kock,24,23,28.0,4.0,0.0
1254108,RD Chahar,0,1,0.0,0.0,0.0
1254108,RG Sharma,43,30,50.0,5.0,1.0
1254108,SA Yadav,8,9,8.0,0.0,0.0
1254108,Shahbaz Ahmed,1,3,1.0,0.0,0.0
1254108,TA Boult,0,3,0.0,0.0,0.0
1254108,V Kohli,51,44,60.0,3.0,3.0
1254109,Abdul Samad,25,18,31.0,0.0,3.0
1254109,Abhishek Sharma,6,10,6.0,0.0,0.0
1254109,B Kumar,7,7,7.0,0.0,0.0
1254109,EJG Morgan,2,2,2.0,0.0,0.0
1254109,JJ Roy,10,13,12.0,2.0,0.0
1254109,JO Holder,2,9,2.0,0.0,0.0
1254109,KD Karthik,18,12,21.0,3.0,0.0
1254109,KS Williamson,26,21,30.0,4.0,0.0
1254109,N Rana,25,35,28.0,3.0,0.0
1254109,PK Garg,21,31,23.0,0.0,1.0
1254109,RA Tripathi,7,6,8.0,1.0,0.0
1254109,Rashid Khan,8,6,9.0,1.0,0.0
1254109,S Kaul,7,5,8.0,1.0,0.0
1254109,Shubman Gill,57,51,67.0,10.0,0.0
1254109,VR Iyer,8,14,8.0,0.0,0.0
1254109,WP Saha,0,1,0.0,0.0,0.0
1254110,AR Patel,5,10,5.0,0.0,0.0
1254110,AT Rayudu,55,44,64.0,5.0,2.0
1254110,F du Plessis,10,9,12.0,2.0,0.0
1254110,K Rabada,4,1,5.0,1.0,0.0
1254110,MM Ali,5,10,5.0,0.0,0.0
1254110,MS Dhoni,18,27,18.0,0.0,0.0
1254110,PP Shaw,18,14,21.0,3.0,0.0
1254110,R Ashwin,2,3,2.0,0.0,0.0
1254110,RA Jadeja,1,2,1.0,0.0,0.0
1254110,RD Gaikwad,13,15,15.0,2.0,0.0
1254110,RR Pant,15,13,18.0,1.0,1.0
1254110,RV Patel,18,20,20.0,2.0,0.0
1254110,RV Uthappa,19,19,20.0,1.0,0.0
1254110,S Dhawan,39,35,46.0,3.0,2.0
1254110,SO Hetmyer,28,21,32.0,2.0,1.0
1254110,SS Iyer,2,7,2.0,0.0,0.0
1254111,AK Markram,26,21,30.0,2.0,1.0
1254111,C Sakariya,7,6,8.0,1.0,0.0
1254111,CH Morris,5,5,5.0,0.0,0.0
1254111,DJ Hooda,0,2,0.0,0.0,0.0
1254111,E Lewis,36,22,45.0,7.0,1.0
1254111,FA Allen,0,1,0.0,0.0,0.0
1254111,KL Rahul,49,36,57.0,4.0,2.0
1254111,Kartik Tyagi,1,3,1.0,0.0,0.0
1254111,LS Livingstone,25,19,29.0,2.0,1.0
1254111,MA Agarwal,67,46,78.0,7.0,2.0
1254111,MK Lomror,43,18,53.0,2.0,4.0
1254111,N Pooran,32,22,37.0,1.0,2.0
1254111,R Parag,4,5,4.0,0.0,0.0
1254111,R Tewatia,2,6,2.0,0.0,0.0
1254111,SV Samson,4,5,4.0,0.0,0.0
1254111,YBK Jaiswal,49,36,59.0,6.0,2.0
1254112,AR Patel,9,10,10.0,1.0,0.0
1254112,HH Pandya,17,18,19.0,2.0,0.0
1254112,J Yadav,11,4,14.0,1.0,1.0
1254112,JJ Bumrah,1,1,1.0,0.0,0.0
1254112,KA Pollard,6,12,6.0,0.0,0.0
1254112,KH Pandya,13,15,16.0,1.0,1.0
1254112,NM Coulter-Nile,1,2,1.0,0.0,0.0
1254112,PP Shaw,6,7,7.0,1.0,0.0
1254112,Q de Kock,19,18,22.0,1.0,1.0
1254112,R Ashwin,20,21,22.0,0.0,1.0
1254112,RG Sharma,7,11,8.0,1.0,0.0
1254112,RR Pant,26,22,31.0,3.0,1.0
1254112,S Dhawan,8,7,10.0,0.0,1.0
1254112,SA Yadav,33,26,39.0,2.0,2.0
1254112,SO Hetmyer,15,8,17.0,2.0,0.0
1254112,SPD Smith,9,8,11.0,0.0,1.0
1254112,SS Iyer,33,36,35.0,2.0,0.0
1254112,SS Tiwary,15,19,16.0,1.0,0.0
1254113,AB de Villiers,12,11,14.0,0.0,1.0
1254113,AT Rayudu,32,22,37.0,3.0,1.0
1254113,D Padikkal,70,51,81.0,5.0,3.0
1254113,F du Plessis,31,26,37.0,2.0,2.0
1254113,GJ Maxwell,11,9,13.0,0.0,1.0
1254113,HV Patel,3,5,3.0,0.0,0.0
1254113,MM Ali,23,19,27.0,0.0,2.0
1254113,MS Dhoni,11,9,13.0,2.0,0.0
1254113,PWH de Silva,1,1,1.0,0.0,0.0
1254113,RD Gaikwad,38,26,44.0,4.0,1.0
1254113,SK Raina,17,11,21.0,2.0,1.0
1254113,TH David,1,3,1.0,0.0,0.0
1254113,V Kohli,53,42,61.0,6.0,1.0
1254114,AR Patel,10,11,11.0,1.0,0.0
1254114,AT Rayudu,1,3,1.0,0.0,0.0
1254114,F du Plessis,1,2,1.0,0.0,0.0
1254114,MM Ali,16,12,18.0,2.0,0.0
1254114,MS Dhoni,18,7,23.0,3.0,1.0
1254114,PP Shaw,60,34,73.0,7.0,3.0
1254114,RD Gaikwad,70,50,79.0,5.0,2.0
1254114,RR Pant,51,38,58.0,3.0,2.0
1254114,RV Uthappa,63,45,74.0,7.0,2.0
1254114,S Dhawan,7,7,8.0,1.0,0.0
1254114,SN Thakur,0,2,0.0,0.0,0.0
1254114,SO Hetmyer,37,27,42.0,3.0,1.0
1254114,SS Iyer,1,8,1.0,0.0,0.0
1254114,TK Curran,0,1,0.0,0.0,0.0
1254115,AB de Villiers,11,9,12.0,1.0,0.0
1254115,D Padikkal,21,19,23.0,2.0,0.0
1254115,DT Christian,9,8,10.0,1.0,0.0
1254115,EJG Morgan,5,7,5.0,0.0,0.0
1254115,GJ Maxwell,15,19,16.0,1.0,0.0
1254115,HV Patel,8,7,9.0,1.0,0.0
1254115,KD Karthik,10,12,11.0,1.0,0.0
1254115,KS Bharat,9,16,9.0,0.0,0.0
1254115,N Rana,23,26,26.0,1.0,1.0
1254115,RA Tripathi,6,5,7.0,1.0,0.0
1254115,SP Narine,26,17,32.0,0.0,3.0
1254115,Shahbaz Ahmed,13,15,14.0,1.0,0.0
1254115,Shakib Al Hasan,9,6,10.0,1.0,0.0
1254115,Shubman Gill,29,18,33.0,4.0,0.0
1254115,V Kohli,39,33,44.0,5.0,0.0
1254115,VR Iyer,26,30,28.0,0.0,1.0
1254116,AR Patel,4,4,4.0,0.0,0.0
1254116,EJG Morgan,0,3,0.0,0.0,0.0
1254116,KD Karthik,0,3,0.0,0.0,0.0
1254116,MP Stoinis,18,24,19.0,1.0,0.0
1254116,N Rana,13,12,15.0,0.0,1.0
1254116,PP Shaw,18,12,22.0,2.0,1.0
1254116,RA Tripathi,12,11,14.0,0.0,1.0
1254116,RR Pant,6,6,7.0,1.0,0.0
1254116,S Dhawan,36,40,41.0,1.0,2.0
1254116,SO Hetmyer,17,10,21.0,0.0,2.0
1254116,SP Narine,0,1,0.0,0.0,0.0
1254116,SS Iyer,30,28,33.0,1.0,1.0
1254116,Shakib Al Hasan,0,2,0.0,0.0,0.0
1254116,Shubman Gill,46,48,49.0,1.0,1.0
1254116,VR Iyer,55,44,65.0,4.0,3.0
1254117,EJG Morgan,4,8,4.0,0.0,0.0
1254117,F du Plessis,86,61,99.0,7.0,3.0
1254117,KD Karthik,9,7,11.0,0.0,1.0
1254117,LH Ferguson,18,13,21.0,1.0,1.0
1254117,MM Ali,37,20,45.0,2.0,3.0
1254117,N Rana,0,1,0.0,0.0,0.0
1254117,RA Tripathi,2,3,2.0,0.0,0.0
1254117,RD Gaikwad,32,27,37.0,3.0,1.0
1254117,RV Uthappa,31,16,37.0,0.0,3.0
1254117,SP Narine,2,3,2.0,0.0,0.0
1254117,Shakib Al Hasan,0,2,0.0,0.0,0.0
1254117,Shivam Mavi,20,14,25.0,1.0,2.0
1254117,Shubman Gill,51,46,57.0,6.0,0.0
1254117,VR Iyer,50,32,61.0,5.0,3.0
1304047,AM Rahane,44,34,52.0,6.0,1.0
1304047,AT Rayudu,15,17,18.0,1.0,1.0
1304047,DP Conway,3,8,3.0,0.0,0.0
1304047,MS Dhoni,50,38,59.0,7.0,1.0
1304047,N Rana,21,17,25.0,2.0,1.0
1304047,RA Jadeja,26,29,28.0,0.0,1.0
1304047,RD Gaikwad,0,5,0.0,0.0,0.0
1304047,RV Uthappa,28,23,34.0,2.0,2.0
1304047,S Dube,3,6,3.0,0.0,0.0
1304047,SP Jackson,3,3,3.0,0.0,0.0
1304047,SS Iyer,20,19,21.0,1.0,0.0
1304047,SW Billings,25,22,28.0,1.0,1.0
1304047,VR Iyer,16,16,18.0,2.0,0.0
1304048,AR Patel,38,17,46.0,2.0,3.0
1304048,Anmolpreet Singh,8,9,8.0,0.0,0.0
1304048,DR Sams,7,3,9.0,0.0,1.0
1304048,Ishan Kishan,81,48,96.0,11.0,2.0
1304048,KA Pollard,3,6,3.0,0.0,0.0
1304048,Lalit Yadav,48,42,56.0,4.0,2.0
1304048,Mandeep Singh,0,2,0.0,0.0,0.0
1304048,PP Shaw,38,24,46.0,4.0,2.0
1304048,R Powell,0,2,0.0,0.0,0.0
1304048,RG Sharma,41,33,49.0,4.0,2.0
1304048,RR Pant,1,3,1.0,0.0,0.0
1304048,SN Thakur,22,11,26.0,4.0,0.0
1304048,TH David,12,8,14.0,0.0,1.0
1304048,TL Seifert,21,16,25.0,4.0,0.0
1304048,Tilak Varma,22,15,25.0,3.0,0.0
1304049,Anuj Rawat,21,21,25.0,2.0,1.0
1304049,F du Plessis,88,61,105.0,3.0,7.0
1304049,KD Karthik,32,14,41.0,3.0,3.0
1304049,LS Livingstone,19,12,23.0,0.0,2.0
1304049,M Shahrukh Khan,24,26,29.0,1.0,2.0
1304049,MA Agarwal,32,26,38.0,2.0,2.0
1304049,OF Smith,25,9,32.0,1.0,3.0
1304049,PBB Rajapaksa,43,23,53.0,2.0,4.0
1304049,RA Bawa,0,1,0.0,0.0,0.0
1304049,S Dhawan,43,29,50.0,5.0,1.0
1304049,V Kohli,41,31,46.0,1.0,2.0
1304050,A Badoni,54,42,64.0,4.0,3.0
1304050,A Manohar,15,7,18.0,3.0,0.0
1304050,DA Miller,30,21,35.0,1.0,2.0
1304050,DJ Hooda,55,41,65.0,6.0,2.0
1304050,E Lewis,10,9,12.0,2.0,0.0
1304050,HH Pandya,33,28,40.0,5.0,1.0
1304050,KH Pandya,21,14,24.0,3.0,0.0
1304050,KL Rahul,0,1,0.0,0.0,0.0
1304050,MK Pandey,6,7,7.0,1.0,0.0
1304050,MS Wade,30,30,34.0,4.0,0.0
1304050,PVD Chameera,1,1,1.0,0.0,0.0
1304050,Q de Kock,7,9,8.0,1.0,0.0
1304050,R Tewatia,40,25,49.0,5.0,2.0
1304050,Shubman Gill,0,3,0.0,0.0,0.0
1304050,V Shankar,4,7,4.0,0.0,0.0
1304051,AK Markram,57,42,66.0,5.0,2.0
1304051,Abdul Samad,4,6,4.0,0.0,0.0
1304051,Abhishek Sharma,9,19,10.0,1.0,0.0
1304051,B Kumar,3,4,3.0,0.0,0.0
1304051,D Padikkal,41,30,49.0,4.0,2.0
1304051,JC Buttler,35,28,44.0,3.0,3.0
1304051,KS Williamson,2,7,2.0,0.0,0.0
1304051,N Pooran,0,10,0.0,0.0,0.0
1304051,NM Coulter-Nile,1,2,1.0,0.0,0.0
1304051,R Parag,12,9,14.0,2.0,0.0
1304051,R Shepherd,24,18,28.0,0.0,2.0
1304051,RA Tripathi,0,3,0.0,0.0,0.0
1304051,SO Hetmyer,32,15,40.0,2.0,3.0
1304051,SV Samson,55,29,68.0,3.0,5.0
1304051,Washington Sundar,40,16,49.0,5.0,2.0
1304051,YBK Jaiswal,20,17,24.0,2.0,1.0
1304052,AD Russell,25,19,32.0,1.0,3.0
1304052,AM Rahane,9,10,10.0,1.0,0.0
1304052,Anuj Rawat,0,2,0.0,0.0,0.0
1304052,CV Varun,10,16,12.0,2.0,0.0
1304052,DJ Willey,18,30,21.0,3.0,0.0
1304052,F du Plessis,5,4,6.0,1.0,0.0
1304052,HV Patel,10,6,12.0,2.0,0.0
1304052,KD Karthik,14,8,17.0,1.0,1.0
1304052,N Rana,10,5,13.0,1.0,1.0
1304052,PWH de Silva,4,3,5.0,1.0,0.0
1304052,SE Rutherford,28,40,31.0,1.0,1.0
1304052,SP Jackson,0,1,0.0,0.0,0.0
1304052,SP Narine,12,8,15.0,1.0,1.0
1304052,SS Iyer,13,10,15.0,2.0,0.0
1304052,SW Billings,14,15,16.0,0.0,1.0
1304052,Shahbaz Ahmed,27,21,33.0,0.0,3.0
1304052,TG Southee,1,5,1.0,0.0,0.0
1304052,UT Yadav,18,12,22.0,2.0,1.0
1304052,V Kohli,12,7,14.0,2.0,0.0
1304052,VR Iyer,10,14,11.0,1.0,0.0
1304053,A Badoni,19,14,23.0,0.0,2.0
1304053,AT Rayudu,27,20,33.0,2.0,2.0
1304053,D Pretorius,0,1,0.0,0.0,0.0
1304053,DJ Bravo,1,1,1.0,0.0,0.0
1304053,DJ Hooda,13,8,16.0,1.0,1.0
1304053,E Lewis,55,25,67.0,6.0,3.0
1304053,KL Rahul,40,26,48.0,2.0,3.0
1304053,MK Pandey,5,8,5.0,0.0,0.0
1304053,MM Ali,35,22,43.0,4.0,2.0
1304053,MS Dhoni,16,6,20.0,2.0,1.0
1304053,Q de Kock,61,48,70.0,9.0,0.0
1304053,RA Jadeja,17,9,20.0,3.0,0.0
1304053,RD Gaikwad,1,4,1.0,0.0,0.0
1304053,RV Uthappa,50,28,60.0,8.0,1.0
1304053,S Dube,49,32,58.0,5.0,2.0
1304054,AD Russell,70,33,88.0,2.0,8.0
1304054,AM Rahane,12,12,15.0,3.0,0.0
1304054,Arshdeep Singh,0,1,0.0,0.0,0.0
1304054,Harpreet Brar,14,18,17.0,1.0,1.0
1304054,K Rabada,25,16,31.0,4.0,1.0
1304054,LS Livingstone,19,17,22.0,1.0,1.0
1304054,M Shahrukh Khan,0,5,0.0,0.0,0.0
1304054,MA Agarwal,1,5,1.0,0.0,0.0
1304054,N Rana,0,2,0.0,0.0,0.0
1304054,OF Smith,9,15,11.0,0.0,1.0
1304054,PBB Rajapaksa,31,9,40.0,3.0,3.0
1304054,RA Bawa,11,13,12.0,1.0,0.0
1304054,RD Chahar,0,2,0.0,0.0,0.0
1304054,S Dhawan,16,17,19.0,1.0,1.0
1304054,SS Iyer,26,15,31.0,5.0,0.0
1304054,SW Billings,24,23,27.0,1.0,1.0
1304054,VR Iyer,3,7,3.0,0.0,0.0
1304055,Anmolpreet Singh,5,4,6.0,1.0,0.0
1304055,D Padikkal,7,7,8.0,1.0,0.0
1304055,DR Sams,0,1,0.0,0.0,0.0
1304055,Ishan Kishan,54,44,61.0,5.0,1.0
1304055,JC Buttler,100,71,121.0,11.0,5.0
1304055,JJ Bumrah,0,1,0.0,0.0,0.0
1304055,KA Pollard,22,29,27.0,3.0,1.0
1304055,M Ashwin,6,8,7.0,1.0,0.0
1304055,Navdeep Saini,2,2,2.0,0.0,0.0
1304055,R Ashwin,1,1,1.0,0.0,0.0
1304055,R Parag,5,4,6.0,1.0,0.0
1304055,RG Sharma,10,6,12.0,0.0,1.0
1304055,SO Hetmyer,35,17,44.0,3.0,3.0
1304055,SV Samson,30,21,37.0,1.0,3.0
1304055,TA Boult,1,1,1.0,0.0,0.0
1304055,TH David,1,3,1.0,0.0,0.0
1304055,Tilak Varma,61,34,74.0,3.0,5.0
1304055,YBK Jaiswal,1,2,1.0,0.0,0.0
1304056,A Manohar,1,2,1.0,0.0,0.0
1304056,AR Patel,8,4,10.0,2.0,0.0
1304056,DA Miller,20,15,22.0,2.0,0.0
1304056,HH Pandya,31,27,35.0,4.0,0.0
1304056,KK Ahmed,0,1,0.0,0.0,0.0
1304056,Kuldeep Yadav,14,14,16.0,0.0,1.0
1304056,Lalit Yadav,25,22,29.0,2.0,1.0
1304056,MS Wade,1,2,1.0,0.0,0.0
1304056,Mandeep Singh,18,17,22.0,4.0,0.0
1304056,Mustafizur Rahman,3,5,3.0,0.0,0.0
1304056,PP Shaw,10,7,11.0,1.0,0.0
1304056,R Powell,20,12,24.0,2.0,1.0
1304056,R Tewatia,14,9,17.0,1.0,1.0
1304056,RR Pant,43,30,50.0,7.0,0.0
1304056,Rashid Khan,0,1,0.0,0.0,0.0
1304056,SN Thakur,2,6,2.0,0.0,0.0
1304056,Shubman Gill,84,48,98.0,6.0,4.0
1304056,TL Seifert,3,5,3.0,0.0,0.0
1304056,V Shankar,13,20,14.0,1.0,0.0
1304057,AT Rayudu,13,22,15.0,2.0,0.0
1304057,CJ Jordan,5,5,5.0,0.0,0.0
1304057,D Pretorius,8,4,10.0,0.0,1.0
1304057,DJ Bravo,0,1,0.0,0.0,0.0
1304057,JM Sharma,26,18,32.0,0.0,3.0
1304057,K Rabada,12,14,13.0,1.0,0.0
1304057,LS Livingstone,60,35,75.0,5.0,5.0
1304057,M Shahrukh Khan,6,12,6.0,0.0,0.0
1304057,MA Agarwal,4,2,5.0,1.0,0.0
1304057,MM Ali,0,2,0.0,0.0,0.0
1304057,MS Dhoni,23,29,26.0,1.0,1.0
1304057,Mukesh Choudhary,2,2,2.0,0.0,0.0
1304057,OF Smith,3,9,3.0,0.0,0.0
1304057,PBB Rajapaksa,9,6,11.0,0.0,1.0
1304057,RA Jadeja,0,3,0.0,0.0,0.0
1304057,RD Chahar,12,8,15.0,1.0,1.0
1304057,RD Gaikwad,1,4,1.0,0.0,0.0
1304057,RV Uthappa,13,10,15.0,2.0,0.0
1304057,S Dhawan,33,27,39.0,4.0,1.0
1304057,S Dube,57,30,69.0,6.0,3.0
1304057,VG Arora,1,2,1.0,0.0,0.0
1304058,A Badoni,19,13,22.0,3.0,0.0
1304058,AK Markram,12,14,12.0,0.0,0.0
1304058,Abdul Samad,0,1,0.0,0.0,0.0
1304058,Abhishek Sharma,13,12,15.0,2.0,0.0
1304058,B Kumar,1,2,1.0,0.0,0.0
1304058,DJ Hooda,51,33,60.0,3.0,3.0
1304058,E Lewis,1,5,1.0,0.0,0.0
1304058,JO Holder,8,3,10.0,0.0,1.0
1304058,KH Pandya,6,3,7.0,1.0,0.0
1304058,KL Rahul,68,50,76.0,6.0,1.0
1304058,KS Williamson,16,16,19.0,1.0,1.0
1304058,MK Pandey,11,10,14.0,1.0,1.0
1304058,N Pooran,34,26,41.0,3.0,2.0
1304058,Q de Kock,1,4,1.0,0.0,0.0
1304058,R Shepherd,8,10,10.0,0.0,1.0
1304058,RA Tripathi,44,30,51.0,5.0,1.0
1304058,Umran Malik,1,1,1.0,0.0,0.0
1304058,Washington Sundar,18,14,19.0,1.0,0.0
1304059,Anuj Rawat,26,26,30.0,4.0,0.0
1304059,D Padikkal,37,30,43.0,2.0,2.0
1304059,DJ Willey,0,2,0.0,0.0,0.0
1304059,F du Plessis,29,20,34.0,5.0,0.0
1304059,HV Patel,9,4,11.0,0.0,1.0
1304059,JC Buttler,70,49,82.0,0.0,6.0
1304059,KD Karthik,44,24,53.0,7.0,1.0
1304059,SE Rutherford,5,12,5.0,0.0,0.0
1304059,SO Hetmyer,42,32,50.0,4.0,2.0
1304059,SV Samson,8,8,10.0,0.0,1.0
1304059,Shahbaz Ahmed,45,28,55.0,4.0,3.0
1304059,V Kohli,5,6,5.0,0.0,0.0
1304059,YBK Jaiswal,4,6,4.0,0.0,0.0
1304060,AD Russell,11,5,14.0,1.0,1.0
1304060,AM Rahane,7,11,7.0,0.0,0.0
1304060,D Brevis,29,19,35.0,2.0,2.0
1304060,Ishan Kishan,14,21,15.0,1.0,0.0
1304060,KA Pollard,22,6,28.0,0.0,3.0
1304060,N Rana,8,7,10.0,0.0,1.0
1304060,PJ Cummins,56,15,72.0,4.0,6.0
1304060,RG Sharma,3,12,3.0,0.0,0.0
1304060,SA Yadav,52,36,61.0,5.0,2.0
1304060,SS Iyer,10,6,12.0,2.0,0.0
1304060,SW Billings,17,12,21.0,0.0,2.0
1304060,Tilak Varma,38,27,45.0,3.0,2.0
1304060,VR Iyer,50,41,58.0,6.0,1.0
1304061,A Badoni,10,3,13.0,1.0,1.0
1304061,DA Warner,4,12,4.0,0.0,0.0
1304061,DJ Hooda,11,13,11.0,0.0,0.0
1304061,E Lewis,5,13,5.0,0.0,0.0
1304061,KH Pandya,19,14,21.0,0.0,1.0
1304061,KL Rahul,24,25,27.0,1.0,1.0
1304061,PP Shaw,61,36,74.0,9.0,2.0
1304061,Q de Kock,80,54,93.0,9.0,2.0
1304061,R Powell,3,10,3.0,0.0,0.0
1304061,RR Pant,39,37,46.0,3.0,2.0
1304061,SN Khan,36,29,39.0,3.0,0.0
1304062,Arshdeep Singh,10,5,11.0,1.0,0.0
1304062,B Sai Sudharsan,35,30,41.0,4.0,1.0
1304062,DA Miller,6,5,7.0,1.0,0.0
1304062,HH Pandya,27,18,32.0,5.0,0.0
1304062,JM Bairstow,8,8,10.0,2.0,0.0
1304062,JM Sharma,23,11,28.0,1.0,2.0
1304062,K Rabada,1,1,1.0,0.0,0.0
1304062,LS Livingstone,64,29,79.0,7.0,4.0
1304062,M Shahrukh Khan,15,8,19.0,0.0,2.0
1304062,MA Agarwal,5,9,6.0,1.0,0.0
1304062,MS Wade,6,7,7.0,1.0,0.0
1304062,OF Smith,0,1,0.0,0.0,0.0
1304062,R Tewatia,13,3,17.0,0.0,2.0
1304062,RD Chahar,22,14,26.0,2.0,1.0
1304062,S Dhawan,35,30,39.0,4.0,0.0
1304062,Shubman Gill,96,61,109.0,11.0,1.0
1304062,VG Arora,2,7,2.0,0.0,0.0
1304063,AT Rayudu,27,27,31.0,4.0,0.0
1304063,Abhishek Sharma,75,52,86.0,5.0,3.0
1304063,CJ Jordan,6,4,6.0,0.0,0.0
1304063,DJ Bravo,8,6,9.0,1.0,0.0
1304063,KS Williamson,32,40,36.0,2.0,1.0
1304063,MM Ali,48,35,55.0,3.0,2.0
1304063,MS Dhoni,3,6,3.0,0.0,0.0
1304063,N Pooran,5,3,6.0,1.0,0.0
1304063,RA Jadeja,23,18,27.0,2.0,1.0
1304063,RA Tripathi,39,15,48.0,5.0,2.0
1304063,RD Gaikwad,16,13,19.0,3.0,0.0
1304063,RV Uthappa,15,11,16.0,1.0,0.0
1304063,S Dube,3,5,3.0,0.0,0.0
1304064,Anuj Rawat,66,49,80.0,2.0,6.0
1304064,D Brevis,8,11,9.0,1.0,0.0
1304064,F du Plessis,16,25,17.0,1.0,0.0
1304064,GJ Maxwell,8,2,10.0,2.0,0.0
1304064,Ishan Kishan,26,28,29.0,3.0,0.0
1304064,JD Unadkat,13,14,14.0,1.0,0.0
1304064,KA Pollard,0,1,0.0,0.0,0.0
1304064,KD Karthik,7,2,9.0,0.0,1.0
1304064,RG Sharma,26,16,32.0,4.0,1.0
1304064,Ramandeep Singh,6,12,6.0,0.0,0.0
1304064,SA Yadav,68,37,85.0,5.0,6.0
1304064,Tilak Varma,0,3,0.0,0.0,0.0
1304064,V Kohli,48,36,53.0,5.0,0.0
1304065,AD Russell,24,22,27.0,3.0,0.0
1304065,AM Rahane,8,14,9.0,1.0,0.0
1304065,AR Patel,22,14,26.0,2.0,1.0
1304065,CV Varun,1,1,1.0,0.0,0.0
1304065,DA Warner,61,45,71.0,6.0,2.0
1304065,Lalit Yadav,1,4,1.0,0.0,0.0
1304065,N Rana,30,21,36.0,0.0,3.0
1304065,PJ Cummins,4,3,5.0,1.0,0.0
1304065,PP Shaw,51,30,62.0,7.0,2.0
1304065,R Powell,8,6,10.0,0.0,1.0
1304065,RR Pant,27,15,33.0,2.0,2.0
1304065,Rasikh Salam,7,6,8.0,1.0,0.0
1304065,SN Thakur,29,11,36.0,1.0,3.0
1304065,SP Narine,4,2,5.0,1.0,0.0
1304065,SS Iyer,54,34,63.0,5.0,2.0
1304065,SW Billings,15,9,18.0,1.0,1.0
1304065,UT Yadav,0,1,0.0,0.0,0.0
1304065,VR Iyer,18,8,23.0,1.0,2.0
1304066,A Badoni,5,7,5.0,0.0,0.0
1304066,Avesh Khan,7,2,9.0,0.0,1.0
1304066,D Padikkal,29,32,34.0,5.0,0.0
1304066,DJ Hooda,25,24,28.0,3.0,0.0
1304066,HE van der Dussen,4,4,5.0,1.0,0.0
1304066,JC Buttler,13,12,16.0,1.0,1.0
1304066,JO Holder,8,14,10.0,2.0,0.0
1304066,K Gowtham,0,2,0.0,0.0,0.0
1304066,KH Pandya,22,15,24.0,2.0,0.0
1304066,KL Rahul,0,1,0.0,0.0,0.0
1304066,MP Stoinis,38,18,48.0,2.0,4.0
1304066,PVD Chameera,13,9,15.0,2.0,0.0
1304066,Q de Kock,39,32,43.0,2.0,1.0
1304066,R Ashwin,28,25,32.0,0.0,2.0
1304066,R Parag,8,4,10.0,0.0,1.0
1304066,SO Hetmyer,59,36,72.0,1.0,6.0
1304066,SV Samson,13,12,15.0,2.0,0.0
1304066,TA Boult,2,1,2.0,0.0,0.0
1304067,A Manohar,35,22,42.0,5.0,1.0
1304067,AK Markram,12,8,13.0,1.0,0.0
1304067,Abhishek Sharma,42,32,48.0,6.0,0.0
1304067,B Sai Sudharsan,11,9,13.0,2.0,0.0
1304067,DA Miller,12,16,12.0,0.0,0.0
1304067,HH Pandya,50,45,56.0,4.0,1.0
1304067,KS Williamson,57,47,67.0,2.0,4.0
1304067,MS Wade,19,21,22.0,3.0,0.0
1304067,N Pooran,34,19,40.0,2.0,2.0
1304067,R Tewatia,6,4,7.0,1.0,0.0
1304067,RA Tripathi,17,12,20.0,1.0,1.0
1304067,Rashid Khan,0,1,0.0,0.0,0.0
1304067,Shubman Gill,7,10,8.0,1.0,0.0
1304068,Akash Deep,0,2,0.0,0.0,0.0
1304068,Anuj Rawat,12,16,13.0,1.0,0.0
1304068,F du Plessis,8,9,8.0,0.0,0.0
1304068,GJ Maxwell,26,11,32.0,2.0,2.0
1304068,JR Hazlewood,7,8,7.0,0.0,0.0
1304068,KD Karthik,34,18,42.0,2.0,3.0
1304068,MM Ali,3,8,3.0,0.0,0.0
1304068,Mohammed Siraj,14,11,17.0,3.0,0.0
1304068,PWH de Silva,7,3,9.0,0.0,1.0
1304068,RA Jadeja,0,1,0.0,0.0,0.0
1304068,RD Gaikwad,17,16,20.0,3.0,0.0
1304068,RV Uthappa,88,53,110.0,4.0,9.0
1304068,S Dube,95,49,116.0,5.0,8.0
1304068,SS Prabhudessai,34,18,41.0,5.0,1.0
1304068,Shahbaz Ahmed,41,30,45.0,4.0,0.0
1304068,V Kohli,1,3,1.0,0.0,0.0
1304069,D Brevis,49,25,63.0,4.0,5.0
1304069,Ishan Kishan,3,7,3.0,0.0,0.0
1304069,JD Unadkat,12,7,14.0,0.0,1.0
1304069,JJ Bumrah,0,2,0.0,0.0,0.0
1304069,JM Bairstow,12,13,13.0,1.0,0.0
1304069,JM Sharma,30,16,36.0,2.0,2.0
1304069,KA Pollard,10,12,11.0,1.0,0.0
1304069,LS Livingstone,2,3,2.0,0.0,0.0
1304069,M Ashwin,0,2,0.0,0.0,0.0
1304069,M Shahrukh Khan,15,8,19.0,0.0,2.0
1304069,MA Agarwal,52,33,62.0,6.0,2.0
1304069,OF Smith,1,1,1.0,0.0,0.0
1304069,RG Sharma,28,17,35.0,3.0,2.0
1304069,S Dhawan,70,53,81.0,5.0,3.0
1304069,SA Yadav,43,30,52.0,1.0,4.0
1304069,TS Mills,0,2,0.0,0.0,0.0
1304069,Tilak Varma,36,21,43.0,3.0,2.0
1304070,A Manohar,43,29,51.0,4.0,2.0
1304070,D Padikkal,0,1,0.0,0.0,0.0
1304070,DA Miller,31,14,38.0,5.0,1.0
1304070,HE van der Dussen,6,11,6.0,0.0,0.0
1304070,HH Pandya,87,54,103.0,8.0,4.0
1304070,JC Buttler,54,24,68.0,8.0,3.0
1304070,JDS Neesham,17,15,18.0,1.0,0.0
1304070,KR Sen,0,3,0.0,0.0,0.0
1304070,M Prasidh Krishna,4,7,4.0,0.0,0.0
1304070,MS Wade,12,6,15.0,3.0,0.0
1304070,R Ashwin,8,8,10.0,0.0,1.0
1304070,R Parag,18,16,21.0,1.0,1.0
1304070,SO Hetmyer,29,18,33.0,2.0,1.0
1304070,SV Samson,11,11,13.0,0.0,1.0
1304070,Shubman Gill,13,14,15.0,2.0,0.0
1304070,V Shankar,2,7,2.0,0.0,0.0
1304070,YS Chahal,5,8,5.0,0.0,0.0
1304071,AD Russell,49,26,61.0,4.0,4.0
1304071,AJ Finch,7,5,9.0,0.0,1.0
1304071,AK Markram,68,36,82.0,6.0,4.0
1304071,Abhishek Sharma,3,10,3.0,0.0,0.0
1304071,Aman Hakim Khan,5,3,6.0,1.0,0.0
1304071,KS Williamson,17,18,20.0,3.0,0.0
1304071,N Pooran,5,9,5.0,0.0,0.0
1304071,N Rana,54,37,64.0,6.0,2.0
1304071,PJ Cummins,3,3,3.0,0.0,0.0
1304071,RA Tripathi,71,38,87.0,4.0,6.0
1304071,SP Jackson,7,7,9.0,0.0,1.0
1304071,SP Narine,6,2,8.0,0.0,1.0
1304071,SS Iyer,28,25,31.0,3.0,0.0
1304071,UT Yadav,1,1,1.0,0.0,0.0
1304071,VR Iyer,6,14,7.0,1.0,0.0
1304072,D Brevis,31,15,39.0,6.0,1.0
1304072,DJ Hooda,15,9,18.0,1.0,1.0
1304072,FA Allen,8,7,9.0,1.0,0.0
1304072,Ishan Kishan,13,17,15.0,2.0,0.0
1304072,JD Unadkat,14,6,18.0,2.0,1.0
1304072,KA Pollard,25,14,30.0,1.0,2.0
1304072,KH Pandya,1,1,1.0,0.0,0.0
1304072,KL Rahul,103,63,122.0,9.0,5.0
1304072,M Ashwin,6,2,8.0,0.0,1.0
1304072,MK Pandey,38,29,44.0,6.0,0.0
1304072,MP Stoinis,10,9,12.0,0.0,1.0
1304072,Q de Kock,24,13,30.0,4.0,1.0
1304072,RG Sharma,6,8,7.0,1.0,0.0
1304072,SA Yadav,37,29,40.0,3.0,0.0
1304072,TS Mills,0,1,0.0,0.0,0.0
1304072,Tilak Varma,26,26,28.0,2.0,0.0
1304073,AR Patel,10,7,11.0,1.0,0.0
1304073,Anuj Rawat,0,1,0.0,0.0,0.0
1304073,DA Warner,66,40,80.0,4.0,5.0
1304073,F du Plessis,8,12,10.0,2.0,0.0
1304073,GJ Maxwell,55,35,66.0,7.0,2.0
1304073,KD Karthik,66,34,81.0,5.0,5.0
1304073,Kuldeep Yadav,10,7,12.0,2.0,0.0
1304073,Lalit Yadav,1,5,1.0,0.0,0.0
1304073,MR Marsh,14,24,14.0,0.0,0.0
1304073,PP Shaw,16,13,19.0,1.0,1.0
1304073,R Powell,0,1,0.0,0.0,0.0
1304073,RR Pant,34,17,41.0,3.0,2.0
1304073,SN Thakur,17,10,21.0,0.0,2.0
1304073,SS Prabhudessai,6,5,7.0,1.0,0.0
1304073,Shahbaz Ahmed,32,25,37.0,3.0,1.0
1304073,V Kohli,12,14,13.0,1.0,0.0
1304074,AK Markram,41,27,47.0,4.0,1.0
1304074,Abhishek Sharma,31,26,36.0,3.0,1.0
1304074,Arshdeep Singh,0,1,0.0,0.0,0.0
1304074,JM Bairstow,12,10,14.0,2.0,0.0
1304074,JM Sharma,11,8,13.0,2.0,0.0
1304074,KS Williamson,3,9,3.0,0.0,0.0
1304074,LS Livingstone,60,38,73.0,5.0,4.0
1304074,M Shahrukh Khan,26,29,31.0,1.0,2.0
1304074,N Pooran,35,32,38.0,1.0,1.0
1304074,OF Smith,13,15,15.0,0.0,1.0
1304074,P Simran Singh,14,11,16.0,2.0,0.0
1304074,RA Tripathi,34,22,40.0,4.0,1.0
1304074,RD Chahar,0,2,0.0,0.0,0.0
1304074,S Dhawan,8,11,9.0,1.0,0.0
1304074,VG Arora,0,1,0.0,0.0,0.0
1304075,A Manohar,12,12,14.0,2.0,0.0
1304075,AS Joseph,0,1,0.0,0.0,0.0
1304075,AT Rayudu,46,31,54.0,4.0,2.0
1304075,DA Miller,94,52,114.0,8.0,6.0
1304075,MM Ali,1,4,1.0,0.0,0.0
1304075,R Tewatia,6,14,6.0,0.0,0.0
1304075,RA Jadeja,22,12,26.0,0.0,2.0
1304075,RD Gaikwad,73,49,88.0,5.0,5.0
1304075,RV Uthappa,3,12,3.0,0.0,0.0
1304075,Rashid Khan,40,21,48.0,2.0,3.0
1304075,S Dube,19,17,21.0,2.0,0.0
1304075,Shubman Gill,0,1,0.0,0.0,0.0
1304075,V Shankar,0,2,0.0,0.0,0.0
1304075,WP Saha,11,18,11.0,0.0,0.0
1304076,AD Russell,0,1,0.0,0.0,0.0
1304076,AJ Finch,58,34,71.0,9.0,2.0
1304076,CV Varun,1,1,1.0,0.0,0.0
1304076,D Padikkal,24,18,29.0,3.0,1.0
1304076,JC Buttler,103,62,123.0,10.0,5.0
1304076,KK Nair,3,5,3.0,0.0,0.0
1304076,N Rana,18,11,21.0,1.0,1.0
1304076,PJ Cummins,0,1,0.0,0.0,0.0
1304076,R Ashwin,2,2,2.0,0.0,0.0
1304076,R Parag,5,4,6.0,1.0,0.0
1304076,SO Hetmyer,26,16,32.0,2.0,2.0
1304076,SP Jackson,8,8,8.0,0.0,0.0
1304076,SS Iyer,85,57,100.0,7.0,4.0
1304076,SV Samson,38,20,45.0,3.0,2.0
1304076,Shivam Mavi,0,1,0.0,0.0,0.0
1304076,UT Yadav,21,10,26.0,1.0,2.0
1304076,VR Iyer,6,7,6.0,0.0,0.0
1304077,A Badoni,13,13,15.0,2.0,0.0
1304077,Anuj Rawat,4,6,5.0,1.0,0.0
1304077,DJ Hooda,13,14,14.0,1.0,0.0
1304077,F du Plessis,96,65,111.0,11.0,2.0
1304077,GJ Maxwell,23,11,28.0,3.0,1.0
1304077,HV Patel,0,1,0.0,0.0,0.0
1304077,JO Holder,16,10,20.0,0.0,2.0
1304077,KD Karthik,13,8,15.0,0.0,1.0
1304077,KH Pandya,42,29,51.0,5.0,2.0
1304077,KL Rahul,30,26,35.0,3.0,1.0
1304077,MK Pandey,6,8,7.0,1.0,0.0
1304077,MP Stoinis,24,17,28.0,2.0,1.0
1304077,PVD Chameera,1,4,1.0,0.0,0.0
1304077,Q de Kock,3,5,3.0,0.0,0.0
1304077,Ravi Bishnoi,0,1,0.0,0.0,0.0
1304077,SS Prabhudessai,10,10,12.0,0.0,1.0
1304077,Shahbaz Ahmed,26,25,27.0,1.0,0.0
1304077,V Kohli,0,1,0.0,0.0,0.0
1304078,Arshdeep Singh,9,17,11.0,2.0,0.0
1304078,DA Warner,60,33,72.0,10.0,1.0
1304078,JM Bairstow,9,8,11.0,2.0,0.0
1304078,JM Sharma,32,23,37.0,5.0,0.0
1304078,K Rabada,2,6,2.0,0.0,0.0
1304078,LS Livingstone,2,3,2.0,0.0,0.0
1304078,M Shahrukh Khan,12,20,12.0,0.0,0.0
1304078,MA Agarwal,24,16,28.0,4.0,0.0
1304078,NT Ellis,0,2,0.0,0.0,0.0
1304078,PP Shaw,41,22,50.0,7.0,1.0
1304078,RD Chahar,12,12,15.0,1.0,1.0
1304078,S Dhawan,9,10,10.0,1.0,0.0
1304078,SN Khan,12,14,13.0,1.0,0.0
1304078,VG Arora,2,4,2.0,0.0,0.0
1304079,AT Rayudu,40,37,48.0,2.0,3.0
1304079,D Brevis,4,7,4.0,0.0,0.0
1304079,D Pretorius,22,14,26.0,2.0,1.0
1304079,DJ Bravo,1,1,1.0,0.0,0.0
1304079,DR Sams,5,3,6.0,1.0,0.0
1304079,HR Shokeen,25,25,28.0,3.0,0.0
1304079,Ishan Kishan,0,2,0.0,0.0,0.0
1304079,JD Unadkat,19,9,22.0,1.0,1.0
1304079,KA Pollard,14,10,17.0,1.0,1.0
1304079,MJ Santner,11,11,13.0,2.0,0.0
1304079,MS Dhoni,28,14,33.0,3.0,1.0
1304079,RA Jadeja,3,10,3.0,0.0,0.0
1304079,RD Gaikwad,0,1,0.0,0.0,0.0
1304079,RG Sharma,0,2,0.0,0.0,0.0
1304079,RV Uthappa,30,25,36.0,2.0,2.0
1304079,S Dube,13,14,15.0,0.0,1.0
1304079,SA Yadav,32,21,37.0,3.0,1.0
1304079,Tilak Varma,51,44,58.0,3.0,2.0
1304080,AR Patel,1,4,1.0,0.0,0.0
1304080,D Padikkal,54,35,65.0,7.0,2.0
1304080,DA Warner,28,14,35.0,5.0,1.0
1304080,JC Buttler,116,66,143.0,9.0,9.0
1304080,Kuldeep Yadav,0,3,0.0,0.0,0.0
1304080,Lalit Yadav,37,25,44.0,3.0,2.0
1304080,PP Shaw,37,30,44.0,5.0,1.0
1304080,R Powell,36,16,46.0,0.0,5.0
1304080,RR Pant,44,26,52.0,4.0,2.0
1304080,SN Khan,1,3,1.0,0.0,0.0
1304080,SN Thakur,10,7,12.0,0.0,1.0
1304080,SO Hetmyer,1,1,1.0,0.0,0.0
1304080,SV Samson,46,22,57.0,5.0,3.0
1304081,A Manohar,2,5,2.0,0.0,0.0
1304081,AD Russell,48,25,61.0,1.0,6.0
1304081,AS Joseph,1,1,1.0,0.0,0.0
1304081,DA Miller,27,20,32.0,1.0,2.0
1304081,HH Pandya,67,53,75.0,4.0,2.0
1304081,LH Ferguson,0,1,0.0,0.0,0.0
1304081,N Rana,2,7,2.0,0.0,0.0
1304081,R Tewatia,17,13,19.0,2.0,0.0
1304081,RK Singh,35,29,41.0,4.0,1.0
1304081,Rashid Khan,0,2,0.0,0.0,0.0
1304081,SP Narine,5,5,6.0,1.0,0.0
1304081,SS Iyer,12,16,15.0,1.0,1.0
1304081,SW Billings,4,5,5.0,1.0,0.0
1304081,Shivam Mavi,2,4,2.0,0.0,0.0
1304081,Shubman Gill,7,5,8.0,1.0,0.0
1304081,TG Southee,1,1,1.0,0.0,0.0
1304081,UT Yadav,15,15,18.0,1.0,1.0
1304081,VR Iyer,17,19,19.0,2.0,0.0
1304081,WP Saha,25,26,29.0,2.0,1.0
1304081,Yash Dayal,0,1,0.0,0.0,0.0
1304082,Abhishek Sharma,47,28,57.0,8.0,1.0
1304082,Anuj Rawat,0,2,0.0,0.0,0.0
1304082,F du Plessis,5,7,6.0,1.0,0.0
1304082,GJ Maxwell,12,13,14.0,2.0,0.0
1304082,HV Patel,4,9,4.0,0.0,0.0
1304082,JR Hazlewood,3,11,3.0,0.0,0.0
1304082,KD Karthik,0,3,0.0,0.0,0.0
1304082,KS Williamson,16,18,18.0,2.0,0.0
1304082,Mohammed Siraj,2,4,2.0,0.0,0.0
1304082,PWH de Silva,8,20,9.0,1.0,0.0
1304082,RA Tripathi,7,3,9.0,0.0,1.0
1304082,SS Prabhudessai,15,22,16.0,1.0,0.0
1304082,Shahbaz Ahmed,7,13,8.0,1.0,0.0
1304082,V Kohli,0,1,0.0,0.0,0.0
1304083,A Badoni,14,11,16.0,0.0,1.0
1304083,D Brevis,3,5,3.0,0.0,0.0
1304083,DJ Hooda,10,9,11.0,1.0,0.0
1304083,DR Sams,3,8,3.0,0.0,0.0
1304083,Ishan Kishan,8,21,8.0,0.0,0.0
1304083,JD Unadkat,1,1,1.0,0.0,0.0
1304083,JJ Bumrah,0,2,0.0,0.0,0.0
1304083,JO Holder,0,2,0.0,0.0,0.0
1304083,KA Pollard,19,22,21.0,0.0,1.0
1304083,KH Pandya,1,2,1.0,0.0,0.0
1304083,KL Rahul,103,67,123.0,12.0,4.0
1304083,MK Pandey,22,22,24.0,0.0,1.0
1304083,MP Stoinis,0,3,0.0,0.0,0.0
1304083,Q de Kock,10,9,12.0,0.0,1.0
1304083,RG Sharma,39,32,46.0,5.0,1.0
1304083,SA Yadav,7,7,8.0,1.0,0.0
1304083,Tilak Varma,38,30,44.0,2.0,2.0
1304084,AT Rayudu,78,40,97.0,7.0,6.0
1304084,D Pretorius,1,1,1.0,0.0,0.0
1304084,JM Bairstow,6,3,7.0,1.0,0.0
1304084,LS Livingstone,19,8,24.0,1.0,2.0
1304084,MA Agarwal,18,23,20.0,2.0,0.0
1304084,MJ Santner,9,16,10.0,1.0,0.0
1304084,MS Dhoni,12,9,15.0,1.0,1.0
1304084,PBB Rajapaksa,42,35,48.0,2.0,2.0
1304084,RA Jadeja,21,17,24.0,1.0,1.0
1304084,RD Gaikwad,30,28,34.0,4.0,0.0
1304084,RV Uthappa,1,7,1.0,0.0,0.0
1304084,S Dhawan,88,64,101.0,9.0,2.0
1304084,S Dube,8,8,9.0,1.0,0.0
1304085,D Padikkal,7,8,9.0,0.0,1.0
1304085,DJ Mitchell,16,25,16.0,0.0,0.0
1304085,F du Plessis,23,21,28.0,3.0,1.0
1304085,GJ Maxwell,0,1,0.0,0.0,0.0
1304085,HV Patel,8,12,10.0,0.0,1.0
1304085,JC Buttler,8,9,9.0,1.0,0.0
1304085,JR Hazlewood,0,2,0.0,0.0,0.0
1304085,KD Karthik,6,4,7.0,1.0,0.0
1304085,M Prasidh Krishna,2,5,2.0,0.0,0.0
1304085,Mohammed Siraj,5,5,6.0,1.0,0.0
1304085,PWH de Silva,18,16,20.0,2.0,0.0
1304085,R Ashwin,17,9,21.0,4.0,0.0
1304085,R Parag,56,31,67.0,3.0,4.0
1304085,RM Patidar,16,17,18.0,0.0,1.0
1304085,SO Hetmyer,3,7,3.0,0.0,0.0
1304085,SS Prabhudessai,2,7,2.0,0.0,0.0
1304085,SV Samson,27,22,34.0,1.0,3.0
1304085,Shahbaz Ahmed,17,27,19.0,0.0,1.0
1304085,TA Boult,5,7,5.0,0.0,0.0
1304085,V Kohli,9,11,11.0,2.0,0.0
1304086,A Manohar,0,2,0.0,0.0,0.0
1304086,AK Markram,56,41,64.0,2.0,3.0
1304086,Abhishek Sharma,65,46,77.0,6.0,3.0
1304086,DA Miller,17,20,18.0,1.0,0.0
1304086,HH Pandya,10,6,12.0,2.0,0.0
1304086,KS Williamson,5,8,6.0,1.0,0.0
1304086,M Jansen,8,5,10.0,0.0,1.0
1304086,N Pooran,3,5,3.0,0.0,0.0
1304086,R Tewatia,40,22,48.0,4.0,2.0
1304086,RA Tripathi,16,10,20.0,2.0,1.0
1304086,Rashid Khan,31,11,39.0,0.0,4.0
1304086,Shashank Singh,25,6,32.0,1.0,3.0
1304086,Shubman Gill,22,25,25.0,1.0,1.0
1304086,WP Saha,68,39,81.0,11.0,1.0
1304086,Washington Sundar,3,5,3.0,0.0,0.0
1304087,AD Russell,0,3,0.0,0.0,0.0
1304087,AJ Finch,3,8,3.0,0.0,0.0
1304087,AR Patel,24,17,28.0,2.0,1.0
1304087,B Indrajith,6,8,6.0,0.0,0.0
1304087,DA Warner,42,27,50.0,8.0,0.0
1304087,Harshit Rana,0,1,0.0,0.0,0.0
1304087,Lalit Yadav,22,29,25.0,1.0,1.0
1304087,MR Marsh,13,7,15.0,2.0,0.0
1304087,N Rana,57,35,68.0,3.0,4.0
1304087,PP Shaw,0,1,0.0,0.0,0.0
1304087,R Powell,33,17,40.0,1.0,3.0
1304087,RK Singh,23,16,26.0,3.0,0.0
1304087,RR Pant,2,5,2.0,0.0,0.0
1304087,SN Thakur,8,14,8.0,0.0,0.0
1304087,SP Narine,0,1,0.0,0.0,0.0
1304087,SS Iyer,42,38,46.0,4.0,0.0
1304087,TG Southee,0,1,0.0,0.0,0.0
1304087,UT Yadav,0,1,0.0,0.0,0.0
1304087,VR Iyer,6,12,6.0,0.0,0.0
1304088,A Badoni,4,4,4.0,0.0,0.0
1304088,Arshdeep Singh,0,3,0.0,0.0,0.0
1304088,Avesh Khan,2,5,2.0,0.0,0.0
1304088,DJ Hooda,34,30,39.0,1.0,2.0
1304088,JM Bairstow,32,30,37.0,5.0,0.0
1304088,JM Sharma,2,6,2.0,0.0,0.0
1304088,JO Holder,11,8,13.0,0.0,1.0
1304088,K Rabada,2,5,2.0,0.0,0.0
1304088,KH Pandya,7,7,8.0,1.0,0.0
1304088,KL Rahul,6,11,7.0,1.0,0.0
1304088,LS Livingstone,18,16,22.0,0.0,2.0
1304088,MA Agarwal,25,17,31.0,2.0,2.0
1304088,MP Stoinis,1,4,1.0,0.0,0.0
1304088,Mohsin Khan,13,6,16.0,1.0,1.0
1304088,PBB Rajapaksa,9,8,10.0,1.0,0.0
1304088,PVD Chameera,17,10,21.0,0.0,2.0
1304088,Q de Kock,46,39,54.0,4.0,2.0
1304088,R Dhawan,21,23,26.0,3.0,1.0
1304088,RD Chahar,4,5,5.0,1.0,0.0
1304088,S Dhawan,5,16,5.0,0.0,0.0
1304089,B Sai Sudharsan,20,14,22.0,2.0,0.0
1304089,DA Miller,39,26,45.0,4.0,1.0
1304089,F du Plessis,0,4,0.0,0.0,0.0
1304089,GJ Maxwell,33,18,40.0,3.0,2.0
1304089,HH Pandya,3,5,3.0,0.0,0.0
1304089,KD Karthik,2,3,2.0,0.0,0.0
1304089,MK Lomror,16,9,20.0,2.0,1.0
1304089,R Tewatia,43,25,52.0,5.0,2.0
1304089,RM Patidar,52,32,61.0,5.0,2.0
1304089,Shahbaz Ahmed,2,2,2.0,0.0,0.0
1304089,Shubman Gill,31,29,36.0,3.0,1.0
1304089,V Kohli,58,54,66.0,6.0,1.0
1304089,WP Saha,29,23,33.0,4.0,0.0
1304090,D Padikkal,15,15,18.0,3.0,0.0
1304090,DJ Mitchell,17,21,18.0,1.0,0.0
1304090,DR Sams,6,1,8.0,0.0,1.0
1304090,Ishan Kishan,26,19,32.0,4.0,1.0
1304090,JC Buttler,67,54,80.0,5.0,4.0
1304090,KA Pollard,10,15,10.0,0.0,0.0
1304090,R Ashwin,21,10,26.0,3.0,1.0
1304090,R Parag,3,3,3.0,0.0,0.0
1304090,RG Sharma,2,5,2.0,0.0,0.0
1304090,SA Yadav,51,39,60.0,5.0,2.0
1304090,SO Hetmyer,6,16,6.0,0.0,0.0
1304090,SV Samson,16,7,20.0,0.0,2.0
1304090,TA Boult,1,1,1.0,0.0,0.0
1304090,TH David,20,10,24.0,2.0,1.0
1304090,Tilak Varma,35,31,40.0,1.0,2.0
1304091,AR Patel,42,25,49.0,1.0,3.0
1304091,DA Warner,3,4,3.0,0.0,0.0
1304091,DJ Hooda,52,36,60.0,6.0,1.0
1304091,KH Pandya,9,9,9.0,0.0,0.0
1304091,KL Rahul,77,56,91.0,4.0,5.0
1304091,Kuldeep Yadav,16,9,19.0,1.0,1.0
1304091,Lalit Yadav,3,4,3.0,0.0,0.0
1304091,MP Stoinis,17,18,20.0,1.0,1.0
1304091,MR Marsh,37,20,46.0,3.0,3.0
1304091,PP Shaw,5,7,6.0,1.0,0.0
1304091,Q de Kock,23,13,28.0,3.0,1.0
1304091,R Powell,35,21,42.0,3.0,2.0
1304091,RR Pant,44,31,53.0,7.0,1.0
1304091,SN Thakur,1,2,1.0,0.0,0.0
1304092,AK Markram,17,10,21.0,0.0,2.0
1304092,Abhishek Sharma,39,24,46.0,5.0,1.0
1304092,DP Conway,85,56,101.0,8.0,4.0
1304092,KS Williamson,47,37,53.0,2.0,2.0
1304092,MS Dhoni,8,7,9.0,1.0,0.0
1304092,N Pooran,64,35,79.0,3.0,6.0
1304092,RA Jadeja,1,1,1.0,0.0,0.0
1304092,RA Tripathi,0,1,0.0,0.0,0.0
1304092,RD Gaikwad,99,59,117.0,6.0,6.0
1304092,Shashank Singh,15,14,16.0,1.0,0.0
1304092,Washington Sundar,2,2,2.0,0.0,0.0
1304093,AJ Finch,4,8,4.0,0.0,0.0
1304093,B Indrajith,15,17,17.0,2.0,0.0
1304093,D Padikkal,2,5,2.0,0.0,0.0
1304093,JC Buttler,22,26,25.0,3.0,0.0
1304093,KK Nair,13,13,14.0,1.0,0.0
1304093,N Rana,48,39,55.0,3.0,2.0
1304093,R Ashwin,6,5,6.0,0.0,0.0
1304093,R Parag,19,12,24.0,1.0,2.0
1304093,RK Singh,42,26,50.0,6.0,1.0
1304093,SO Hetmyer,27,16,32.0,1.0,2.0
1304093,SS Iyer,34,34,39.0,3.0,1.0
1304093,SV Samson,54,50,63.0,7.0,1.0
1304094,AS Joseph,4,5,4.0,0.0,0.0
1304094,B Sai Sudharsan,65,54,72.0,5.0,1.0
1304094,DA Miller,11,14,11.0,0.0,0.0
1304094,HH Pandya,1,8,1.0,0.0,0.0
1304094,JM Bairstow,1,6,1.0,0.0,0.0
1304094,LH Ferguson,5,3,6.0,1.0,0.0
1304094,LS Livingstone,30,10,38.0,2.0,3.0
1304094,PBB Rajapaksa,40,29,47.0,5.0,1.0
1304094,PJ Sangwan,2,6,2.0,0.0,0.0
1304094,R Tewatia,11,15,11.0,0.0,0.0
1304094,Rashid Khan,0,1,0.0,0.0,0.0
1304094,S Dhawan,62,55,72.0,8.0,1.0
1304094,Shubman Gill,9,6,11.0,2.0,0.0
1304094,WP Saha,21,17,26.0,3.0,1.0
1304095,AT Rayudu,10,8,12.0,0.0,1.0
1304095,D Pretorius,13,8,16.0,1.0,1.0
1304095,DP Conway,56,37,66.0,6.0,2.0
1304095,F du Plessis,38,23,44.0,4.0,1.0
1304095,GJ Maxwell,3,3,3.0,0.0,0.0
1304095,KD Karthik,26,17,31.0,1.0,2.0
1304095,M Theekshana,7,4,9.0,0.0,1.0
1304095,MK Lomror,42,29,49.0,3.0,2.0
1304095,MM Ali,34,27,40.0,2.0,2.0
1304095,MS Dhoni,2,3,2.0,0.0,0.0
1304095,PWH de Silva,0,1,0.0,0.0,0.0
1304095,RA Jadeja,3,5,3.0,0.0,0.0
1304095,RD Gaikwad,28,23,33.0,3.0,1.0
1304095,RM Patidar,21,17,24.0,1.0,1.0
1304095,RV Uthappa,1,3,1.0,0.0,0.0
1304095,Shahbaz Ahmed,1,2,1.0,0.0,0.0
1304095,Simarjeet Singh,2,2,2.0,0.0,0.0
1304095,V Kohli,30,35,35.0,3.0,1.0
1304096,AK Markram,42,26,52.0,4.0,3.0
1304096,Abhishek Sharma,7,7,8.0,1.0,0.0
1304096,B Kumar,5,3,6.0,1.0,0.0
1304096,DA Warner,92,63,110.0,12.0,3.0
1304096,KS Williamson,4,11,5.0,1.0,0.0
1304096,Kartik Tyagi,7,5,8.0,1.0,0.0
1304096,MR Marsh,10,7,12.0,2.0,0.0
1304096,Mandeep Singh,0,5,0.0,0.0,0.0
1304096,N Pooran,62,38,76.0,2.0,6.0
1304096,R Powell,67,36,82.0,3.0,6.0
1304096,RA Tripathi,22,18,26.0,2.0,1.0
1304096,RR Pant,26,16,33.0,1.0,3.0
1304096,S Gopal,9,7,11.0,2.0,0.0
1304096,SA Abbott,7,5,9.0,0.0,1.0
1304096,Shashank Singh,10,6,12.0,2.0,0.0
1304097,B Sai Sudharsan,14,11,17.0,1.0,1.0
1304097,DA Miller,19,14,22.0,1.0,1.0
1304097,DR Sams,0,2,0.0,0.0,0.0
1304097,HH Pandya,24,14,28.0,4.0,0.0
1304097,Ishan Kishan,45,30,52.0,5.0,1.0
1304097,KA Pollard,4,15,4.0,0.0,0.0
1304097,R Tewatia,3,4,3.0,0.0,0.0
1304097,RG Sharma,43,29,52.0,5.0,2.0
1304097,Rashid Khan,1,1,1.0,0.0,0.0
1304097,SA Yadav,13,11,15.0,0.0,1.0
1304097,Shubman Gill,52,36,62.0,6.0,2.0
1304097,TH David,44,22,54.0,2.0,4.0
1304097,Tilak Varma,21,16,23.0,2.0,0.0
1304097,WP Saha,55,41,65.0,6.0,2.0
1304098,D Padikkal,31,35,34.0,3.0,0.0
1304098,JC Buttler,30,16,37.0,5.0,1.0
1304098,JM Bairstow,56,42,66.0,8.0,1.0
1304098,JM Sharma,38,20,46.0,4.0,2.0
1304098,LS Livingstone,22,17,27.0,1.0,2.0
1304098,MA Agarwal,15,14,17.0,2.0,0.0
1304098,PBB Rajapaksa,27,18,33.0,2.0,2.0
1304098,R Dhawan,5,2,6.0,1.0,0.0
1304098,R Parag,0,1,0.0,0.0,0.0
1304098,S Dhawan,12,18,14.0,2.0,0.0
1304098,SO Hetmyer,31,18,38.0,3.0,2.0
1304098,SV Samson,23,12,27.0,4.0,0.0
1304098,YBK Jaiswal,68,42,81.0,9.0,2.0
1304099,A Badoni,15,19,15.0,0.0,0.0
1304099,AD Russell,45,19,58.0,3.0,5.0
1304099,AJ Finch,14,15,15.0,1.0,0.0
1304099,AS Roy,0,2,0.0,0.0,0.0
1304099,B Indrajith,0,6,0.0,0.0,0.0
1304099,DJ Hooda,41,27,49.0,4.0,2.0
1304099,Harshit Rana,2,1,2.0,0.0,0.0
1304099,JO Holder,13,4,17.0,0.0,2.0
1304099,KH Pandya,25,27,27.0,2.0,0.0
1304099,MP Stoinis,28,15,35.0,1.0,3.0
1304099,N Rana,2,11,2.0,0.0,0.0
1304099,PVD Chameera,0,1,0.0,0.0,0.0
1304099,Q de Kock,50,29,60.0,4.0,3.0
1304099,RK Singh,6,10,6.0,0.0,0.0
1304099,SP Narine,22,12,27.0,3.0,1.0
1304099,SS Iyer,6,9,7.0,1.0,0.0
1304099,Shivam Mavi,1,3,1.0,0.0,0.0
1304099,TG Southee,0,1,0.0,0.0,0.0
1304100,AK Markram,21,27,24.0,1.0,1.0
1304100,Abhishek Sharma,0,3,0.0,0.0,0.0
1304100,B Kumar,8,10,9.0,1.0,0.0
1304100,F du Plessis,73,52,85.0,8.0,2.0
1304100,Fazalhaq Farooqi,2,8,2.0,0.0,0.0
1304100,GJ Maxwell,33,25,40.0,3.0,2.0
1304100,J Suchith,2,7,2.0,0.0,0.0
1304100,KD Karthik,30,8,39.0,1.0,4.0
1304100,Kartik Tyagi,0,1,0.0,0.0,0.0
1304100,N Pooran,19,14,23.0,2.0,1.0
1304100,RA Tripathi,58,40,68.0,6.0,2.0
1304100,RM Patidar,48,40,56.0,4.0,2.0
1304100,Shashank Singh,8,9,10.0,0.0,1.0
1304100,Umran Malik,0,1,0.0,0.0,0.0
1304100,V Kohli,0,1,0.0,0.0,0.0
1304101,A Nortje,1,7,1.0,0.0,0.0
1304101,AR Patel,1,3,1.0,0.0,0.0
1304101,AT Rayudu,5,7,6.0,1.0,0.0
1304101,DA Warner,19,12,24.0,1.0,2.0
1304101,DJ Bravo,1,1,1.0,0.0,0.0
1304101,DP Conway,87,51,105.0,8.0,5.0
1304101,KK Ahmed,0,1,0.0,0.0,0.0
1304101,KS Bharat,8,5,10.0,2.0,0.0
1304101,Kuldeep Yadav,5,18,5.0,0.0,0.0
1304101,MM Ali,9,4,11.0,2.0,0.0
1304101,MR Marsh,25,20,30.0,3.0,1.0
1304101,MS Dhoni,21,10,26.0,1.0,2.0
1304101,R Powell,3,9,3.0,0.0,0.0
1304101,RD Gaikwad,41,35,47.0,4.0,1.0
1304101,RR Pant,21,11,25.0,4.0,0.0
1304101,RV Patel,6,3,8.0,0.0,1.0
1304101,RV Uthappa,0,1,0.0,0.0,0.0
1304101,S Dube,32,22,38.0,2.0,2.0
1304101,SN Thakur,24,19,28.0,2.0,1.0
1304102,AD Russell,9,5,11.0,0.0,1.0
1304102,AM Rahane,25,25,28.0,3.0,0.0
1304102,DR Sams,1,2,1.0,0.0,0.0
1304102,Ishan Kishan,51,43,58.0,5.0,1.0
1304102,K Kartikeya,3,6,3.0,0.0,0.0
1304102,KA Pollard,15,16,17.0,0.0,1.0
1304102,M Ashwin,0,2,0.0,0.0,0.0
1304102,N Rana,43,28,54.0,3.0,4.0
1304102,PJ Cummins,0,2,0.0,0.0,0.0
1304102,RG Sharma,2,6,2.0,0.0,0.0
1304102,RK Singh,23,20,27.0,2.0,1.0
1304102,RP Meredith,0,1,0.0,0.0,0.0
1304102,Ramandeep Singh,12,17,12.0,0.0,0.0
1304102,SP Jackson,5,7,5.0,0.0,0.0
1304102,SP Narine,0,1,0.0,0.0,0.0
1304102,SS Iyer,6,8,7.0,1.0,0.0
1304102,TG Southee,0,4,0.0,0.0,0.0
1304102,TH David,13,9,16.0,3.0,0.0
1304102,Tilak Varma,6,5,7.0,1.0,0.0
1304102,VR Iyer,43,26,54.0,3.0,4.0
1304103,A Badoni,8,12,9.0,1.0,0.0
1304103,Avesh Khan,12,4,16.0,0.0,2.0
1304103,DA Miller,26,26,29.0,1.0,1.0
1304103,DJ Hooda,27,27,30.0,3.0,0.0
1304103,HH Pandya,11,13,11.0,0.0,0.0
1304103,JO Holder,1,2,1.0,0.0,0.0
1304103,KH Pandya,5,5,6.0,1.0,0.0
1304103,KL Rahul,8,17,9.0,1.0,0.0
1304103,KS Sharma,4,4,5.0,1.0,0.0
1304103,MP Stoinis,2,2,2.0,0.0,0.0
1304103,MS Wade,10,7,12.0,2.0,0.0
1304103,Mohsin Khan,1,3,1.0,0.0,0.0
1304103,Q de Kock,11,10,13.0,0.0,1.0
1304103,R Tewatia,22,19,26.0,4.0,0.0
1304103,Shubman Gill,63,50,70.0,7.0,0.0
1304103,WP Saha,5,11,6.0,1.0,0.0
1304104,D Padikkal,48,31,58.0,6.0,2.0
1304104,DA Warner,52,44,59.0,5.0,1.0
1304104,HE van der Dussen,12,10,13.0,1.0,0.0
1304104,JC Buttler,7,13,8.0,1.0,0.0
1304104,KS Bharat,0,2,0.0,0.0,0.0
1304104,MR Marsh,89,64,108.0,5.0,7.0
1304104,R Ashwin,50,38,58.0,4.0,2.0
1304104,R Parag,9,6,11.0,0.0,1.0
1304104,RR Pant,13,4,17.0,0.0,2.0
1304104,SV Samson,6,4,7.0,1.0,0.0
1304104,TA Boult,3,4,3.0,0.0,0.0
1304104,YBK Jaiswal,19,19,22.0,1.0,1.0
1304105,AT Rayudu,10,14,12.0,2.0,0.0
1304105,DJ Bravo,12,16,14.0,0.0,1.0
1304105,DP Conway,0,1,0.0,0.0,0.0
1304105,DR Sams,1,7,1.0,0.0,0.0
1304105,HR Shokeen,18,23,20.0,2.0,0.0
1304105,Ishan Kishan,6,5,7.0,1.0,0.0
1304105,M Theekshana,0,3,0.0,0.0,0.0
1304105,MM Ali,0,3,0.0,0.0,0.0
1304105,MS Dhoni,36,37,44.0,4.0,2.0
1304105,Mukesh Choudhary,4,4,5.0,1.0,0.0
1304105,RD Gaikwad,7,6,8.0,1.0,0.0
1304105,RG Sharma,18,16,22.0,4.0,0.0
1304105,RV Uthappa,1,8,1.0,0.0,0.0
1304105,S Dube,10,9,11.0,1.0,0.0
1304105,Simarjeet Singh,2,3,2.0,0.0,0.0
1304105,T Stubbs,0,2,0.0,0.0,0.0
1304105,TH David,16,7,20.0,0.0,2.0
1304105,Tilak Varma,34,34,38.0,4.0,0.0
1304106,F du Plessis,10,8,12.0,2.0,0.0
1304106,GJ Maxwell,35,23,40.0,3.0,1.0
1304106,HV Patel,11,8,13.0,2.0,0.0
1304106,Harpreet Brar,7,5,9.0,0.0,1.0
1304106,JM Bairstow,66,30,84.0,4.0,7.0
1304106,JM Sharma,9,5,11.0,2.0,0.0
1304106,JR Hazlewood,7,4,8.0,1.0,0.0
1304106,K Rabada,0,1,0.0,0.0,0.0
1304106,KD Karthik,11,11,12.0,1.0,0.0
1304106,LS Livingstone,70,44,83.0,5.0,4.0
1304106,MA Agarwal,19,16,22.0,3.0,0.0
1304106,MK Lomror,6,3,8.0,0.0,1.0
1304106,Mohammed Siraj,9,13,10.0,1.0,0.0
1304106,PBB Rajapaksa,1,3,1.0,0.0,0.0
1304106,PWH de Silva,1,4,1.0,0.0,0.0
1304106,R Dhawan,7,3,9.0,0.0,1.0
1304106,RD Chahar,2,2,2.0,0.0,0.0
1304106,RM Patidar,26,24,31.0,1.0,2.0
1304106,S Dhawan,21,15,25.0,2.0,1.0
1304106,Shahbaz Ahmed,9,14,9.0,0.0,0.0
1304106,V Kohli,20,16,24.0,2.0,1.0
1304107,AD Russell,49,31,60.0,3.0,4.0
1304107,AK Markram,32,25,38.0,0.0,3.0
1304107,AM Rahane,28,25,34.0,0.0,3.0
1304107,Abhishek Sharma,43,28,51.0,4.0,2.0
1304107,B Kumar,6,8,7.0,1.0,0.0
1304107,KS Williamson,9,17,10.0,1.0,0.0
1304107,M Jansen,1,2,1.0,0.0,0.0
1304107,N Pooran,2,4,2.0,0.0,0.0
1304107,N Rana,26,16,33.0,1.0,3.0
1304107,RA Tripathi,9,13,10.0,1.0,0.0
1304107,RK Singh,5,7,5.0,0.0,0.0
1304107,SP Narine,1,2,1.0,0.0,0.0
1304107,SS Iyer,15,9,17.0,2.0,0.0
1304107,SW Billings,34,31,39.0,3.0,1.0
1304107,Shashank Singh,11,12,12.0,1.0,0.0
1304107,Umran Malik,3,5,3.0,0.0,0.0
1304107,VR Iyer,7,7,8.0,1.0,0.0
1304107,Washington Sundar,4,9,4.0,0.0,0.0
1304108,DA Miller,15,21,16.0,1.0,0.0
1304108,DP Conway,5,9,5.0,0.0,0.0
1304108,HH Pandya,7,6,8.0,1.0,0.0
1304108,MJ Santner,1,1,1.0,0.0,0.0
1304108,MM Ali,21,18,25.0,0.0,2.0
1304108,MS Dhoni,7,10,7.0,0.0,0.0
1304108,MS Wade,20,16,22.0,2.0,0.0
1304108,N Jagadeesan,39,36,44.0,3.0,1.0
1304108,RD Gaikwad,53,49,59.0,4.0,1.0
1304108,S Dube,0,2,0.0,0.0,0.0
1304108,Shubman Gill,18,17,21.0,3.0,0.0
1304108,WP Saha,67,59,77.0,8.0,1.0
1304109,A Badoni,0,1,0.0,0.0,0.0
1304109,Avesh Khan,1,2,1.0,0.0,0.0
1304109,D Padikkal,39,18,48.0,5.0,2.0
1304109,DJ Hooda,59,41,68.0,5.0,2.0
1304109,JC Buttler,2,6,2.0,0.0,0.0
1304109,JDS Neesham,14,12,16.0,2.0,0.0
1304109,JO Holder,1,3,1.0,0.0,0.0
1304109,KH Pandya,25,23,28.0,1.0,1.0
1304109,KL Rahul,10,19,12.0,0.0,1.0
1304109,MP Stoinis,27,18,32.0,1.0,2.0
1304109,Mohsin Khan,9,10,10.0,1.0,0.0
1304109,PVD Chameera,0,2,0.0,0.0,0.0
1304109,Q de Kock,7,9,8.0,1.0,0.0
1304109,R Ashwin,10,8,11.0,1.0,0.0
1304109,R Parag,19,16,21.0,0.0,1.0
1304109,SV Samson,32,25,38.0,6.0,0.0
1304109,TA Boult,17,9,19.0,2.0,0.0
1304109,YBK Jaiswal,41,29,49.0,6.0,1.0
1304110,AR Patel,17,21,19.0,2.0,0.0
1304110,Arshdeep Singh,2,3,2.0,0.0,0.0
1304110,DA Warner,0,1,0.0,0.0,0.0
1304110,Harpreet Brar,1,2,1.0,0.0,0.0
1304110,JM Bairstow,28,15,34.0,4.0,1.0
1304110,JM Sharma,44,35,51.0,3.0,2.0
1304110,K Rabada,6,4,8.0,0.0,1.0
1304110,Kuldeep Yadav,2,2,2.0,0.0,0.0
1304110,LS Livingstone,3,5,3.0,0.0,0.0
1304110,Lalit Yadav,24,21,27.0,1.0,1.0
1304110,MA Agarwal,0,2,0.0,0.0,0.0
1304110,MR Marsh,63,49,73.0,4.0,3.0
1304110,PBB Rajapaksa,4,6,5.0,1.0,0.0
1304110,R Dhawan,4,13,4.0,0.0,0.0
1304110,R Powell,2,6,2.0,0.0,0.0
1304110,RD Chahar,25,25,29.0,2.0,1.0
1304110,RR Pant,7,3,9.0,0.0,1.0
1304110,S Dhawan,19,16,22.0,3.0,0.0
1304110,SN Khan,32,16,39.0,5.0,1.0
1304110,SN Thakur,3,4,3.0,0.0,0.0
1304111,AK Markram,2,4,2.0,0.0,0.0
1304111,Abhishek Sharma,9,10,10.0,1.0,0.0
1304111,DR Sams,15,12,17.0,0.0,1.0
1304111,Ishan Kishan,43,35,50.0,5.0,1.0
1304111,JJ Bumrah,0,4,0.0,0.0,0.0
1304111,KS Williamson,8,7,9.0,1.0,0.0
1304111,N Pooran,38,22,46.0,2.0,3.0
1304111,PK Garg,42,26,50.0,4.0,2.0
1304111,R Sanjay Yadav,0,2,0.0,0.0,0.0
1304111,RA Tripathi,76,47,91.0,9.0,3.0
1304111,RG Sharma,48,38,58.0,2.0,4.0
1304111,Ramandeep Singh,14,7,17.0,1.0,1.0
1304111,T Stubbs,2,2,2.0,0.0,0.0
1304111,TH David,46,20,57.0,3.0,4.0
1304111,Tilak Varma,8,10,9.0,1.0,0.0
1304111,Washington Sundar,9,9,9.0,0.0,0.0
1304112,A Tomar,4,8,5.0,1.0,0.0
1304112,AD Russell,5,11,5.0,0.0,0.0
1304112,KL Rahul,68,51,79.0,3.0,4.0
1304112,N Rana,42,23,51.0,9.0,0.0
1304112,Q de Kock,140,71,170.0,10.0,10.0
1304112,RK Singh,40,17,50.0,2.0,4.0
1304112,SP Narine,21,7,27.0,0.0,3.0
1304112,SS Iyer,50,30,60.0,4.0,3.0
1304112,SW Billings,36,26,44.0,2.0,3.0
1304112,UT Yadav,0,1,0.0,0.0,0.0
1304112,VR Iyer,0,4,0.0,0.0,0.0
1304113,DA Miller,34,26,40.0,0.0,3.0
1304113,F du Plessis,44,38,49.0,5.0,0.0
1304113,GJ Maxwell,40,19,49.0,5.0,2.0
1304113,HH Pandya,62,47,72.0,4.0,3.0
1304113,KD Karthik,2,2,2.0,0.0,0.0
1304113,MS Wade,16,13,20.0,2.0,1.0
1304113,R Tewatia,2,3,2.0,0.0,0.0
1304113,Rashid Khan,19,6,24.0,1.0,2.0
1304113,Shubman Gill,1,4,1.0,0.0,0.0
1304113,V Kohli,73,56,85.0,8.0,2.0
1304113,WP Saha,31,23,37.0,4.0,1.0
1304114,AT Rayudu,3,7,3.0,0.0,0.0
1304114,D Padikkal,3,9,3.0,0.0,0.0
1304114,DP Conway,16,14,19.0,1.0,1.0
1304114,JC Buttler,2,5,2.0,0.0,0.0
1304114,MJ Santner,1,2,1.0,0.0,0.0
1304114,MM Ali,93,60,112.0,13.0,3.0
1304114,MS Dhoni,26,29,29.0,1.0,1.0
1304114,N Jagadeesan,1,4,1.0,0.0,0.0
1304114,R Ashwin,40,23,48.0,2.0,3.0
1304114,R Parag,10,12,11.0,1.0,0.0
1304114,RD Gaikwad,2,6,2.0,0.0,0.0
1304114,SO Hetmyer,6,7,7.0,1.0,0.0
1304114,SV Samson,15,20,17.0,2.0,0.0
1304114,Simarjeet Singh,3,3,3.0,0.0,0.0
1304114,YBK Jaiswal,59,46,69.0,8.0,1.0
1304115,AR Patel,19,10,23.0,0.0,2.0
1304115,D Brevis,37,34,44.0,1.0,3.0
1304115,DA Warner,5,6,6.0,1.0,0.0
1304115,DR Sams,0,1,0.0,0.0,0.0
1304115,Ishan Kishan,48,35,59.0,3.0,4.0
1304115,Kuldeep Yadav,1,1,1.0,0.0,0.0
1304115,MR Marsh,0,1,0.0,0.0,0.0
1304115,PP Shaw,24,23,28.0,2.0,1.0
1304115,R Powell,43,38,52.0,1.0,4.0
1304115,RG Sharma,2,14,2.0,0.0,0.0
1304115,RR Pant,39,36,45.0,4.0,1.0
1304115,Ramandeep Singh,13,6,15.0,2.0,0.0
1304115,SN Khan,10,7,12.0,0.0,1.0
1304115,SN Thakur,4,6,4.0,0.0,0.0
1304115,TH David,34,12,44.0,2.0,4.0
1304115,Tilak Varma,21,17,24.0,1.0,1.0
1304116,AK Markram,21,17,23.0,2.0,0.0
1304116,Abhishek Sharma,43,32,52.0,5.0,2.0
1304116,B Kumar,1,1,1.0,0.0,0.0
1304116,J Suchith,0,1,0.0,0.0,0.0
1304116,JM Bairstow,23,15,28.0,5.0,0.0
1304116,JM Sharma,19,7,24.0,3.0,1.0
1304116,LS Livingstone,49,24,61.0,2.0,5.0
1304116,M Shahrukh Khan,19,10,23.0,2.0,1.0
1304116,MA Agarwal,1,4,1.0,0.0,0.0
1304116,N Pooran,5,11,5.0,0.0,0.0
1304116,PK Garg,4,7,4.0,0.0,0.0
1304116,PN Mankad,4,1,5.0,1.0,0.0
1304116,R Shepherd,26,15,32.0,2.0,2.0
1304116,RA Tripathi,20,19,23.0,1.0,1.0
1304116,S Dhawan,39,34,45.0,2.0,2.0
1304116,Umran Malik,0,1,0.0,0.0,0.0
1304116,Washington Sundar,25,21,30.0,3.0,1.0
1312197,D Padikkal,28,21,34.0,2.0,2.0
1312197,DA Miller,68,38,81.0,3.0,5.0
1312197,HH Pandya,40,31,45.0,5.0,0.0
1312197,JC Buttler,89,60,105.0,12.0,2.0
1312197,MS Wade,35,32,41.0,6.0,0.0
1312197,R Ashwin,2,2,2.0,0.0,0.0
1312197,R Parag,4,3,4.0,0.0,0.0
1312197,SO Hetmyer,4,7,4.0,0.0,0.0
1312197,SV Samson,47,26,58.0,5.0,3.0
1312197,Shubman Gill,35,22,42.0,5.0,1.0
1312197,WP Saha,0,2,0.0,0.0,0.0
1312197,YBK Jaiswal,3,8,3.0,0.0,0.0
1312198,DJ Hooda,45,28,54.0,1.0,4.0
1312198,E Lewis,2,8,2.0,0.0,0.0
1312198,F du Plessis,0,1,0.0,0.0,0.0
1312198,GJ Maxwell,9,10,11.0,0.0,1.0
1312198,KD Karthik,37,25,44.0,5.0,1.0
1312198,KH Pandya,0,1,0.0,0.0,0.0
1312198,KL Rahul,79,59,92.0,3.0,5.0
1312198,M Vohra,19,12,24.0,1.0,2.0
1312198,MK Lomror,14,9,16.0,2.0,0.0
1312198,MP Stoinis,9,12,11.0,0.0,1.0
1312198,PVD Chameera,11,5,14.0,1.0,1.0
1312198,Q de Kock,6,5,8.0,0.0,1.0
1312198,RM Patidar,112,55,138.0,12.0,7.0
1312198,V Kohli,25,26,27.0,2.0,0.0
1312199,D Padikkal,9,12,9.0,0.0,0.0
1312199,F du Plessis,25,27,28.0,3.0,0.0
1312199,GJ Maxwell,24,13,29.0,1.0,2.0
1312199,HV Patel,1,2,1.0,0.0,0.0
1312199,JC Buttler,106,60,128.0,10.0,6.0
1312199,JR Hazlewood,1,2,1.0,0.0,0.0
1312199,KD Karthik,6,7,6.0,0.0,0.0
1312199,MK Lomror,8,10,8.0,0.0,0.0
1312199,PWH de Silva,0,1,0.0,0.0,0.0
1312199,RM Patidar,58,47,68.0,4.0,3.0
1312199,SO Hetmyer,2,3,2.0,0.0,0.0
1312199,SV Samson,23,21,28.0,1.0,2.0
1312199,Shahbaz Ahmed,12,10,15.0,1.0,1.0
1312199,V Kohli,7,8,9.0,0.0,1.0
1312199,YBK Jaiswal,21,13,26.0,1.0,2.0
1312200,D Padikkal,2,10,2.0,0.0,0.0
1312200,DA Miller,32,20,37.0,3.0,1.0
1312200,HH Pandya,34,32,39.0,3.0,1.0
1312200,JC Buttler,39,35,44.0,5.0,0.0
1312200,MS Wade,8,11,10.0,0.0,1.0
1312200,OC McCoy,8,5,10.0,0.0,1.0
1312200,R Ashwin,6,9,6.0,0.0,0.0
1312200,R Parag,15,15,16.0,1.0,0.0
1312200,SO Hetmyer,11,12,13.0,2.0,0.0
1312200,SV Samson,14,11,16.0,2.0,0.0
1312200,Shubman Gill,45,43,50.0,3.0,1.0
1312200,TA Boult,11,7,13.0,0.0,1.0
1312200,WP Saha,5,7,6.0,1.0,0.0
1312200,YBK Jaiswal,22,16,27.0,1.0,2.0
1359475,AT Rayudu,12,12,14.0,0.0,1.0
1359475,B Sai Sudharsan,22,17,25.0,3.0,0.0
1359475,BA Stokes,7,6,8.0,1.0,0.0
1359475,DP Conway,1,6,1.0,0.0,0.0
1359475,HH Pandya,8,11,8.0,0.0,0.0
1359475,MJ Santner,1,3,1.0,0.0,0.0
1359475,MM Ali,23,17,29.0,4.0,1.0
1359475,MS Dhoni,14,7,17.0,1.0,1.0
1359475,R Tewatia,15,15,18.0,1.0,1.0
1359475,RA Jadeja,1,2,1.0,0.0,0.0
1359475,RD Gaikwad,92,50,114.0,4.0,9.0
1359475,Rashid Khan,10,3,13.0,1.0,1.0
1359475,S Dube,19,18,21.0,0.0,1.0
1359475,Shubman Gill,63,36,75.0,6.0,3.0
1359475,V Shankar,27,23,31.0,2.0,1.0
1359475,WP Saha,25,17,31.0,2.0,2.0
1359476,AD Russell,35,19,42.0,3.0,2.0
1359476,AS Roy,4,5,5.0,1.0,0.0
1359476,JM Sharma,21,11,26.0,1.0,2.0
1359476,M Shahrukh Khan,11,7,13.0,2.0,0.0
1359476,Mandeep Singh,2,4,2.0,0.0,0.0
1359476,N Rana,24,17,29.0,3.0,1.0
1359476,P Simran Singh,23,12,29.0,2.0,2.0
1359476,PBB Rajapaksa,50,32,59.0,5.0,2.0
1359476,RK Singh,4,4,4.0,0.0,0.0
1359476,Rahmanullah Gurbaz,22,16,27.0,3.0,1.0
1359476,S Dhawan,40,30,46.0,6.0,0.0
1359476,SM Curran,26,18,30.0,0.0,2.0
1359476,SN Thakur,8,3,10.0,0.0,1.0
1359476,SP Narine,7,2,9.0,0.0,1.0
1359476,Sikandar Raza,16,13,19.0,1.0,1.0
1359476,VR Iyer,34,29,39.0,3.0,1.0
1359477,A Badoni,18,9,23.0,1.0,2.0
1359477,AR Patel,16,11,19.0,1.0,1.0
1359477,Aman Hakim Khan,4,5,4.0,0.0,0.0
1359477,C Sakariya,4,4,5.0,1.0,0.0
1359477,DA Warner,56,51,63.0,7.0,0.0
1359477,DJ Hooda,17,18,17.0,0.0,0.0
1359477,K Gowtham,6,1,8.0,0.0,1.0
1359477,KH Pandya,15,14,17.0,0.0,1.0
1359477,KL Rahul,8,12,10.0,0.0,1.0
1359477,KR Mayers,73,38,89.0,2.0,7.0
1359477,Kuldeep Yadav,6,11,6.0,0.0,0.0
1359477,MP Stoinis,12,10,14.0,0.0,1.0
1359477,MR Marsh,0,1,0.0,0.0,0.0
1359477,Mukesh Kumar,0,1,0.0,0.0,0.0
1359477,N Pooran,36,23,44.0,2.0,3.0
1359477,PP Shaw,12,10,14.0,2.0,0.0
1359477,R Powell,1,3,1.0,0.0,0.0
1359477,RR Rossouw,30,20,35.0,3.0,1.0
1359477,SN Khan,4,9,5.0,1.0,0.0
1359478,AU Rashid,18,14,21.0,1.0,1.0
1359478,Abdul Samad,32,33,36.0,2.0,1.0
1359478,Abhishek Sharma,0,3,0.0,0.0,0.0
1359478,B Kumar,6,10,6.0,0.0,0.0
1359478,D Padikkal,2,5,2.0,0.0,0.0
1359478,GD Phillips,8,6,10.0,0.0,1.0
1359478,HC Brook,13,21,14.0,1.0,0.0
1359478,JC Buttler,54,22,67.0,7.0,3.0
1359478,MA Agarwal,27,24,30.0,3.0,0.0
1359478,R Ashwin,1,2,1.0,0.0,0.0
1359478,R Parag,7,6,8.0,1.0,0.0
1359478,RA Tripathi,0,2,0.0,0.0,0.0
1359478,SO Hetmyer,22,16,25.0,1.0,1.0
1359478,SV Samson,55,33,66.0,3.0,4.0
1359478,Umran Malik,19,8,24.0,1.0,2.0
1359478,Washington Sundar,1,5,1.0,0.0,0.0
1359478,YBK Jaiswal,54,38,63.0,9.0,0.0
1359479,Arshad Khan,15,9,17.0,0.0,1.0
1359479,C Green,5,4,6.0,1.0,0.0
1359479,F du Plessis,73,43,90.0,5.0,6.0
1359479,GJ Maxwell,12,3,16.0,0.0,2.0
1359479,HR Shokeen,5,3,6.0,1.0,0.0
1359479,Ishan Kishan,10,13,12.0,2.0,0.0
1359479,KD Karthik,0,3,0.0,0.0,0.0
1359479,N Wadhera,21,13,26.0,1.0,2.0
1359479,RG Sharma,1,10,1.0,0.0,0.0
1359479,SA Yadav,15,17,16.0,1.0,0.0
1359479,TH David,4,8,4.0,0.0,0.0
1359479,Tilak Varma,84,53,101.0,9.0,4.0
1359479,V Kohli,82,53,98.0,6.0,5.0
1359480,A Badoni,23,19,23.0,0.0,0.0
1359480,AT Rayudu,27,14,33.0,2.0,2.0
1359480,BA Stokes,8,9,9.0,1.0,0.0
1359480,DJ Hooda,2,6,2.0,0.0,0.0
1359480,DP Conway,47,30,56.0,5.0,2.0
1359480,K Gowtham,17,18,19.0,0.0,1.0
1359480,KH Pandya,9,9,11.0,0.0,1.0
1359480,KL Rahul,20,18,22.0,2.0,0.0
1359480,KR Mayers,53,27,65.0,8.0,2.0
1359480,MA Wood,10,3,13.0,1.0,1.0
1359480,MJ Santner,1,1,1.0,0.0,0.0
1359480,MM Ali,19,13,22.0,3.0,0.0
1359480,MP Stoinis,21,18,23.0,0.0,1.0
1359480,MS Dhoni,12,3,16.0,0.0,2.0
1359480,N Pooran,32,18,40.0,2.0,3.0
1359480,RA Jadeja,3,6,3.0,0.0,0.0
1359480,RD Gaikwad,57,32,68.0,3.0,4.0
1359480,S Dube,27,16,34.0,1.0,3.0
1359481,A Nortje,4,2,5.0,1.0,0.0
1359481,AR Patel,36,22,44.0,2.0,3.0
1359481,Abishek Porel,20,11,24.0,0.0,2.0
1359481,Aman Hakim Khan,8,8,10.0,0.0,1.0
1359481,B Sai Sudharsan,62,49,70.0,4.0,2.0
1359481,DA Miller,31,18,37.0,2.0,2.0
1359481,DA Warner,37,36,44.0,7.0,0.0
1359481,HH Pandya,5,4,6.0,1.0,0.0
1359481,Kuldeep Yadav,1,1,1.0,0.0,0.0
1359481,MR Marsh,4,4,5.0,1.0,0.0
1359481,PP Shaw,7,6,8.0,1.0,0.0
1359481,RR Rossouw,0,1,0.0,0.0,0.0
1359481,SN Khan,30,34,32.0,2.0,0.0
1359481,Shubman Gill,14,13,17.0,3.0,0.0
1359481,V Shankar,29,24,32.0,3.0,0.0
1359481,WP Saha,14,7,18.0,2.0,1.0
1359482,D Padikkal,21,27,22.0,1.0,0.0
1359482,Dhruv Jurel,32,16,39.0,3.0,2.0
1359482,JC Buttler,19,11,22.0,1.0,1.0
1359482,JM Sharma,27,17,31.0,2.0,1.0
1359482,JO Holder,1,1,1.0,0.0,0.0
1359482,M Shahrukh Khan,11,10,12.0,1.0,0.0
1359482,P Simran Singh,60,36,73.0,7.0,3.0
1359482,PBB Rajapaksa,1,1,1.0,0.0,0.0
1359482,R Ashwin,0,4,0.0,0.0,0.0
1359482,R Parag,20,12,25.0,1.0,2.0
1359482,S Dhawan,86,59,101.0,9.0,3.0
1359482,SM Curran,1,2,1.0,0.0,0.0
1359482,SO Hetmyer,36,18,43.0,1.0,3.0
1359482,SV Samson,42,26,49.0,5.0,1.0
1359482,Sikandar Raza,1,2,1.0,0.0,0.0
1359482,YBK Jaiswal,11,10,14.0,1.0,1.0
1359483,AD Russell,0,1,0.0,0.0,0.0
1359483,Akash Deep,17,8,21.0,2.0,1.0
1359483,Anuj Rawat,1,5,1.0,0.0,0.0
1359483,DJ Willey,20,20,22.0,2.0,0.0
1359483,F du Plessis,23,12,29.0,2.0,2.0
1359483,GJ Maxwell,5,7,6.0,1.0,0.0
1359483,HV Patel,0,2,0.0,0.0,0.0
1359483,KD Karthik,9,9,10.0,1.0,0.0
1359483,KV Sharma,1,3,1.0,0.0,0.0
1359483,MG Bracewell,19,18,22.0,1.0,1.0
1359483,Mandeep Singh,0,1,0.0,0.0,0.0
1359483,N Rana,1,5,1.0,0.0,0.0
1359483,RK Singh,46,35,54.0,2.0,3.0
1359483,Rahmanullah Gurbaz,57,47,69.0,6.0,3.0
1359483,SN Thakur,68,30,83.0,9.0,3.0
1359483,SP Narine,0,1,0.0,0.0,0.0
1359483,Shahbaz Ahmed,1,5,1.0,0.0,0.0
1359483,UT Yadav,6,2,7.0,1.0,0.0
1359483,V Kohli,21,18,24.0,3.0,0.0
1359483,VR Iyer,3,7,3.0,0.0,0.0
1359484,AK Markram,0,1,0.0,0.0,0.0
1359484,AU Rashid,4,3,5.0,1.0,0.0
1359484,Abdul Samad,21,10,26.0,1.0,2.0
1359484,Anmolpreet Singh,31,27,36.0,3.0,1.0
1359484,DJ Hooda,7,9,9.0,0.0,1.0
1359484,HC Brook,3,4,3.0,0.0,0.0
1359484,KH Pandya,34,25,40.0,4.0,1.0
1359484,KL Rahul,35,32,39.0,4.0,0.0
1359484,KR Mayers,13,14,15.0,2.0,0.0
1359484,MA Agarwal,8,7,9.0,1.0,0.0
1359484,MP Stoinis,10,14,12.0,2.0,0.0
1359484,N Pooran,11,6,14.0,1.0,1.0
1359484,R Shepherd,0,1,0.0,0.0,0.0
1359484,RA Tripathi,34,41,38.0,4.0,0.0
1359484,Washington Sundar,16,29,16.0,0.0,0.0
1359485,A Nortje,0,1,0.0,0.0,0.0
1359485,AR Patel,2,7,2.0,0.0,0.0
1359485,Abishek Porel,7,9,8.0,1.0,0.0
1359485,DA Warner,65,59,72.0,7.0,0.0
1359485,Dhruv Jurel,8,3,10.0,0.0,1.0
1359485,JC Buttler,79,51,92.0,11.0,1.0
1359485,Kuldeep Yadav,3,7,3.0,0.0,0.0
1359485,Lalit Yadav,38,25,43.0,5.0,0.0
1359485,MK Pandey,0,1,0.0,0.0,0.0
1359485,Mukesh Kumar,1,1,1.0,0.0,0.0
1359485,PP Shaw,0,3,0.0,0.0,0.0
1359485,R Parag,7,12,7.0,0.0,0.0
1359485,R Powell,2,2,2.0,0.0,0.0
1359485,RR Rossouw,14,13,16.0,2.0,0.0
1359485,SO Hetmyer,39,21,48.0,1.0,4.0
1359485,SV Samson,0,4,0.0,0.0,0.0
1359485,YBK Jaiswal,60,33,73.0,11.0,1.0
1359486,AM Rahane,61,27,74.0,7.0,3.0
1359486,AT Rayudu,20,17,23.0,3.0,0.0
1359486,Arshad Khan,2,4,2.0,0.0,0.0
1359486,C Green,12,11,13.0,1.0,0.0
1359486,DP Conway,0,4,0.0,0.0,0.0
1359486,HR Shokeen,18,15,21.0,3.0,0.0
1359486,Ishan Kishan,32,22,37.0,5.0,0.0
1359486,PP Chawla,5,6,5.0,0.0,0.0
1359486,RD Gaikwad,40,40,44.0,2.0,1.0
1359486,RG Sharma,21,13,26.0,3.0,1.0
1359486,S Dube,28,26,32.0,2.0,1.0
1359486,SA Yadav,1,2,1.0,0.0,0.0
1359486,T Stubbs,5,10,5.0,0.0,0.0
1359486,TH David,31,22,36.0,1.0,2.0
1359486,Tilak Varma,22,20,26.0,2.0,1.0
1359487,A Manohar,14,8,17.0,3.0,0.0
1359487,AD Russell,1,2,1.0,0.0,0.0
1359487,B Sai Sudharsan,53,39,60.0,3.0,2.0
1359487,DA Miller,2,3,2.0,0.0,0.0
1359487,N Jagadeesan,6,8,7.0,1.0,0.0
1359487,N Rana,45,29,55.0,4.0,3.0
1359487,RK Singh,48,23,61.0,1.0,6.0
1359487,Rahmanullah Gurbaz,15,12,18.0,1.0,1.0
1359487,SN Thakur,0,1,0.0,0.0,0.0
1359487,SP Narine,0,1,0.0,0.0,0.0
1359487,Shubman Gill,39,33,44.0,5.0,0.0
1359487,UT Yadav,5,6,5.0,0.0,0.0
1359487,V Shankar,63,24,77.0,4.0,5.0
1359487,VR Iyer,83,41,101.0,8.0,5.0
1359487,WP Saha,17,20,20.0,3.0,0.0
1359488,AK Markram,37,21,43.0,6.0,0.0
1359488,HC Brook,13,14,16.0,3.0,0.0
1359488,Harpreet Brar,1,2,1.0,0.0,0.0
1359488,JM Sharma,4,9,5.0,1.0,0.0
1359488,M Shahrukh Khan,4,3,5.0,1.0,0.0
1359488,MA Agarwal,21,20,24.0,3.0,0.0
1359488,MW Short,1,5,1.0,0.0,0.0
1359488,Mohit Rathee,1,2,1.0,0.0,0.0
1359488,NT Ellis,0,5,0.0,0.0,0.0
1359488,P Simran Singh,0,1,0.0,0.0,0.0
1359488,RA Tripathi,74,48,90.0,10.0,3.0
1359488,RD Chahar,0,8,0.0,0.0,0.0
1359488,S Dhawan,99,68,121.0,12.0,5.0
1359488,SM Curran,22,15,27.0,3.0,1.0
1359488,Sikandar Raza,5,7,5.0,0.0,0.0
1359489,A Badoni,30,29,34.0,4.0,0.0
1359489,Avesh Khan,0,1,0.0,0.0,0.0
1359489,DJ Hooda,9,11,10.0,1.0,0.0
1359489,F du Plessis,79,48,94.0,5.0,5.0
1359489,GJ Maxwell,59,30,74.0,3.0,6.0
1359489,JD Unadkat,9,7,10.0,1.0,0.0
1359489,KD Karthik,1,1,1.0,0.0,0.0
1359489,KH Pandya,0,2,0.0,0.0,0.0
1359489,KL Rahul,18,20,19.0,1.0,0.0
1359489,KR Mayers,0,4,0.0,0.0,0.0
1359489,MA Wood,1,2,1.0,0.0,0.0
1359489,MP Stoinis,65,31,81.0,6.0,5.0
1359489,N Pooran,62,20,80.0,4.0,7.0
1359489,Ravi Bishnoi,3,2,3.0,0.0,0.0
1359489,V Kohli,61,45,73.0,4.0,4.0
1359490,A Nortje,5,3,6.0,1.0,0.0
1359490,AR Patel,54,27,68.0,4.0,5.0
1359490,Abishek Porel,1,3,1.0,0.0,0.0
1359490,C Green,17,8,20.0,1.0,1.0
1359490,DA Warner,51,47,57.0,6.0,0.0
1359490,Ishan Kishan,31,27,37.0,6.0,0.0
1359490,Kuldeep Yadav,0,1,0.0,0.0,0.0
1359490,Lalit Yadav,2,4,2.0,0.0,0.0
1359490,MK Pandey,26,19,31.0,5.0,0.0
1359490,Mustafizur Rahman,1,1,1.0,0.0,0.0
1359490,PP Shaw,15,11,18.0,3.0,0.0
1359490,R Powell,4,4,5.0,1.0,0.0
1359490,RG Sharma,65,45,79.0,6.0,4.0
1359490,SA Yadav,0,1,0.0,0.0,0.0
1359490,TH David,13,11,15.0,0.0,1.0
1359490,Tilak Varma,41,30,50.0,1.0,4.0
1359490,YV Dhull,2,4,2.0,0.0,0.0
1359491,A Zampa,1,1,1.0,0.0,0.0
1359491,AM Rahane,31,20,35.0,2.0,1.0
1359491,AT Rayudu,1,2,1.0,0.0,0.0
1359491,D Padikkal,38,26,43.0,5.0,0.0
1359491,DP Conway,50,39,56.0,6.0,0.0
1359491,Dhruv Jurel,4,6,4.0,0.0,0.0
1359491,JC Buttler,52,38,59.0,1.0,3.0
1359491,JO Holder,0,1,0.0,0.0,0.0
1359491,MM Ali,7,10,7.0,0.0,0.0
1359491,MS Dhoni,32,19,39.0,1.0,3.0
1359491,R Ashwin,30,25,35.0,1.0,2.0
1359491,RA Jadeja,25,16,30.0,1.0,2.0
1359491,RD Gaikwad,8,10,9.0,1.0,0.0
1359491,S Dube,8,11,9.0,1.0,0.0
1359491,SO Hetmyer,30,19,36.0,2.0,2.0
1359491,SV Samson,0,2,0.0,0.0,0.0
1359491,YBK Jaiswal,10,8,12.0,2.0,0.0
1359492,B Sai Sudharsan,19,20,21.0,2.0,0.0
1359492,DA Miller,17,18,18.0,1.0,0.0
1359492,HH Pandya,8,11,9.0,1.0,0.0
1359492,Harpreet Brar,8,5,10.0,0.0,1.0
1359492,JM Sharma,25,23,30.0,5.0,0.0
1359492,M Shahrukh Khan,22,10,27.0,1.0,2.0
1359492,MW Short,36,27,44.0,6.0,1.0
1359492,P Simran Singh,0,2,0.0,0.0,0.0
1359492,PBB Rajapaksa,20,28,21.0,1.0,0.0
1359492,R Dhawan,1,1,1.0,0.0,0.0
1359492,R Tewatia,5,2,6.0,1.0,0.0
1359492,S Dhawan,8,9,10.0,2.0,0.0
1359492,SM Curran,22,24,25.0,1.0,1.0
1359492,Shubman Gill,67,49,76.0,7.0,1.0
1359492,WP Saha,30,19,35.0,5.0,0.0
1359493,AD Russell,3,6,3.0,0.0,0.0
1359493,AK Markram,50,27,62.0,2.0,5.0
1359493,Abhishek Sharma,32,19,39.0,3.0,2.0
1359493,H Klaasen,16,7,20.0,2.0,1.0
1359493,HC Brook,100,58,118.0,12.0,3.0
1359493,MA Agarwal,9,13,9.0,0.0,0.0
1359493,N Jagadeesan,36,21,43.0,5.0,1.0
1359493,N Rana,75,44,92.0,5.0,6.0
1359493,RA Tripathi,9,4,11.0,2.0,0.0
1359493,RK Singh,58,33,70.0,4.0,4.0
1359493,Rahmanullah Gurbaz,0,3,0.0,0.0,0.0
1359493,SN Thakur,12,7,14.0,2.0,0.0
1359493,SP Narine,0,1,0.0,0.0,0.0
1359493,UT Yadav,1,1,1.0,0.0,0.0
1359493,VR Iyer,10,12,12.0,2.0,0.0
1359494,A Nortje,23,14,27.0,4.0,0.0
1359494,AR Patel,21,14,24.0,3.0,0.0
1359494,Abishek Porel,5,8,5.0,0.0,0.0
1359494,Aman Hakim Khan,18,11,21.0,1.0,1.0
1359494,Anuj Rawat,15,22,16.0,1.0,0.0
1359494,DA Warner,19,13,23.0,4.0,0.0
1359494,F du Plessis,22,16,27.0,3.0,1.0
1359494,GJ Maxwell,24,14,30.0,0.0,3.0
1359494,HV Patel,6,4,8.0,0.0,1.0
1359494,KD Karthik,0,1,0.0,0.0,0.0
1359494,Kuldeep Yadav,7,7,8.0,1.0,0.0
1359494,Lalit Yadav,4,7,4.0,0.0,0.0
1359494,MK Lomror,26,18,30.0,0.0,2.0
1359494,MK Pandey,50,39,57.0,5.0,1.0
1359494,MR Marsh,0,4,0.0,0.0,0.0
1359494,PP Shaw,0,2,0.0,0.0,0.0
1359494,Shahbaz Ahmed,20,14,23.0,3.0,0.0
1359494,V Kohli,50,35,58.0,6.0,1.0
1359494,YV Dhull,1,4,1.0,0.0,0.0
1359495,A Badoni,5,7,5.0,0.0,0.0
1359495,Atharva Taide,0,3,0.0,0.0,0.0
1359495,DJ Hooda,2,3,2.0,0.0,0.0
1359495,Harpreet Brar,6,4,7.0,1.0,0.0
1359495,Harpreet Singh,22,22,25.0,3.0,0.0
1359495,JM Sharma,2,4,2.0,0.0,0.0
1359495,K Gowtham,1,2,1.0,0.0,0.0
1359495,K Rabada,0,1,0.0,0.0,0.0
1359495,KH Pandya,18,17,20.0,2.0,0.0
1359495,KL Rahul,74,60,84.0,8.0,1.0
1359495,KR Mayers,29,23,36.0,1.0,3.0
1359495,M Shahrukh Khan,23,12,28.0,1.0,2.0
1359495,MP Stoinis,15,11,19.0,0.0,2.0
1359495,MW Short,34,22,41.0,5.0,1.0
1359495,N Pooran,0,2,0.0,0.0,0.0
1359495,P Simran Singh,4,4,5.0,1.0,0.0
1359495,Ravi Bishnoi,3,1,3.0,0.0,0.0
1359495,SM Curran,6,6,7.0,1.0,0.0
1359495,Sikandar Raza,57,44,67.0,4.0,3.0
1359495,Yudhvir Singh,0,1,0.0,0.0,0.0
1359496,AD Russell,21,11,26.0,3.0,1.0
1359496,C Green,1,1,1.0,0.0,0.0
1359496,Ishan Kishan,58,25,73.0,5.0,5.0
1359496,N Jagadeesan,0,6,0.0,0.0,0.0
1359496,N Rana,5,11,5.0,0.0,0.0
1359496,N Wadhera,6,5,7.0,1.0,0.0
1359496,RG Sharma,20,14,25.0,1.0,2.0
1359496,RK Singh,18,19,20.0,2.0,0.0
1359496,Rahmanullah Gurbaz,8,13,8.0,0.0,0.0
1359496,SA Yadav,43,25,53.0,4.0,3.0
1359496,SN Thakur,13,11,14.0,1.0,0.0
1359496,SP Narine,2,4,2.0,0.0,0.0
1359496,TH David,24,14,29.0,1.0,2.0
1359496,Tilak Varma,30,25,35.0,3.0,1.0
1359496,VR Iyer,104,53,128.0,6.0,9.0
1359497,A Manohar,27,13,33.0,0.0,3.0
1359497,B Sai Sudharsan,20,20,22.0,2.0,0.0
1359497,D Padikkal,26,25,32.0,2.0,2.0
1359497,DA Miller,46,31,53.0,3.0,2.0
1359497,Dhruv Jurel,18,10,22.0,2.0,1.0
1359497,HH Pandya,28,20,33.0,3.0,1.0
1359497,JC Buttler,0,5,0.0,0.0,0.0
1359497,R Ashwin,10,3,13.0,1.0,1.0
1359497,R Parag,5,7,5.0,0.0,0.0
1359497,R Tewatia,1,1,1.0,0.0,0.0
1359497,Rashid Khan,1,1,1.0,0.0,0.0
1359497,SO Hetmyer,56,27,68.0,2.0,5.0
1359497,SV Samson,60,32,75.0,3.0,6.0
1359497,Shubman Gill,45,34,51.0,4.0,1.0
1359497,TA Boult,0,1,0.0,0.0,0.0
1359497,WP Saha,4,4,5.0,1.0,0.0
1359497,YBK Jaiswal,1,8,1.0,0.0,0.0
1359498,AM Rahane,37,20,44.0,3.0,2.0
1359498,AT Rayudu,14,6,17.0,1.0,1.0
1359498,DP Conway,83,46,101.0,6.0,6.0
1359498,F du Plessis,62,33,75.0,5.0,4.0
1359498,GJ Maxwell,76,37,95.0,3.0,8.0
1359498,KD Karthik,28,15,33.0,3.0,1.0
1359498,MK Lomror,0,5,0.0,0.0,0.0
1359498,MM Ali,19,10,23.0,0.0,2.0
1359498,MS Dhoni,1,1,1.0,0.0,0.0
1359498,PWH de Silva,2,2,2.0,0.0,0.0
1359498,RA Jadeja,10,9,12.0,0.0,1.0
1359498,RD Gaikwad,3,6,3.0,0.0,0.0
1359498,S Dube,52,28,64.0,2.0,5.0
1359498,SS Prabhudessai,19,14,23.0,0.0,2.0
1359498,Shahbaz Ahmed,12,10,14.0,0.0,1.0
1359498,V Kohli,6,4,7.0,1.0,0.0
1359498,WD Parnell,2,6,2.0,0.0,0.0
1359499,AK Markram,22,17,25.0,1.0,1.0
1359499,Abdul Samad,9,14,10.0,1.0,0.0
1359499,Abhishek Sharma,1,2,1.0,0.0,0.0
1359499,B Kumar,2,5,2.0,0.0,0.0
1359499,C Green,64,40,74.0,6.0,2.0
1359499,H Klaasen,36,17,44.0,4.0,2.0
1359499,HC Brook,9,7,11.0,2.0,0.0
1359499,Ishan Kishan,38,31,45.0,3.0,2.0
1359499,M Jansen,13,6,16.0,3.0,0.0
1359499,M Markande,2,3,2.0,0.0,0.0
1359499,MA Agarwal,48,43,54.0,4.0,1.0
1359499,RA Tripathi,7,6,8.0,1.0,0.0
1359499,RG Sharma,28,19,34.0,6.0,0.0
1359499,SA Yadav,7,3,9.0,0.0,1.0
1359499,TH David,16,11,18.0,2.0,0.0
1359499,Tilak Varma,37,18,47.0,2.0,4.0
1359499,Washington Sundar,10,7,12.0,2.0,0.0
1359500,A Badoni,1,4,1.0,0.0,0.0
1359500,D Padikkal,26,22,30.0,4.0,0.0
1359500,DJ Hooda,2,4,2.0,0.0,0.0
1359500,Dhruv Jurel,0,1,0.0,0.0,0.0
1359500,JC Buttler,40,42,46.0,4.0,1.0
1359500,KH Pandya,4,2,5.0,1.0,0.0
1359500,KL Rahul,39,32,45.0,4.0,1.0
1359500,KR Mayers,51,43,61.0,4.0,3.0
1359500,MP Stoinis,21,16,23.0,2.0,0.0
1359500,N Pooran,29,20,33.0,2.0,1.0
1359500,R Ashwin,3,2,3.0,0.0,0.0
1359500,R Parag,15,12,18.0,1.0,1.0
1359500,SO Hetmyer,2,5,2.0,0.0,0.0
1359500,SV Samson,2,4,2.0,0.0,0.0
1359500,YBK Jaiswal,44,35,52.0,4.0,2.0
1359500,Yudhvir Singh,1,1,1.0,0.0,0.0
1359501,Atharva Taide,4,2,5.0,1.0,0.0
1359501,F du Plessis,84,57,99.0,5.0,5.0
1359501,GJ Maxwell,0,1,0.0,0.0,0.0
1359501,Harpreet Brar,13,13,14.0,1.0,0.0
1359501,Harpreet Singh,13,9,16.0,1.0,1.0
1359501,JM Sharma,41,28,49.0,2.0,3.0
1359501,KD Karthik,7,5,8.0,1.0,0.0
1359501,LS Livingstone,2,4,2.0,0.0,0.0
1359501,M Shahrukh Khan,7,5,9.0,0.0,1.0
1359501,MK Lomror,7,9,8.0,1.0,0.0
1359501,MW Short,8,7,10.0,0.0,1.0
1359501,NT Ellis,1,2,1.0,0.0,0.0
1359501,P Simran Singh,46,31,57.0,3.0,4.0
1359501,SM Curran,10,12,11.0,1.0,0.0
1359501,Shahbaz Ahmed,5,3,5.0,0.0,0.0
1359501,V Kohli,59,48,66.0,5.0,1.0
1359502,AD Russell,38,35,47.0,1.0,4.0
1359502,AR Patel,19,24,20.0,1.0,0.0
1359502,AS Roy,0,1,0.0,0.0,0.0
1359502,Aman Hakim Khan,0,2,0.0,0.0,0.0
1359502,CV Varun,1,8,1.0,0.0,0.0
1359502,DA Warner,57,42,68.0,11.0,0.0
1359502,JJ Roy,43,43,50.0,5.0,1.0
1359502,Lalit Yadav,4,7,4.0,0.0,0.0
1359502,Liton Das,4,4,5.0,1.0,0.0
1359502,MK Pandey,21,23,23.0,2.0,0.0
1359502,MR Marsh,2,9,2.0,0.0,0.0
1359502,Mandeep Singh,12,11,14.0,0.0,1.0
1359502,N Rana,4,7,5.0,1.0,0.0
1359502,PD Salt,5,3,6.0,1.0,0.0
1359502,PP Shaw,13,11,15.0,2.0,0.0
1359502,RK Singh,6,8,7.0,1.0,0.0
1359502,SP Narine,4,6,5.0,1.0,0.0
1359502,UT Yadav,3,5,3.0,0.0,0.0
1359502,VR Iyer,0,2,0.0,0.0,0.0
1359503,AK Markram,12,12,13.0,1.0,0.0
1359503,AM Rahane,9,10,9.0,0.0,0.0
1359503,AT Rayudu,9,9,10.0,1.0,0.0
1359503,Abhishek Sharma,34,27,39.0,3.0,1.0
1359503,DP Conway,77,57,91.0,12.0,1.0
1359503,H Klaasen,17,16,18.0,1.0,0.0
1359503,HC Brook,18,13,21.0,3.0,0.0
1359503,M Jansen,17,23,18.0,1.0,0.0
1359503,MA Agarwal,2,4,2.0,0.0,0.0
1359503,MM Ali,6,6,7.0,1.0,0.0
1359503,RA Tripathi,21,21,24.0,1.0,1.0
1359503,RD Gaikwad,35,30,37.0,2.0,0.0
1359503,Washington Sundar,9,6,10.0,1.0,0.0
1359504,A Badoni,8,6,8.0,0.0,0.0
1359504,A Manohar,3,5,3.0,0.0,0.0
1359504,DA Miller,6,12,6.0,0.0,0.0
1359504,DJ Hooda,2,2,2.0,0.0,0.0
1359504,HH Pandya,66,50,76.0,2.0,4.0
1359504,KH Pandya,23,24,27.0,2.0,1.0
1359504,KL Rahul,68,61,76.0,8.0,0.0
1359504,KR Mayers,24,19,28.0,2.0,1.0
1359504,MP Stoinis,0,1,0.0,0.0,0.0
1359504,N Pooran,1,7,1.0,0.0,0.0
1359504,R Tewatia,2,2,2.0,0.0,0.0
1359504,Ravi Bishnoi,0,1,0.0,0.0,0.0
1359504,Shubman Gill,0,2,0.0,0.0,0.0
1359504,V Shankar,10,12,11.0,1.0,0.0
1359504,WP Saha,47,37,53.0,6.0,0.0
1359505,Atharva Taide,29,19,34.0,3.0,1.0
1359505,C Green,67,44,79.0,6.0,3.0
1359505,Harpreet Brar,5,2,6.0,1.0,0.0
1359505,Harpreet Singh,41,28,49.0,4.0,2.0
1359505,Ishan Kishan,1,5,1.0,0.0,0.0
1359505,JC Archer,1,2,1.0,0.0,0.0
1359505,JM Sharma,25,7,33.0,0.0,4.0
1359505,LS Livingstone,10,14,12.0,0.0,1.0
1359505,MW Short,11,11,13.0,2.0,0.0
1359505,N Wadhera,0,1,0.0,0.0,0.0
1359505,P Simran Singh,26,18,31.0,1.0,2.0
1359505,RG Sharma,44,28,54.0,4.0,3.0
1359505,SA Yadav,57,26,70.0,7.0,3.0
1359505,SM Curran,55,30,68.0,5.0,4.0
1359505,TH David,25,13,29.0,0.0,2.0
1359505,Tilak Varma,3,4,3.0,0.0,0.0
1359506,Abdul Basith,1,1,1.0,0.0,0.0
1359506,D Padikkal,52,35,61.0,7.0,1.0
1359506,DJ Willey,4,2,5.0,1.0,0.0
1359506,Dhruv Jurel,34,20,40.0,2.0,2.0
1359506,F du Plessis,62,39,74.0,8.0,2.0
1359506,GJ Maxwell,77,47,91.0,6.0,4.0
1359506,JC Buttler,0,2,0.0,0.0,0.0
1359506,KD Karthik,16,13,18.0,2.0,0.0
1359506,MK Lomror,8,6,9.0,1.0,0.0
1359506,Mohammed Siraj,1,1,1.0,0.0,0.0
1359506,PWH de Silva,6,9,6.0,0.0,0.0
1359506,R Ashwin,12,6,14.0,2.0,0.0
1359506,SO Hetmyer,3,10,3.0,0.0,0.0
1359506,SS Prabhudessai,0,2,0.0,0.0,0.0
1359506,SV Samson,22,15,26.0,2.0,1.0
1359506,Shahbaz Ahmed,2,4,2.0,0.0,0.0
1359506,V Kohli,0,1,0.0,0.0,0.0
1359506,Vijaykumar Vyshak,0,1,0.0,0.0,0.0
1359506,YBK Jaiswal,47,37,56.0,5.0,2.0
1359507,AD Russell,9,7,11.0,0.0,1.0
1359507,AM Rahane,71,31,87.0,6.0,5.0
1359507,CV Varun,0,3,0.0,0.0,0.0
1359507,D Wiese,1,2,1.0,0.0,0.0
1359507,DP Conway,56,40,66.0,4.0,3.0
1359507,JJ Roy,61,27,76.0,5.0,5.0
1359507,MS Dhoni,2,3,2.0,0.0,0.0
1359507,N Jagadeesan,1,3,1.0,0.0,0.0
1359507,N Rana,27,21,33.0,4.0,1.0
1359507,RA Jadeja,18,8,22.0,0.0,2.0
1359507,RD Gaikwad,35,20,43.0,2.0,3.0
1359507,RK Singh,53,36,64.0,3.0,4.0
1359507,S Dube,50,21,62.0,2.0,5.0
1359507,SP Narine,0,3,0.0,0.0,0.0
1359507,UT Yadav,4,6,4.0,0.0,0.0
1359507,VR Iyer,20,21,24.0,2.0,1.0
1359508,A Nortje,2,2,2.0,0.0,0.0
1359508,AK Markram,3,5,3.0,0.0,0.0
1359508,AR Patel,34,34,38.0,4.0,0.0
1359508,Abhishek Sharma,5,5,5.0,0.0,0.0
1359508,Aman Hakim Khan,4,2,5.0,1.0,0.0
1359508,DA Warner,21,20,25.0,2.0,1.0
1359508,H Klaasen,31,19,36.0,3.0,1.0
1359508,HC Brook,7,14,7.0,0.0,0.0
1359508,I Sharma,1,1,1.0,0.0,0.0
1359508,Kuldeep Yadav,4,3,5.0,1.0,0.0
1359508,M Jansen,2,3,2.0,0.0,0.0
1359508,MA Agarwal,49,39,56.0,7.0,0.0
1359508,MK Pandey,34,28,36.0,2.0,0.0
1359508,MR Marsh,25,15,30.0,5.0,0.0
1359508,PD Salt,0,1,0.0,0.0,0.0
1359508,RA Tripathi,15,21,15.0,0.0,0.0
1359508,RV Patel,5,6,5.0,0.0,0.0
1359508,SN Khan,10,9,12.0,0.0,1.0
1359508,Washington Sundar,24,15,27.0,3.0,0.0
1359509,A Manohar,42,21,51.0,3.0,3.0
1359509,Arjun Tendulkar,13,9,15.0,0.0,1.0
1359509,C Green,33,26,39.0,0.0,3.0
1359509,DA Miller,46,23,56.0,2.0,4.0
1359509,HH Pandya,13,14,14.0,1.0,0.0
1359509,Ishan Kishan,13,21,14.0,1.0,0.0
1359509,JP Behrendorff,3,4,3.0,0.0,0.0
1359509,N Wadhera,40,21,49.0,3.0,3.0
1359509,PP Chawla,18,12,21.0,1.0,1.0
1359509,R Tewatia,20,6,26.0,0.0,3.0
1359509,RG Sharma,2,9,2.0,0.0,0.0
1359509,RP Meredith,0,2,0.0,0.0,0.0
1359509,Rashid Khan,2,1,2.0,0.0,0.0
1359509,SA Yadav,23,12,28.0,3.0,1.0
1359509,Shubman Gill,56,36,65.0,7.0,1.0
1359509,TH David,0,2,0.0,0.0,0.0
1359509,Tilak Varma,2,3,2.0,0.0,0.0
1359509,V Shankar,19,17,22.0,1.0,1.0
1359509,WP Saha,4,7,4.0,0.0,0.0
1359510,AD Russell,1,2,1.0,0.0,0.0
1359510,D Wiese,12,3,16.0,0.0,2.0
1359510,DJ Willey,11,10,12.0,1.0,0.0
1359510,F du Plessis,17,7,22.0,1.0,2.0
1359510,GJ Maxwell,5,4,6.0,1.0,0.0
1359510,JJ Roy,56,29,70.0,4.0,5.0
1359510,KD Karthik,22,18,25.0,1.0,1.0
1359510,MK Lomror,34,18,41.0,1.0,3.0
1359510,N Jagadeesan,27,30,31.0,4.0,0.0
1359510,N Rana,48,22,59.0,3.0,4.0
1359510,PWH de Silva,5,4,5.0,0.0,0.0
1359510,RK Singh,18,10,22.0,2.0,1.0
1359510,SS Prabhudessai,10,9,11.0,1.0,0.0
1359510,Shahbaz Ahmed,2,5,2.0,0.0,0.0
1359510,V Kohli,54,38,60.0,6.0,0.0
1359510,VR Iyer,31,29,34.0,3.0,0.0
1359510,Vijaykumar Vyshak,13,9,15.0,0.0,1.0
1359511,AM Rahane,15,13,15.0,0.0,0.0
1359511,AT Rayudu,0,2,0.0,0.0,0.0
1359511,D Padikkal,27,14,32.0,5.0,0.0
1359511,DP Conway,8,16,9.0,1.0,0.0
1359511,Dhruv Jurel,34,15,41.0,3.0,2.0
1359511,JC Buttler,27,22,31.0,4.0,0.0
1359511,MM Ali,23,12,29.0,2.0,2.0
1359511,R Ashwin,1,1,1.0,0.0,0.0
1359511,RA Jadeja,23,15,26.0,3.0,0.0
1359511,RD Gaikwad,47,29,54.0,5.0,1.0
1359511,S Dube,52,34,62.0,2.0,4.0
1359511,SO Hetmyer,8,10,8.0,0.0,0.0
1359511,SV Samson,17,18,18.0,1.0,0.0
1359511,YBK Jaiswal,77,44,93.0,8.0,4.0
1359512,A Badoni,43,25,52.0,3.0,3.0
1359512,Arshdeep Singh,2,2,2.0,0.0,0.0
1359512,Atharva Taide,66,40,78.0,8.0,2.0
1359512,DJ Hooda,11,6,13.0,2.0,0.0
1359512,JM Sharma,24,10,30.0,0.0,3.0
1359512,K Rabada,0,1,0.0,0.0,0.0
1359512,KH Pandya,5,3,6.0,1.0,0.0
1359512,KL Rahul,12,9,15.0,1.0,1.0
1359512,KR Mayers,54,26,69.0,7.0,4.0
1359512,LS Livingstone,23,14,27.0,2.0,1.0
1359512,M Shahrukh Khan,6,10,6.0,0.0,0.0
1359512,MP Stoinis,72,40,88.0,6.0,5.0
1359512,N Pooran,45,20,54.0,7.0,1.0
1359512,P Simran Singh,9,13,11.0,2.0,0.0
1359512,RD Chahar,0,2,0.0,0.0,0.0
1359512,S Dhawan,1,2,1.0,0.0,0.0
1359512,SM Curran,21,12,25.0,2.0,1.0
1359512,Sikandar Raza,36,22,42.0,4.0,1.0
1359513,AD Russell,34,19,42.0,2.0,3.0
1359513,D Wiese,8,6,10.0,0.0,1.0
1359513,DA Miller,32,18,38.0,2.0,2.0
1359513,HH Pandya,26,20,30.0,2.0,1.0
1359513,N Jagadeesan,19,16,23.0,4.0,0.0
1359513,N Rana,4,3,5.0,1.0,0.0
1359513,RK Singh,19,20,21.0,0.0,1.0
1359513,Rahmanullah Gurbaz,81,40,100.0,5.0,7.0
1359513,SN Thakur,0,4,0.0,0.0,0.0
1359513,Shubman Gill,49,36,57.0,8.0,0.0
1359513,V Shankar,51,26,63.0,2.0,5.0
1359513,VR Iyer,11,15,11.0,0.0,0.0
1359513,WP Saha,10,10,11.0,1.0,0.0
1359514,AJ Hosein,16,11,19.0,1.0,1.0
1359514,AK Markram,8,13,8.0,0.0,0.0
1359514,AR Patel,29,17,34.0,1.0,2.0
1359514,Abdul Samad,28,21,33.0,1.0,2.0
1359514,Abhishek Sharma,67,37,81.0,12.0,1.0
1359514,DA Warner,0,2,0.0,0.0,0.0
1359514,H Klaasen,53,30,63.0,2.0,4.0
1359514,HC Brook,0,2,0.0,0.0,0.0
1359514,MA Agarwal,5,8,6.0,1.0,0.0
1359514,MK Pandey,1,3,1.0,0.0,0.0
1359514,MR Marsh,63,39,76.0,1.0,6.0
1359514,PD Salt,59,35,68.0,9.0,0.0
1359514,PK Garg,12,9,13.0,1.0,0.0
1359514,RA Tripathi,10,7,12.0,0.0,1.0
1359514,RV Patel,11,8,12.0,1.0,0.0
1359514,SN Khan,9,10,10.0,1.0,0.0
1359515,Atharva Taide,13,17,13.0,0.0,0.0
1359515,DP Conway,92,54,110.0,16.0,1.0
1359515,JM Sharma,21,12,25.0,2.0,1.0
1359515,LS Livingstone,40,24,49.0,1.0,4.0
1359515,M Shahrukh Khan,2,3,2.0,0.0,0.0
1359515,MM Ali,10,6,12.0,2.0,0.0
1359515,MS Dhoni,13,4,17.0,0.0,2.0
1359515,P Simran Singh,42,24,50.0,4.0,2.0
1359515,RA Jadeja,12,10,12.0,0.0,0.0
1359515,RD Gaikwad,37,34,43.0,4.0,1.0
1359515,S Dhawan,28,16,34.0,4.0,1.0
1359515,S Dube,28,19,33.0,1.0,2.0
1359515,SM Curran,29,21,32.0,1.0,1.0
1359515,Sikandar Raza,13,8,14.0,1.0,0.0
1359516,C Green,44,27,52.0,4.0,2.0
1359516,D Padikkal,2,5,2.0,0.0,0.0
1359516,Dhruv Jurel,2,3,2.0,0.0,0.0
1359516,Ishan Kishan,28,24,32.0,4.0,0.0
1359516,JC Buttler,18,23,22.0,2.0,1.0
1359516,JO Holder,11,10,13.0,0.0,1.0
1359516,R Ashwin,8,6,9.0,1.0,0.0
1359516,RG Sharma,3,6,3.0,0.0,0.0
1359516,SA Yadav,55,29,67.0,8.0,2.0
1359516,SO Hetmyer,8,9,10.0,0.0,1.0
1359516,SV Samson,14,11,17.0,1.0,1.0
1359516,TA Boult,0,1,0.0,0.0,0.0
1359516,TH David,45,15,57.0,2.0,5.0
1359516,Tilak Varma,29,24,34.0,3.0,1.0
1359516,YBK Jaiswal,124,65,156.0,16.0,8.0
1359517,A Badoni,4,11,4.0,0.0,0.0
1359517,A Mishra,19,30,21.0,2.0,0.0
1359517,Anuj Rawat,9,11,9.0,0.0,0.0
1359517,DJ Hooda,1,2,1.0,0.0,0.0
1359517,F du Plessis,44,40,47.0,1.0,1.0
1359517,GJ Maxwell,4,5,4.0,0.0,0.0
1359517,JR Hazlewood,1,2,1.0,0.0,0.0
1359517,K Gowtham,23,13,28.0,1.0,2.0
1359517,KD Karthik,16,11,19.0,1.0,1.0
1359517,KH Pandya,14,13,17.0,3.0,0.0
1359517,KL Rahul,0,3,0.0,0.0,0.0
1359517,KR Mayers,0,2,0.0,0.0,0.0
1359517,KV Sharma,2,2,2.0,0.0,0.0
1359517,MK Lomror,3,4,3.0,0.0,0.0
1359517,MP Stoinis,13,19,15.0,0.0,1.0
1359517,Mohammed Siraj,0,1,0.0,0.0,0.0
1359517,N Pooran,9,7,11.0,0.0,1.0
1359517,Naveen-ul-Haq,13,14,15.0,2.0,0.0
1359517,PWH de Silva,8,7,9.0,1.0,0.0
1359517,Ravi Bishnoi,5,10,5.0,0.0,0.0
1359517,SS Prabhudessai,6,7,6.0,0.0,0.0
1359517,V Kohli,31,32,34.0,3.0,0.0
1359518,A Manohar,26,36,28.0,0.0,1.0
1359518,A Nortje,3,6,3.0,0.0,0.0
1359518,AR Patel,27,32,31.0,2.0,1.0
1359518,Aman Hakim Khan,51,44,60.0,3.0,3.0
1359518,DA Miller,0,3,0.0,0.0,0.0
1359518,DA Warner,2,2,2.0,0.0,0.0
1359518,HH Pandya,59,53,66.0,7.0,0.0
1359518,Kuldeep Yadav,0,1,0.0,0.0,0.0
1359518,MK Pandey,1,4,1.0,0.0,0.0
1359518,PD Salt,0,1,0.0,0.0,0.0
1359518,PK Garg,10,14,10.0,0.0,0.0
1359518,R Tewatia,20,7,26.0,0.0,3.0
1359518,RR Rossouw,8,6,10.0,2.0,0.0
1359518,RV Patel,23,14,27.0,2.0,1.0
1359518,Rashid Khan,3,2,3.0,0.0,0.0
1359518,Shubman Gill,6,7,7.0,1.0,0.0
1359518,V Shankar,6,10,7.0,1.0,0.0
1359518,WP Saha,0,6,0.0,0.0,0.0
1359519,A Badoni,59,35,69.0,2.0,4.0
1359519,K Gowtham,1,3,1.0,0.0,0.0
1359519,KH Pandya,0,1,0.0,0.0,0.0
1359519,KR Mayers,14,17,16.0,2.0,0.0
1359519,KS Sharma,9,16,9.0,0.0,0.0
1359519,M Vohra,10,11,11.0,1.0,0.0
1359519,MP Stoinis,6,4,7.0,1.0,0.0
1359519,N Pooran,20,31,20.0,0.0,0.0
1359520,C Green,23,19,27.0,4.0,0.0
1359520,Ishan Kishan,75,41,90.0,7.0,4.0
1359520,JM Sharma,49,29,58.0,5.0,2.0
1359520,LS Livingstone,82,43,97.0,7.0,4.0
1359520,MW Short,27,27,31.0,2.0,1.0
1359520,P Simran Singh,9,7,10.0,1.0,0.0
1359520,RG Sharma,0,3,0.0,0.0,0.0
1359520,S Dhawan,30,22,35.0,5.0,0.0
1359520,SA Yadav,66,33,78.0,8.0,2.0
1359520,TH David,19,10,22.0,3.0,0.0
1359520,Tilak Varma,26,10,33.0,1.0,3.0
1359521,AD Russell,24,15,29.0,1.0,2.0
1359521,AK Markram,41,42,45.0,4.0,0.0
1359521,AS Roy,13,7,15.0,2.0,0.0
1359521,Abdul Samad,21,18,24.0,3.0,0.0
1359521,Abhishek Sharma,9,10,10.0,1.0,0.0
1359521,B Kumar,5,5,6.0,1.0,0.0
1359521,H Klaasen,36,20,43.0,1.0,3.0
1359521,HC Brook,0,4,0.0,0.0,0.0
1359521,Harshit Rana,0,1,0.0,0.0,0.0
1359521,JJ Roy,20,20,24.0,4.0,0.0
1359521,M Jansen,1,5,1.0,0.0,0.0
1359521,M Markande,1,2,1.0,0.0,0.0
1359521,MA Agarwal,18,12,22.0,2.0,1.0
1359521,N Rana,42,31,51.0,3.0,3.0
1359521,RA Tripathi,20,9,25.0,3.0,1.0
1359521,RK Singh,46,38,52.0,4.0,1.0
1359521,Rahmanullah Gurbaz,0,1,0.0,0.0,0.0
1359521,SN Thakur,8,7,9.0,1.0,0.0
1359521,SP Narine,1,2,1.0,0.0,0.0
1359521,VG Arora,2,1,2.0,0.0,0.0
1359521,VR Iyer,7,4,8.0,1.0,0.0
1359522,A Zampa,7,10,7.0,0.0,0.0
1359522,D Padikkal,12,13,13.0,1.0,0.0
1359522,Dhruv Jurel,9,8,10.0,1.0,0.0
1359522,HH Pandya,39,15,48.0,3.0,3.0
1359522,JC Buttler,8,7,10.0,2.0,0.0
1359522,R Ashwin,2,6,2.0,0.0,0.0
1359522,R Parag,4,6,4.0,0.0,0.0
1359522,SO Hetmyer,7,14,7.0,0.0,0.0
1359522,SV Samson,30,20,35.0,3.0,1.0
1359522,Sandeep Sharma,2,6,2.0,0.0,0.0
1359522,Shubman Gill,36,35,42.0,6.0,0.0
1359522,TA Boult,15,13,18.0,1.0,1.0
1359522,WP Saha,41,34,46.0,5.0,0.0
1359522,YBK Jaiswal,14,11,17.0,1.0,1.0
1359523,AM Rahane,21,17,24.0,1.0,1.0
1359523,AT Rayudu,12,11,14.0,0.0,1.0
1359523,Arshad Khan,1,2,1.0,0.0,0.0
1359523,C Green,6,4,7.0,1.0,0.0
1359523,DP Conway,44,43,48.0,4.0,0.0
1359523,Ishan Kishan,7,9,8.0,1.0,0.0
1359523,JC Archer,3,2,3.0,0.0,0.0
1359523,MS Dhoni,2,3,2.0,0.0,0.0
1359523,N Wadhera,64,51,74.0,8.0,1.0
1359523,PP Chawla,2,2,2.0,0.0,0.0
1359523,RD Gaikwad,30,17,38.0,4.0,2.0
1359523,RG Sharma,0,3,0.0,0.0,0.0
1359523,S Dube,26,18,32.0,0.0,3.0
1359523,SA Yadav,26,23,29.0,3.0,0.0
1359523,T Stubbs,20,21,22.0,2.0,0.0
1359523,TH David,2,5,2.0,0.0,0.0
1359524,AR Patel,8,3,10.0,0.0,1.0
1359524,Anuj Rawat,8,3,10.0,0.0,1.0
1359524,DA Warner,22,14,27.0,3.0,1.0
1359524,F du Plessis,45,33,52.0,5.0,1.0
1359524,GJ Maxwell,0,1,0.0,0.0,0.0
1359524,KD Karthik,11,9,13.0,0.0,1.0
1359524,MK Lomror,54,32,66.0,6.0,3.0
1359524,MR Marsh,26,17,31.0,3.0,1.0
1359524,PD Salt,87,46,107.0,8.0,6.0
1359524,RR Rossouw,35,23,42.0,1.0,3.0
1359524,V Kohli,55,47,60.0,5.0,0.0
1359525,A Badoni,21,12,26.0,1.0,2.0
1359525,DA Miller,21,12,25.0,2.0,1.0
1359525,DJ Hooda,11,11,11.0,0.0,0.0
1359525,HH Pandya,25,15,30.0,1.0,2.0
1359525,KH Pandya,0,1,0.0,0.0,0.0
1359525,KR Mayers,48,35,59.0,7.0,2.0
1359525,MP Stoinis,4,9,4.0,0.0,0.0
1359525,N Pooran,3,6,3.0,0.0,0.0
1359525,Q de Kock,70,42,83.0,7.0,3.0
1359525,Ravi Bishnoi,4,5,5.0,1.0,0.0
1359525,Shubman Gill,94,53,110.0,2.0,7.0
1359525,Swapnil Singh,2,4,2.0,0.0,0.0
1359525,WP Saha,81,45,99.0,10.0,4.0
1359526,AK Markram,6,5,7.0,1.0,0.0
1359526,Abdul Samad,17,7,21.0,0.0,2.0
1359526,Abhishek Sharma,55,36,64.0,5.0,2.0
1359526,Anmolpreet Singh,33,25,39.0,4.0,1.0
1359526,GD Phillips,25,7,32.0,1.0,3.0
1359526,H Klaasen,26,12,32.0,2.0,2.0
1359526,JC Buttler,95,63,113.0,10.0,4.0
1359526,M Jansen,3,2,3.0,0.0,0.0
1359526,RA Tripathi,47,31,55.0,2.0,3.0
1359526,SO Hetmyer,7,5,7.0,0.0,0.0
1359526,SV Samson,66,38,80.0,4.0,5.0
1359526,YBK Jaiswal,35,19,44.0,5.0,2.0
1359527,AD Russell,42,24,51.0,3.0,3.0
1359527,Harpreet Brar,17,10,21.0,2.0,1.0
1359527,JJ Roy,38,24,46.0,8.0,0.0
1359527,JM Sharma,21,19,25.0,0.0,2.0
1359527,LS Livingstone,15,9,18.0,3.0,0.0
1359527,M Shahrukh Khan,21,9,26.0,3.0,1.0
1359527,N Rana,51,39,59.0,6.0,1.0
1359527,P Simran Singh,12,8,15.0,3.0,0.0
1359527,PBB Rajapaksa,0,3,0.0,0.0,0.0
1359527,R Dhawan,19,11,22.0,1.0,1.0
1359527,RK Singh,21,10,25.0,2.0,1.0
1359527,Rahmanullah Gurbaz,15,13,18.0,1.0,1.0
1359527,S Dhawan,57,48,68.0,9.0,1.0
1359527,SM Curran,4,9,4.0,0.0,0.0
1359527,VR Iyer,11,13,11.0,0.0,0.0
1359528,Anuj Rawat,6,4,7.0,1.0,0.0
1359528,C Green,2,2,2.0,0.0,0.0
1359528,F du Plessis,65,43,76.0,5.0,3.0
1359528,GJ Maxwell,68,33,84.0,8.0,4.0
1359528,Ishan Kishan,42,22,54.0,4.0,4.0
1359528,KD Karthik,30,18,36.0,4.0,1.0
1359528,KM Jadhav,12,10,13.0,1.0,0.0
1359528,MK Lomror,1,3,1.0,0.0,0.0
1359528,N Wadhera,52,37,62.0,4.0,3.0
1359528,PWH de Silva,12,8,14.0,2.0,0.0
1359528,RG Sharma,7,8,8.0,1.0,0.0
1359528,SA Yadav,83,36,102.0,7.0,6.0
1359528,TH David,0,1,0.0,0.0,0.0
1359528,V Kohli,1,4,1.0,0.0,0.0
1359529,AM Rahane,21,20,23.0,2.0,0.0
1359529,AR Patel,21,14,25.0,2.0,1.0
1359529,AT Rayudu,23,18,26.0,1.0,1.0
1359529,Aman Hakim Khan,2,5,2.0,0.0,0.0
1359529,DA Warner,0,2,0.0,0.0,0.0
1359529,DL Chahar,1,2,1.0,0.0,0.0
1359529,DP Conway,10,15,11.0,1.0,0.0
1359529,Kuldeep Yadav,0,1,0.0,0.0,0.0
1359529,Lalit Yadav,12,5,15.0,3.0,0.0
1359529,MK Pandey,27,29,32.0,1.0,2.0
1359529,MM Ali,7,12,7.0,0.0,0.0
1359529,MR Marsh,5,4,6.0,1.0,0.0
1359529,MS Dhoni,20,11,25.0,1.0,2.0
1359529,PD Salt,17,12,22.0,1.0,2.0
1359529,RA Jadeja,21,18,24.0,1.0,1.0
1359529,RD Gaikwad,24,19,28.0,4.0,0.0
1359529,RR Rossouw,35,37,39.0,2.0,1.0
1359529,RV Patel,10,16,10.0,0.0,0.0
1359529,S Dube,25,14,31.0,0.0,3.0
1359529,TU Deshpande,0,1,0.0,0.0,0.0
1359530,AD Russell,10,10,12.0,0.0,1.0
1359530,AS Roy,6,6,6.0,0.0,0.0
1359530,JC Buttler,0,5,0.0,0.0,0.0
1359530,JJ Roy,10,8,12.0,2.0,0.0
1359530,N Rana,22,17,24.0,2.0,0.0
1359530,RK Singh,16,18,18.0,0.0,1.0
1359530,Rahmanullah Gurbaz,18,12,23.0,1.0,2.0
1359530,SN Thakur,1,2,1.0,0.0,0.0
1359530,SP Narine,6,5,7.0,1.0,0.0
1359530,SV Samson,48,29,60.0,2.0,5.0
1359530,VR Iyer,57,43,67.0,2.0,4.0
1359530,YBK Jaiswal,98,48,121.0,13.0,5.0
1359531,A Manohar,2,3,2.0,0.0,0.0
1359531,AS Joseph,7,12,8.0,1.0,0.0
1359531,C Green,3,3,3.0,0.0,0.0
1359531,DA Miller,41,26,49.0,4.0,2.0
1359531,HH Pandya,4,3,5.0,1.0,0.0
1359531,Ishan Kishan,31,20,37.0,4.0,1.0
1359531,N Wadhera,15,7,18.0,1.0,1.0
1359531,Noor Ahmad,1,3,1.0,0.0,0.0
1359531,R Tewatia,14,13,15.0,1.0,0.0
1359531,RG Sharma,29,18,36.0,3.0,2.0
1359531,Rashid Khan,79,35,102.0,3.0,10.0
1359531,SA Yadav,103,49,126.0,11.0,6.0
1359531,Shubman Gill,6,9,6.0,0.0,0.0
1359531,TH David,5,3,6.0,1.0,0.0
1359531,V Shankar,29,14,35.0,6.0,0.0
1359531,Vishnu Vinod,30,20,36.0,2.0,2.0
1359531,WP Saha,2,5,2.0,0.0,0.0
1359532,AK Markram,28,20,32.0,2.0,1.0
1359532,Abdul Samad,37,25,46.0,1.0,4.0
1359532,Abhishek Sharma,7,6,8.0,1.0,0.0
1359532,Anmolpreet Singh,36,27,43.0,7.0,0.0
1359532,B Kumar,2,1,2.0,0.0,0.0
1359532,GD Phillips,0,1,0.0,0.0,0.0
1359532,H Klaasen,47,30,56.0,3.0,3.0
1359532,KR Mayers,2,15,2.0,0.0,0.0
1359532,MP Stoinis,40,27,48.0,2.0,3.0
1359532,N Pooran,44,13,55.0,3.0,4.0
1359532,PN Mankad,64,47,75.0,7.0,2.0
1359532,Q de Kock,29,19,34.0,3.0,1.0
1359532,RA Tripathi,20,13,24.0,4.0,0.0
1359533,AR Patel,1,2,1.0,0.0,0.0
1359533,Aman Hakim Khan,16,18,19.0,1.0,1.0
1359533,DA Warner,54,27,66.0,10.0,1.0
1359533,Harpreet Brar,2,5,2.0,0.0,0.0
1359533,JM Sharma,5,5,6.0,1.0,0.0
1359533,Kuldeep Yadav,10,17,10.0,0.0,0.0
1359533,LS Livingstone,4,5,5.0,1.0,0.0
1359533,M Shahrukh Khan,2,4,2.0,0.0,0.0
1359533,MK Pandey,0,3,0.0,0.0,0.0
1359533,MR Marsh,3,4,3.0,0.0,0.0
1359533,Mukesh Kumar,6,8,6.0,0.0,0.0
1359533,P Dubey,16,20,18.0,2.0,0.0
1359533,P Simran Singh,103,68,125.0,10.0,6.0
1359533,PD Salt,21,17,24.0,3.0,0.0
1359533,RR Rossouw,5,7,6.0,1.0,0.0
1359533,S Dhawan,7,7,9.0,0.0,1.0
1359533,SM Curran,20,25,21.0,1.0,0.0
1359533,Sikandar Raza,11,8,13.0,0.0,1.0
1359534,A Zampa,2,6,2.0,0.0,0.0
1359534,Anuj Rawat,29,11,36.0,3.0,2.0
1359534,D Padikkal,4,4,5.0,1.0,0.0
1359534,Dhruv Jurel,1,7,1.0,0.0,0.0
1359534,F du Plessis,55,45,62.0,3.0,2.0
1359534,GJ Maxwell,54,35,65.0,5.0,3.0
1359534,JC Buttler,0,3,0.0,0.0,0.0
1359534,JE Root,10,15,11.0,1.0,0.0
1359534,KD Karthik,0,2,0.0,0.0,0.0
1359534,KM Asif,0,2,0.0,0.0,0.0
1359534,MG Bracewell,9,9,9.0,0.0,0.0
1359534,MK Lomror,1,2,1.0,0.0,0.0
1359534,SO Hetmyer,35,19,44.0,1.0,4.0
1359534,SV Samson,4,5,5.0,1.0,0.0
1359534,Sandeep Sharma,0,1,0.0,0.0,0.0
1359534,V Kohli,18,20,19.0,1.0,0.0
1359534,YBK Jaiswal,0,3,0.0,0.0,0.0
1359535,AD Russell,2,2,2.0,0.0,0.0
1359535,AM Rahane,16,11,19.0,1.0,1.0
1359535,AT Rayudu,4,7,4.0,0.0,0.0
1359535,DP Conway,30,28,33.0,3.0,0.0
1359535,JJ Roy,12,16,13.0,1.0,0.0
1359535,MM Ali,1,2,1.0,0.0,0.0
1359535,MS Dhoni,2,4,2.0,0.0,0.0
1359535,N Rana,57,47,65.0,6.0,1.0
1359535,RA Jadeja,20,24,22.0,0.0,1.0
1359535,RD Gaikwad,17,13,19.0,2.0,0.0
1359535,RK Singh,54,44,64.0,4.0,3.0
1359535,Rahmanullah Gurbaz,1,5,1.0,0.0,0.0
1359535,S Dube,48,36,55.0,1.0,3.0
1359535,VR Iyer,9,4,11.0,2.0,0.0
1359536,AK Markram,10,10,11.0,1.0,0.0
1359536,Abdul Samad,4,3,5.0,1.0,0.0
1359536,Abhishek Sharma,5,6,6.0,1.0,0.0
1359536,Anmolpreet Singh,5,4,6.0,1.0,0.0
1359536,B Kumar,27,28,30.0,3.0,0.0
1359536,B Sai Sudharsan,47,40,55.0,6.0,1.0
1359536,DA Miller,7,5,8.0,1.0,0.0
1359536,Fazalhaq Farooqi,1,5,1.0,0.0,0.0
1359536,H Klaasen,64,46,74.0,4.0,3.0
1359536,HH Pandya,8,6,9.0,1.0,0.0
1359536,M Jansen,3,6,3.0,0.0,0.0
1359536,M Markande,18,9,22.0,2.0,1.0
1359536,MD Shanaka,9,7,10.0,1.0,0.0
1359536,MM Sharma,0,1,0.0,0.0,0.0
1359536,Mohammed Shami,0,1,0.0,0.0,0.0
1359536,Noor Ahmad,0,1,0.0,0.0,0.0
1359536,R Tewatia,3,4,3.0,0.0,0.0
1359536,RA Tripathi,1,2,1.0,0.0,0.0
1359536,Rashid Khan,0,1,0.0,0.0,0.0
1359536,Sanvir Singh,7,6,9.0,0.0,1.0
1359536,Shubman Gill,101,59,116.0,13.0,1.0
1359536,WP Saha,0,3,0.0,0.0,0.0
1359537,C Green,4,7,4.0,0.0,0.0
1359537,DJ Hooda,5,7,5.0,0.0,0.0
1359537,Ishan Kishan,59,41,69.0,8.0,1.0
1359537,KH Pandya,49,42,52.0,1.0,1.0
1359537,MP Stoinis,89,50,109.0,4.0,8.0
1359537,N Pooran,8,10,9.0,1.0,0.0
1359537,N Wadhera,16,21,18.0,2.0,0.0
1359537,PN Mankad,0,1,0.0,0.0,0.0
1359537,Q de Kock,16,15,20.0,0.0,2.0
1359537,RG Sharma,37,27,44.0,1.0,3.0
1359537,SA Yadav,7,9,7.0,0.0,0.0
1359537,TH David,32,21,39.0,1.0,3.0
1359537,Vishnu Vinod,2,4,2.0,0.0,0.0
1359538,Atharva Taide,55,43,64.0,5.0,2.0
1359538,DA Warner,46,31,55.0,5.0,2.0
1359538,Harpreet Brar,0,1,0.0,0.0,0.0
1359538,JM Sharma,0,3,0.0,0.0,0.0
1359538,LS Livingstone,94,49,117.0,5.0,9.0
1359538,M Shahrukh Khan,6,3,8.0,0.0,1.0
1359538,P Simran Singh,22,19,26.0,4.0,0.0
1359538,PD Salt,26,14,32.0,2.0,2.0
1359538,PP Shaw,54,40,63.0,7.0,1.0
1359538,RR Rossouw,82,40,100.0,6.0,6.0
1359538,S Dhawan,0,1,0.0,0.0,0.0
1359538,SM Curran,11,5,14.0,1.0,1.0
1359539,AK Markram,18,20,18.0,0.0,0.0
1359539,Abhishek Sharma,11,15,13.0,2.0,0.0
1359539,F du Plessis,71,48,82.0,7.0,2.0
1359539,GD Phillips,5,4,6.0,1.0,0.0
1359539,GJ Maxwell,5,3,6.0,1.0,0.0
1359539,H Klaasen,104,52,124.0,8.0,6.0
1359539,HC Brook,27,21,31.0,2.0,1.0
1359539,MG Bracewell,4,5,4.0,0.0,0.0
1359539,RA Tripathi,15,12,19.0,2.0,1.0
1359539,V Kohli,100,65,120.0,12.0,4.0
1359540,Atharva Taide,19,12,24.0,3.0,1.0
1359540,D Padikkal,51,30,62.0,5.0,3.0
1359540,Dhruv Jurel,10,4,12.0,0.0,1.0
1359540,JC Buttler,0,4,0.0,0.0,0.0
1359540,JM Sharma,44,28,53.0,3.0,3.0
1359540,LS Livingstone,9,13,10.0,1.0,0.0
1359540,M Shahrukh Khan,41,24,49.0,4.0,2.0
1359540,P Simran Singh,2,2,2.0,0.0,0.0
1359540,R Parag,20,13,25.0,1.0,2.0
1359540,S Dhawan,17,13,21.0,2.0,1.0
1359540,SM Curran,49,34,57.0,4.0,2.0
1359540,SO Hetmyer,46,32,56.0,4.0,3.0
1359540,SV Samson,2,3,2.0,0.0,0.0
1359540,TA Boult,1,2,1.0,0.0,0.0
1359540,YBK Jaiswal,50,38,58.0,8.0,0.0
1359541,A Nortje,0,1,0.0,0.0,0.0
1359541,AR Patel,15,9,18.0,1.0,1.0
1359541,Aman Hakim Khan,7,11,8.0,1.0,0.0
1359541,C Sakariya,0,2,0.0,0.0,0.0
1359541,DA Warner,86,60,103.0,7.0,5.0
1359541,DP Conway,87,53,104.0,11.0,3.0
1359541,Kuldeep Yadav,0,1,0.0,0.0,0.0
1359541,Lalit Yadav,6,14,6.0,0.0,0.0
1359541,MS Dhoni,5,5,5.0,0.0,0.0
1359541,PD Salt,3,6,3.0,0.0,0.0
1359541,PP Shaw,5,7,6.0,1.0,0.0
1359541,RA Jadeja,20,8,25.0,3.0,1.0
1359541,RD Gaikwad,79,51,96.0,3.0,7.0
1359541,RR Rossouw,0,1,0.0,0.0,0.0
1359541,S Dube,22,12,28.0,0.0,3.0
1359541,YV Dhull,13,15,14.0,1.0,0.0
1359542,A Badoni,25,22,29.0,2.0,1.0
1359542,AD Russell,7,9,9.0,0.0,1.0
1359542,JJ Roy,45,29,54.0,7.0,1.0
1359542,K Gowtham,11,4,14.0,1.0,1.0
1359542,KH Pandya,9,8,11.0,0.0,1.0
1359542,KS Sharma,3,5,3.0,0.0,0.0
1359542,MP Stoinis,0,2,0.0,0.0,0.0
1359542,N Pooran,58,33,72.0,4.0,5.0
1359542,N Rana,8,10,9.0,1.0,0.0
1359542,Naveen-ul-Haq,2,3,2.0,0.0,0.0
1359542,PN Mankad,26,20,31.0,5.0,0.0
1359542,Q de Kock,28,27,32.0,0.0,2.0
1359542,RK Singh,67,35,81.0,6.0,4.0
1359542,Rahmanullah Gurbaz,10,16,10.0,0.0,0.0
1359542,Ravi Bishnoi,2,3,2.0,0.0,0.0
1359542,SN Thakur,3,7,3.0,0.0,0.0
1359542,SP Narine,1,3,1.0,0.0,0.0
1359542,VG Arora,1,1,1.0,0.0,0.0
1359542,VR Iyer,24,15,29.0,3.0,1.0
1359543,AK Markram,13,7,15.0,0.0,1.0
1359543,C Green,100,47,124.0,8.0,8.0
1359543,GD Phillips,1,4,1.0,0.0,0.0
1359543,H Klaasen,18,13,20.0,2.0,0.0
1359543,HC Brook,0,1,0.0,0.0,0.0
1359543,Ishan Kishan,14,12,17.0,1.0,1.0
1359543,MA Agarwal,83,49,99.0,8.0,4.0
1359543,RG Sharma,56,38,66.0,8.0,1.0
1359543,SA Yadav,25,16,29.0,4.0,0.0
1359543,Sanvir Singh,4,3,5.0,1.0,0.0
1359543,Vivrant Sharma,69,49,82.0,9.0,2.0
1359544,Anuj Rawat,23,16,26.0,1.0,1.0
1359544,DA Miller,6,8,7.0,1.0,0.0
1359544,F du Plessis,28,19,33.0,5.0,0.0
1359544,GJ Maxwell,11,5,14.0,1.0,1.0
1359544,KD Karthik,0,1,0.0,0.0,0.0
1359544,MD Shanaka,0,3,0.0,0.0,0.0
1359544,MG Bracewell,26,17,31.0,5.0,0.0
1359544,MK Lomror,1,4,1.0,0.0,0.0
1359544,R Tewatia,4,5,4.0,0.0,0.0
1359544,Shubman Gill,104,56,125.0,5.0,8.0
1359544,V Kohli,101,63,116.0,13.0,1.0
1359544,V Shankar,53,36,64.0,7.0,2.0
1359544,WP Saha,12,15,14.0,2.0,0.0
1370350,AM Rahane,17,10,19.0,0.0,1.0
1370350,AT Rayudu,17,9,20.0,1.0,1.0
1370350,DA Miller,4,7,4.0,0.0,0.0
1370350,DG Nalkande,0,1,0.0,0.0,0.0
1370350,DP Conway,40,34,44.0,4.0,0.0
1370350,HH Pandya,8,7,9.0,1.0,0.0
1370350,MD Shanaka,17,16,20.0,1.0,1.0
1370350,MM Ali,9,4,11.0,0.0,1.0
1370350,MS Dhoni,1,2,1.0,0.0,0.0
1370350,Mohammed Shami,5,7,6.0,1.0,0.0
1370350,Noor Ahmad,7,5,8.0,1.0,0.0
1370350,R Tewatia,3,6,3.0,0.0,0.0
1370350,RA Jadeja,22,16,24.0,2.0,0.0
1370350,RD Gaikwad,60,44,69.0,7.0,1.0
1370350,Rashid Khan,30,18,37.0,3.0,2.0
1370350,S Dube,1,3,1.0,0.0,0.0
1370350,Shubman Gill,42,41,48.0,4.0,1.0
1370350,V Shankar,14,13,16.0,0.0,1.0
1370350,WP Saha,12,11,14.0,2.0,0.0
1370351,A Badoni,1,7,1.0,0.0,0.0
1370351,C Green,41,23,49.0,6.0,1.0
1370351,CJ Jordan,4,7,4.0,0.0,0.0
1370351,DJ Hooda,15,14,17.0,0.0,1.0
1370351,HR Shokeen,0,1,0.0,0.0,0.0
1370351,Ishan Kishan,15,12,18.0,3.0,0.0
1370351,K Gowtham,2,3,2.0,0.0,0.0
1370351,KH Pandya,8,11,9.0,1.0,0.0
1370351,KR Mayers,18,13,21.0,3.0,0.0
1370351,MP Stoinis,40,29,47.0,5.0,1.0
1370351,Mohsin Khan,0,7,0.0,0.0,0.0
1370351,N Pooran,0,1,0.0,0.0,0.0
1370351,N Wadhera,23,12,29.0,2.0,2.0
1370351,Naveen-ul-Haq,1,5,1.0,0.0,0.0
1370351,PN Mankad,3,6,3.0,0.0,0.0
1370351,RG Sharma,11,10,14.0,1.0,1.0
1370351,Ravi Bishnoi,3,6,3.0,0.0,0.0
1370351,SA Yadav,33,20,39.0,2.0,2.0
1370351,TH David,13,16,14.0,1.0,0.0
1370351,Tilak Varma,26,25,30.0,0.0,2.0
1370352,B Sai Sudharsan,43,31,50.0,5.0,1.0
1370352,C Green,30,21,36.0,2.0,2.0
1370352,CJ Jordan,2,6,2.0,0.0,0.0
1370352,HH Pandya,28,13,34.0,2.0,2.0
1370352,JP Behrendorff,3,5,3.0,0.0,0.0
1370352,K Kartikeya,6,7,7.0,1.0,0.0
1370352,N Wadhera,4,3,5.0,1.0,0.0
1370352,PP Chawla,0,2,0.0,0.0,0.0
1370352,RG Sharma,8,7,9.0,1.0,0.0
1370352,Rashid Khan,5,3,6.0,1.0,0.0
1370352,SA Yadav,61,39,72.0,7.0,2.0
1370352,Shubman Gill,129,63,156.0,7.0,10.0
1370352,TH David,2,3,2.0,0.0,0.0
1370352,Tilak Varma,43,14,54.0,5.0,3.0
1370352,Vishnu Vinod,5,8,5.0,0.0,0.0
1370352,WP Saha,18,17,21.0,3.0,0.0
1370353,AM Rahane,27,14,33.0,2.0,2.0
1370353,AT Rayudu,19,8,24.0,1.0,2.0
1370353,B Sai Sudharsan,96,48,116.0,8.0,6.0
1370353,DP Conway,47,28,55.0,4.0,2.0
1370353,HH Pandya,21,12,25.0,0.0,2.0
1370353,MS Dhoni,0,1,0.0,0.0,0.0
1370353,RA Jadeja,15,6,18.0,1.0,1.0
1370353,RD Gaikwad,26,16,31.0,3.0,1.0
1370353,Rashid Khan,0,2,0.0,0.0,0.0
1370353,S Dube,32,21,36.0,0.0,2.0
1370353,Shubman Gill,39,20,46.0,7.0,0.0
1370353,WP Saha,54,40,61.0,5.0,1.0
1422119,AM Rahane,27,20,31.0,0.0,2.0
1422119,Anuj Rawat,48,26,58.0,4.0,3.0
1422119,C Green,18,22,19.0,1.0,0.0
1422119,DJ Mitchell,22,18,26.0,0.0,2.0
1422119,F du Plessis,35,24,43.0,8.0,0.0
1422119,GJ Maxwell,0,1,0.0,0.0,0.0
1422119,KD Karthik,38,32,45.0,3.0,2.0
1422119,R Ravindra,37,17,46.0,3.0,3.0
1422119,RA Jadeja,25,18,27.0,0.0,1.0
1422119,RD Gaikwad,15,15,18.0,3.0,0.0
1422119,RM Patidar,0,3,0.0,0.0,0.0
1422119,S Dube,34,32,40.0,4.0,1.0
1422119,V Kohli,21,21,23.0,0.0,1.0
1422120,AR Patel,21,13,25.0,2.0,1.0
1422120,Abishek Porel,32,10,40.0,4.0,2.0
1422120,DA Warner,29,22,36.0,3.0,2.0
1422120,Harpreet Brar,2,2,2.0,0.0,0.0
1422120,JM Bairstow,9,3,11.0,2.0,0.0
1422120,JM Sharma,9,9,10.0,1.0,0.0
1422120,Kuldeep Yadav,1,2,1.0,0.0,0.0
1422120,LS Livingstone,38,23,46.0,2.0,3.0
1422120,MR Marsh,20,14,26.0,2.0,2.0
1422120,P Simran Singh,26,17,31.0,5.0,0.0
1422120,RK Bhui,3,7,3.0,0.0,0.0
1422120,RR Pant,18,13,20.0,2.0,0.0
1422120,S Dhawan,22,19,26.0,4.0,0.0
1422120,SD Hope,33,25,39.0,2.0,2.0
1422120,SM Curran,63,48,71.0,6.0,1.0
1422120,Shashank Singh,0,1,0.0,0.0,0.0
1422120,Sumit Kumar,2,10,2.0,0.0,0.0
1422120,T Stubbs,5,8,5.0,0.0,0.0
1422121,AD Russell,64,28,81.0,3.0,7.0
1422121,AK Markram,18,13,20.0,2.0,0.0
1422121,Abdul Samad,15,11,18.0,1.0,1.0
1422121,Abhishek Sharma,32,19,40.0,4.0,2.0
1422121,H Klaasen,63,30,79.0,0.0,8.0
1422121,M Jansen,1,1,1.0,0.0,0.0
1422121,MA Agarwal,32,22,38.0,4.0,1.0
1422121,MA Starc,6,3,7.0,1.0,0.0
1422121,N Rana,9,11,10.0,1.0,0.0
1422121,PD Salt,54,42,63.0,3.0,3.0
1422121,PJ Cummins,0,1,0.0,0.0,0.0
1422121,RA Tripathi,20,20,22.0,0.0,1.0
1422121,RK Singh,23,15,26.0,3.0,0.0
1422121,Ramandeep Singh,35,17,44.0,1.0,4.0
1422121,SP Narine,2,5,2.0,0.0,0.0
1422121,SS Iyer,0,2,0.0,0.0,0.0
1422121,Shahbaz Ahmed,16,5,21.0,1.0,2.0
1422121,VR Iyer,7,5,8.0,1.0,0.0
1422122,A Badoni,1,5,1.0,0.0,0.0
1422122,D Padikkal,0,3,0.0,0.0,0.0
1422122,DJ Hooda,26,13,32.0,2.0,2.0
1422122,Dhruv Jurel,20,14,23.0,1.0,1.0
1422122,JC Buttler,11,10,13.0,2.0,0.0
1422122,KH Pandya,3,6,3.0,0.0,0.0
1422122,KL Rahul,58,45,66.0,4.0,2.0
1422122,MP Stoinis,3,4,3.0,0.0,0.0
1422122,N Pooran,64,43,76.0,4.0,4.0
1422122,Q de Kock,4,5,5.0,1.0,0.0
1422122,R Parag,43,31,50.0,1.0,3.0
1422122,SO Hetmyer,5,7,5.0,0.0,0.0
1422122,SV Samson,82,53,97.0,3.0,6.0
1422122,YBK Jaiswal,24,12,29.0,3.0,1.0
1422123,Azmatullah Omarzai,17,11,20.0,1.0,1.0
1422123,B Sai Sudharsan,45,40,50.0,3.0,1.0
1422123,D Brevis,46,38,54.0,2.0,3.0
1422123,DA Miller,12,11,13.0,1.0,0.0
1422123,G Coetzee,1,3,1.0,0.0,0.0
1422123,HH Pandya,11,4,14.0,1.0,1.0
1422123,Ishan Kishan,0,4,0.0,0.0,0.0
1422123,JJ Bumrah,1,1,1.0,0.0,0.0
1422123,Naman Dhir,20,12,25.0,3.0,1.0
1422123,PP Chawla,0,1,0.0,0.0,0.0
1422123,R Tewatia,22,16,26.0,2.0,1.0
1422123,RG Sharma,43,29,52.0,7.0,1.0
1422123,Rashid Khan,4,3,4.0,0.0,0.0
1422123,SZ Mulani,1,1,1.0,0.0,0.0
1422123,Shubman Gill,31,23,36.0,3.0,1.0
1422123,TH David,11,11,12.0,1.0,0.0
1422123,Tilak Varma,25,19,28.0,1.0,1.0
1422123,V Shankar,6,5,6.0,0.0,0.0
1422123,WP Saha,19,15,23.0,4.0,0.0
1422124,Anuj Rawat,11,14,12.0,1.0,0.0
1422124,C Green,3,5,3.0,0.0,0.0
1422124,F du Plessis,3,7,3.0,0.0,0.0
1422124,GJ Maxwell,3,6,3.0,0.0,0.0
1422124,Harpreet Brar,2,3,2.0,0.0,0.0
1422124,JM Bairstow,8,6,10.0,2.0,0.0
1422124,JM Sharma,27,20,32.0,1.0,2.0
1422124,KD Karthik,28,12,35.0,3.0,2.0
1422124,LS Livingstone,17,14,20.0,1.0,1.0
1422124,MK Lomror,17,8,21.0,2.0,1.0
1422124,P Simran Singh,25,17,31.0,2.0,2.0
1422124,RM Patidar,18,19,21.0,1.0,1.0
1422124,S Dhawan,45,38,52.0,5.0,1.0
1422124,SM Curran,23,19,26.0,3.0,0.0
1422124,Shashank Singh,21,8,26.0,1.0,2.0
1422124,V Kohli,77,52,92.0,11.0,2.0
1422125,AM Rahane,12,12,13.0,1.0,0.0
1422125,Azmatullah Omarzai,11,11,12.0,1.0,0.0
1422125,B Sai Sudharsan,37,35,40.0,3.0,0.0
1422125,DA Miller,21,17,24.0,3.0,0.0
1422125,DJ Mitchell,24,20,26.0,2.0,0.0
1422125,R Ravindra,46,22,58.0,6.0,3.0
1422125,R Tewatia,6,12,7.0,1.0,0.0
1422125,RA Jadeja,7,3,8.0,1.0,0.0
1422125,RD Gaikwad,46,37,53.0,5.0,1.0
1422125,Rashid Khan,1,2,1.0,0.0,0.0
1422125,S Dube,51,25,63.0,2.0,5.0
1422125,SH Johnson,5,5,6.0,1.0,0.0
1422125,Sameer Rizvi,14,6,18.0,0.0,2.0
1422125,Shubman Gill,8,5,10.0,0.0,1.0
1422125,UT Yadav,10,11,12.0,0.0,1.0
1422125,V Shankar,12,12,14.0,0.0,1.0
1422125,WP Saha,21,18,25.0,4.0,0.0
1422126,AK Markram,42,33,46.0,2.0,1.0
1422126,Abhishek Sharma,63,23,80.0,3.0,7.0
1422126,H Klaasen,80,35,98.0,4.0,7.0
1422126,HH Pandya,24,20,27.0,1.0,1.0
1422126,Ishan Kishan,34,13,44.0,2.0,4.0
1422126,MA Agarwal,11,14,12.0,1.0,0.0
1422126,Naman Dhir,30,15,36.0,2.0,2.0
1422126,R Shepherd,15,6,19.0,2.0,1.0
1422126,RG Sharma,26,12,33.0,1.0,3.0
1422126,TH David,42,24,50.0,2.0,3.0
1422126,TM Head,62,25,77.0,9.0,3.0
1422126,Tilak Varma,64,36,78.0,2.0,6.0
1422127,AR Patel,15,15,16.0,1.0,0.0
1422127,Abishek Porel,9,10,9.0,0.0,0.0
1422127,DA Warner,49,34,60.0,5.0,3.0
1422127,Dhruv Jurel,20,12,23.0,3.0,0.0
1422127,JC Buttler,11,16,11.0,0.0,0.0
1422127,MR Marsh,23,12,28.0,5.0,0.0
1422127,R Ashwin,29,20,35.0,0.0,3.0
1422127,R Parag,84,47,103.0,7.0,6.0
1422127,RK Bhui,0,2,0.0,0.0,0.0
1422127,RR Pant,28,27,32.0,2.0,1.0
1422127,SO Hetmyer,14,8,17.0,1.0,1.0
1422127,SV Samson,15,15,18.0,3.0,0.0
1422127,T Stubbs,44,24,52.0,2.0,3.0
1422127,YBK Jaiswal,5,7,6.0,1.0,0.0
1422128,Anuj Rawat,3,3,3.0,0.0,0.0
1422128,C Green,33,21,41.0,4.0,2.0
1422128,F du Plessis,8,7,10.0,0.0,1.0
1422128,GJ Maxwell,28,19,33.0,3.0,1.0
1422128,KD Karthik,20,8,26.0,0.0,3.0
1422128,PD Salt,30,20,36.0,2.0,2.0
1422128,RK Singh,5,6,5.0,0.0,0.0
1422128,RM Patidar,3,5,3.0,0.0,0.0
1422128,SP Narine,47,23,59.0,2.0,5.0
1422128,SS Iyer,39,24,45.0,2.0,2.0
1422128,V Kohli,83,60,95.0,4.0,4.0
1422128,VR Iyer,50,32,61.0,3.0,4.0
1422129,A Badoni,8,10,8.0,0.0,0.0
1422129,D Padikkal,9,6,11.0,2.0,0.0
1422129,JM Bairstow,42,29,51.0,3.0,3.0
1422129,JM Sharma,6,10,7.0,1.0,0.0
1422129,KH Pandya,43,25,51.0,4.0,2.0
1422129,KL Rahul,15,10,18.0,1.0,1.0
1422129,LS Livingstone,28,18,34.0,2.0,2.0
1422129,MP Stoinis,19,12,23.0,0.0,2.0
1422129,Mohsin Khan,2,1,2.0,0.0,0.0
1422129,N Pooran,42,21,51.0,3.0,3.0
1422129,P Simran Singh,19,7,24.0,1.0,2.0
1422129,Q de Kock,54,39,63.0,5.0,2.0
1422129,Ravi Bishnoi,0,1,0.0,0.0,0.0
1422129,S Dhawan,70,50,83.0,7.0,3.0
1422129,SM Curran,0,1,0.0,0.0,0.0
1422129,Shashank Singh,9,7,10.0,1.0,0.0
1422130,AK Markram,17,19,17.0,0.0,0.0
1422130,Abdul Samad,29,15,34.0,3.0,1.0
1422130,Abhishek Sharma,29,21,35.0,2.0,2.0
1422130,B Sai Sudharsan,45,38,51.0,4.0,1.0
1422130,DA Miller,44,29,52.0,4.0,2.0
1422130,H Klaasen,24,13,29.0,1.0,2.0
1422130,MA Agarwal,16,17,18.0,2.0,0.0
1422130,PJ Cummins,2,2,2.0,0.0,0.0
1422130,Shahbaz Ahmed,22,20,25.0,1.0,1.0
1422130,Shubman Gill,36,28,40.0,2.0,1.0
1422130,TM Head,19,14,22.0,3.0,0.0
1422130,V Shankar,14,11,16.0,2.0,0.0
1422130,WP Saha,25,13,30.0,1.0,2.0
1422130,Washington Sundar,0,1,0.0,0.0,0.0
1422131,AM Rahane,45,31,54.0,5.0,2.0
1422131,AR Patel,7,8,7.0,0.0,0.0
1422131,Abishek Porel,9,7,10.0,1.0,0.0
1422131,DA Warner,52,35,63.0,5.0,3.0
1422131,DJ Mitchell,34,26,39.0,1.0,2.0
1422131,MR Marsh,18,13,22.0,2.0,1.0
1422131,MS Dhoni,37,19,47.0,4.0,3.0
1422131,PP Shaw,43,29,51.0,4.0,2.0
1422131,R Ravindra,2,12,2.0,0.0,0.0
1422131,RA Jadeja,21,18,23.0,2.0,0.0
1422131,RD Gaikwad,1,3,1.0,0.0,0.0
1422131,RR Pant,51,33,61.0,4.0,3.0
1422131,S Dube,18,19,19.0,1.0,0.0
1422131,Sameer Rizvi,0,1,0.0,0.0,0.0
1422131,T Stubbs,0,2,0.0,0.0,0.0
1422132,Akash Madhwal,4,5,4.0,0.0,0.0
1422132,D Brevis,0,1,0.0,0.0,0.0
1422132,G Coetzee,4,9,4.0,0.0,0.0
1422132,HH Pandya,34,21,40.0,6.0,0.0
1422132,Ishan Kishan,16,15,20.0,2.0,1.0
1422132,JC Buttler,13,19,15.0,2.0,0.0
1422132,JJ Bumrah,8,9,9.0,1.0,0.0
1422132,Naman Dhir,0,1,0.0,0.0,0.0
1422132,PP Chawla,3,6,3.0,0.0,0.0
1422132,R Ashwin,16,16,17.0,1.0,0.0
1422132,R Parag,54,40,65.0,5.0,3.0
1422132,RG Sharma,0,1,0.0,0.0,0.0
1422132,SB Dubey,8,6,9.0,1.0,0.0
1422132,SV Samson,12,12,15.0,3.0,0.0
1422132,TH David,17,26,18.0,1.0,0.0
1422132,Tilak Varma,32,30,36.0,0.0,2.0
1422132,YBK Jaiswal,10,6,12.0,2.0,0.0
1422133,A Badoni,0,3,0.0,0.0,0.0
1422133,Anuj Rawat,11,22,11.0,0.0,0.0
1422133,C Green,9,10,10.0,1.0,0.0
1422133,D Padikkal,6,14,6.0,0.0,0.0
1422133,F du Plessis,19,13,22.0,3.0,0.0
1422133,GJ Maxwell,0,2,0.0,0.0,0.0
1422133,KD Karthik,4,9,4.0,0.0,0.0
1422133,KL Rahul,20,15,24.0,0.0,2.0
1422133,MK Lomror,33,13,42.0,3.0,3.0
1422133,MP Stoinis,24,15,29.0,1.0,2.0
1422133,Mayank Dagar,0,1,0.0,0.0,0.0
1422133,Mohammed Siraj,12,9,16.0,0.0,2.0
1422133,N Pooran,40,22,51.0,1.0,5.0
1422133,Q de Kock,81,57,99.0,8.0,5.0
1422133,RJW Topley,3,6,3.0,0.0,0.0
1422133,RM Patidar,29,21,35.0,2.0,2.0
1422133,V Kohli,22,16,26.0,2.0,1.0
1422134,A Nortje,4,7,4.0,0.0,0.0
1422134,A Raghuvanshi,54,28,65.0,5.0,3.0
1422134,AD Russell,41,24,51.0,4.0,3.0
1422134,AR Patel,0,1,0.0,0.0,0.0
1422134,Abishek Porel,0,5,0.0,0.0,0.0
1422134,DA Warner,18,14,22.0,2.0,1.0
1422134,I Sharma,1,3,1.0,0.0,0.0
1422134,MA Starc,1,1,1.0,0.0,0.0
1422134,MR Marsh,0,2,0.0,0.0,0.0
1422134,PD Salt,18,14,22.0,4.0,0.0
1422134,PP Shaw,10,7,12.0,2.0,0.0
1422134,RK Singh,26,10,33.0,1.0,3.0
1422134,RR Pant,55,26,69.0,4.0,5.0
1422134,Ramandeep Singh,2,2,2.0,0.0,0.0
1422134,Rasikh Salam,1,5,1.0,0.0,0.0
1422134,SP Narine,85,42,106.0,7.0,7.0
1422134,SS Iyer,18,11,22.0,0.0,2.0
1422134,Sumit Kumar,7,7,9.0,0.0,1.0
1422134,T Stubbs,54,33,66.0,4.0,4.0
1422134,VR Iyer,5,2,6.0,1.0,0.0
1422135,Ashutosh Sharma,31,17,36.0,3.0,1.0
1422135,B Sai Sudharsan,33,19,39.0,6.0,0.0
1422135,Harpreet Brar,1,3,1.0,0.0,0.0
1422135,JM Bairstow,22,13,26.0,4.0,0.0
1422135,JM Sharma,16,8,20.0,0.0,2.0
1422135,KS Williamson,26,22,30.0,4.0,0.0
1422135,P Simran Singh,35,25,42.0,5.0,1.0
1422135,R Tewatia,23,11,28.0,3.0,1.0
1422135,S Dhawan,1,2,1.0,0.0,0.0
1422135,SM Curran,5,8,5.0,0.0,0.0
1422135,Shashank Singh,61,30,75.0,6.0,4.0
1422135,Shubman Gill,89,48,103.0,6.0,4.0
1422135,Sikandar Raza,15,17,15.0,0.0,0.0
1422135,V Shankar,8,10,8.0,0.0,0.0
1422135,WP Saha,11,14,13.0,2.0,0.0
1422136,AK Markram,50,37,56.0,4.0,1.0
1422136,AM Rahane,35,31,39.0,2.0,1.0
1422136,Abhishek Sharma,37,12,48.0,3.0,4.0
1422136,DJ Mitchell,13,11,14.0,1.0,0.0
1422136,H Klaasen,10,11,11.0,1.0,0.0
1422136,MS Dhoni,1,2,1.0,0.0,0.0
1422136,Nithish Kumar Reddy,14,8,17.0,1.0,1.0
1422136,R Ravindra,12,9,14.0,2.0,0.0
1422136,RA Jadeja,31,23,35.0,4.0,0.0
1422136,RD Gaikwad,26,21,31.0,3.0,1.0
1422136,S Dube,45,24,55.0,2.0,4.0
1422136,Shahbaz Ahmed,18,19,20.0,0.0,1.0
1422136,TM Head,31,24,36.0,3.0,1.0
1422137,C Green,5,6,5.0,0.0,0.0
1422137,Dhruv Jurel,2,3,2.0,0.0,0.0
1422137,F du Plessis,44,33,50.0,2.0,2.0
1422137,GJ Maxwell,1,3,1.0,0.0,0.0
1422137,JC Buttler,100,59,117.0,9.0,4.0
1422137,R Parag,4,4,5.0,1.0,0.0
1422137,SO Hetmyer,11,7,13.0,2.0,0.0
1422137,SV Samson,69,43,81.0,8.0,2.0
1422137,Saurav Chauhan,9,6,11.0,0.0,1.0
1422137,V Kohli,113,77,133.0,12.0,4.0
1422137,YBK Jaiswal,0,2,0.0,0.0,0.0
1422138,AR Patel,8,7,9.0,1.0,0.0
1422138,Abishek Porel,41,31,46.0,5.0,0.0
1422138,DA Warner,10,8,13.0,1.0,1.0
1422138,HH Pandya,39,35,44.0,3.0,1.0
1422138,Ishan Kishan,42,23,50.0,4.0,2.0
1422138,JA Richardson,2,2,2.0,0.0,0.0
1422138,Kumar Kushagra,0,1,0.0,0.0,0.0
1422138,Lalit Yadav,3,4,3.0,0.0,0.0
1422138,PP Shaw,66,41,80.0,8.0,3.0
1422138,R Shepherd,39,12,50.0,3.0,4.0
1422138,RG Sharma,49,29,61.0,6.0,3.0
1422138,RR Pant,1,3,1.0,0.0,0.0
1422138,SA Yadav,0,2,0.0,0.0,0.0
1422138,T Stubbs,71,25,88.0,3.0,7.0
1422138,TH David,45,23,55.0,2.0,4.0
1422138,Tilak Varma,6,5,7.0,1.0,0.0
1422139,A Badoni,20,12,23.0,3.0,0.0
1422139,B Sai Sudharsan,31,24,35.0,4.0,0.0
1422139,BR Sharath,2,5,2.0,0.0,0.0
1422139,D Padikkal,7,7,8.0,1.0,0.0
1422139,DG Nalkande,12,11,14.0,0.0,1.0
1422139,KH Pandya,2,2,2.0,0.0,0.0
1422139,KL Rahul,33,31,36.0,3.0,0.0
1422139,KS Williamson,1,5,1.0,0.0,0.0
1422139,MP Stoinis,58,43,66.0,4.0,2.0
1422139,N Pooran,32,22,38.0,0.0,3.0
1422139,Noor Ahmad,4,2,5.0,1.0,0.0
1422139,Q de Kock,6,4,8.0,0.0,1.0
1422139,R Tewatia,30,28,36.0,2.0,2.0
1422139,Rashid Khan,0,3,0.0,0.0,0.0
1422139,SH Johnson,0,1,0.0,0.0,0.0
1422139,Shubman Gill,19,21,21.0,2.0,0.0
1422139,UT Yadav,2,4,2.0,0.0,0.0
1422139,V Shankar,17,18,19.0,0.0,1.0
1426260,A Raghuvanshi,24,18,29.0,3.0,1.0
1426260,AD Russell,10,12,12.0,2.0,0.0
1426260,AS Roy,3,3,3.0,0.0,0.0
1426260,DJ Mitchell,25,20,28.0,1.0,1.0
1426260,MA Starc,0,3,0.0,0.0,0.0
1426260,MS Dhoni,1,3,1.0,0.0,0.0
1426260,PD Salt,0,1,0.0,0.0,0.0
1426260,R Ravindra,15,9,18.0,3.0,0.0
1426260,RD Gaikwad,67,59,76.0,9.0,0.0
1426260,RK Singh,9,14,9.0,0.0,0.0
1426260,Ramandeep Singh,13,12,15.0,0.0,1.0
1426260,S Dube,28,18,35.0,1.0,3.0
1426260,SP Narine,27,23,34.0,3.0,2.0
1426260,SS Iyer,34,33,37.0,3.0,0.0
1426260,VG Arora,1,1,1.0,0.0,0.0
1426260,VR Iyer,3,8,3.0,0.0,0.0
1426261,AK Markram,0,2,0.0,0.0,0.0
1426261,Abdul Samad,25,13,30.0,5.0,0.0
1426261,Abhishek Sharma,16,12,20.0,2.0,1.0
1426261,Ashutosh Sharma,33,18,40.0,3.0,2.0
1426261,B Kumar,6,8,6.0,0.0,0.0
1426261,H Klaasen,9,9,10.0,1.0,0.0
1426261,JD Unadkat,6,1,8.0,0.0,1.0
1426261,JM Bairstow,0,3,0.0,0.0,0.0
1426261,JM Sharma,19,12,22.0,1.0,1.0
1426261,Nithish Kumar Reddy,64,38,78.0,4.0,5.0
1426261,P Simran Singh,4,6,5.0,1.0,0.0
1426261,PJ Cummins,3,5,3.0,0.0,0.0
1426261,RA Tripathi,11,14,12.0,1.0,0.0
1426261,S Dhawan,14,16,16.0,2.0,0.0
1426261,SM Curran,29,22,35.0,2.0,2.0
1426261,Shahbaz Ahmed,14,8,17.0,1.0,1.0
1426261,Shashank Singh,46,27,54.0,6.0,1.0
1426261,Sikandar Raza,28,22,34.0,2.0,2.0
1426261,TM Head,21,15,25.0,4.0,0.0
1426262,A Manohar,1,2,1.0,0.0,0.0
1426262,B Sai Sudharsan,35,29,40.0,3.0,1.0
1426262,JC Buttler,8,10,8.0,0.0,0.0
1426262,M Shahrukh Khan,14,8,17.0,1.0,1.0
1426262,MS Wade,4,7,4.0,0.0,0.0
1426262,R Parag,76,50,89.0,3.0,5.0
1426262,R Tewatia,22,12,25.0,3.0,0.0
1426262,Rashid Khan,24,14,28.0,4.0,0.0
1426262,SO Hetmyer,13,5,16.0,1.0,1.0
1426262,SV Samson,68,43,79.0,7.0,2.0
1426262,Shubman Gill,72,45,82.0,6.0,2.0
1426262,V Shankar,16,11,19.0,3.0,0.0
1426262,YBK Jaiswal,24,19,29.0,5.0,0.0
1426263,Akash Deep,2,2,2.0,0.0,0.0
1426263,F du Plessis,61,41,71.0,4.0,3.0
1426263,GJ Maxwell,0,6,0.0,0.0,0.0
1426263,HH Pandya,21,6,27.0,0.0,3.0
1426263,Ishan Kishan,69,35,86.0,7.0,5.0
1426263,KD Karthik,53,25,66.0,5.0,4.0
1426263,MK Lomror,0,1,0.0,0.0,0.0
1426263,RG Sharma,38,26,47.0,3.0,3.0
1426263,RM Patidar,50,28,61.0,3.0,4.0
1426263,SA Yadav,52,19,65.0,5.0,4.0
1426263,Saurav Chauhan,9,9,10.0,1.0,0.0
1426263,Tilak Varma,16,10,19.0,3.0,0.0
1426263,V Kohli,3,9,3.0,0.0,0.0
1426263,Vijaykumar Vyshak,0,1,0.0,0.0,0.0
1426263,WG Jacks,8,6,10.0,2.0,0.0
1426264,A Badoni,55,38,62.0,5.0,1.0
1426264,Arshad Khan,20,17,22.0,2.0,0.0
1426264,D Padikkal,3,9,3.0,0.0,0.0
1426264,DA Warner,8,9,9.0,1.0,0.0
1426264,DJ Hooda,10,13,10.0,0.0,0.0
1426264,J Fraser-McGurk,55,38,67.0,2.0,5.0
1426264,KH Pandya,3,4,3.0,0.0,0.0
1426264,KL Rahul,39,22,46.0,5.0,1.0
1426264,MP Stoinis,8,10,9.0,1.0,0.0
1426264,N Pooran,0,1,0.0,0.0,0.0
1426264,PP Shaw,32,22,38.0,6.0,0.0
1426264,Q de Kock,19,13,23.0,4.0,0.0
1426264,RR Pant,41,24,49.0,4.0,2.0
1426264,SD Hope,11,10,12.0,1.0,0.0
1426264,T Stubbs,15,9,17.0,0.0,1.0
1426265,Ashutosh Sharma,31,16,38.0,1.0,3.0
1426265,Atharva Taide,15,14,17.0,2.0,0.0
1426265,Dhruv Jurel,6,11,6.0,0.0,0.0
1426265,Harpreet Brar,3,3,3.0,0.0,0.0
1426265,JM Bairstow,15,19,16.0,1.0,0.0
1426265,JM Sharma,29,25,34.0,1.0,2.0
1426265,KA Maharaj,1,2,1.0,0.0,0.0
1426265,LS Livingstone,21,14,25.0,2.0,1.0
1426265,P Simran Singh,10,15,11.0,1.0,0.0
1426265,R Parag,23,18,26.0,1.0,1.0
1426265,R Powell,11,5,13.0,2.0,0.0
1426265,SM Curran,6,10,6.0,0.0,0.0
1426265,SO Hetmyer,27,10,34.0,1.0,3.0
1426265,SV Samson,18,14,21.0,1.0,1.0
1426265,Shashank Singh,9,9,10.0,1.0,0.0
1426265,Tanush Kotian,24,32,27.0,3.0,0.0
1426265,YBK Jaiswal,39,30,43.0,4.0,0.0
1426266,A Badoni,29,27,33.0,2.0,1.0
1426266,A Raghuvanshi,7,6,9.0,0.0,1.0
1426266,Arshad Khan (2),5,4,6.0,1.0,0.0
1426266,DJ Hooda,8,10,9.0,1.0,0.0
1426266,KH Pandya,7,8,7.0,0.0,0.0
1426266,KL Rahul,39,29,46.0,3.0,2.0
1426266,MP Stoinis,10,5,12.0,2.0,0.0
1426266,N Pooran,45,36,55.0,2.0,4.0
1426266,PD Salt,89,50,109.0,14.0,3.0
1426266,Q de Kock,10,8,12.0,2.0,0.0
1426266,SP Narine,6,6,7.0,1.0,0.0
1426266,SS Iyer,38,43,44.0,6.0,0.0
1426267,AM Rahane,5,8,6.0,1.0,0.0
1426267,DJ Mitchell,17,16,18.0,1.0,0.0
1426267,HH Pandya,2,6,2.0,0.0,0.0
1426267,Ishan Kishan,23,15,28.0,3.0,1.0
1426267,MS Dhoni,20,4,26.0,0.0,3.0
1426267,Mohammad Nabi,4,7,4.0,0.0,0.0
1426267,R Ravindra,21,18,25.0,2.0,1.0
1426267,R Shepherd,1,2,1.0,0.0,0.0
1426267,RD Gaikwad,69,41,84.0,5.0,5.0
1426267,RG Sharma,105,66,126.0,11.0,5.0
1426267,S Dube,66,38,80.0,10.0,2.0
1426267,SA Yadav,0,2,0.0,0.0,0.0
1426267,TH David,13,6,17.0,0.0,2.0
1426267,Tilak Varma,31,20,36.0,5.0,0.0
1426268,AK Markram,32,18,38.0,2.0,2.0
1426268,Abdul Samad,37,11,47.0,4.0,3.0
1426268,Abhishek Sharma,34,23,40.0,2.0,2.0
1426268,Anuj Rawat,25,15,30.0,5.0,0.0
1426268,F du Plessis,62,28,77.0,7.0,4.0
1426268,H Klaasen,67,35,83.0,2.0,7.0
1426268,KD Karthik,83,43,102.0,5.0,7.0
1426268,MK Lomror,19,14,23.0,0.0,2.0
1426268,RM Patidar,9,6,11.0,0.0,1.0
1426268,Saurav Chauhan,0,1,0.0,0.0,0.0
1426268,TM Head,102,45,127.0,9.0,8.0
1426268,V Kohli,42,20,52.0,6.0,2.0
1426268,Vijaykumar Vyshak,1,2,1.0,0.0,0.0
1426268,WG Jacks,7,4,8.0,1.0,0.0
1426269,A Raghuvanshi,30,18,35.0,5.0,0.0
1426269,AD Russell,13,11,15.0,2.0,0.0
1426269,Dhruv Jurel,2,4,2.0,0.0,0.0
1426269,JC Buttler,107,65,128.0,9.0,6.0
1426269,PD Salt,10,13,11.0,1.0,0.0
1426269,R Ashwin,8,12,9.0,1.0,0.0
1426269,R Parag,34,16,42.0,4.0,2.0
1426269,R Powell,26,13,33.0,1.0,3.0
1426269,RK Singh,20,9,25.0,1.0,2.0
1426269,Ramandeep Singh,1,1,1.0,0.0,0.0
1426269,SO Hetmyer,0,1,0.0,0.0,0.0
1426269,SP Narine,109,64,134.0,13.0,6.0
1426269,SS Iyer,11,7,14.0,1.0,1.0
1426269,SV Samson,12,8,14.0,2.0,0.0
1426269,TA Boult,0,1,0.0,0.0,0.0
1426269,VR Iyer,8,6,9.0,1.0,0.0
1426269,YBK Jaiswal,19,10,24.0,3.0,1.0
1426270,A Manohar,8,14,9.0,1.0,0.0
1426270,Abishek Porel,15,8,19.0,2.0,1.0
1426270,B Sai Sudharsan,12,10,14.0,2.0,0.0
1426270,DA Miller,2,6,2.0,0.0,0.0
1426270,J Fraser-McGurk,20,11,26.0,2.0,2.0
1426270,M Shahrukh Khan,0,2,0.0,0.0,0.0
1426270,MM Sharma,2,15,2.0,0.0,0.0
1426270,Noor Ahmad,1,7,1.0,0.0,0.0
1426270,PP Shaw,7,6,8.0,1.0,0.0
1426270,R Tewatia,10,16,11.0,1.0,0.0
1426270,RR Pant,16,11,19.0,1.0,1.0
1426270,Rashid Khan,31,24,35.0,2.0,1.0
1426270,SD Hope,19,10,24.0,1.0,2.0
1426270,SH Johnson,1,1,1.0,0.0,0.0
1426270,Shubman Gill,8,6,10.0,2.0,0.0
1426270,Sumit Kumar,9,9,11.0,2.0,0.0
1426270,WP Saha,2,11,2.0,0.0,0.0
1426271,Ashutosh Sharma,61,29,77.0,2.0,7.0
1426271,HH Pandya,10,6,12.0,0.0,1.0
1426271,HV Patel,1,4,1.0,0.0,0.0
1426271,Harpreet Brar,21,22,25.0,2.0,1.0
1426271,Harpreet Singh,13,15,15.0,2.0,0.0
1426271,Ishan Kishan,8,8,9.0,1.0,0.0
1426271,JM Sharma,9,10,10.0,1.0,0.0
1426271,K Rabada,8,4,10.0,0.0,1.0
1426271,LS Livingstone,1,2,1.0,0.0,0.0
1426271,Mohammad Nabi,0,1,0.0,0.0,0.0
1426271,P Simran Singh,0,1,0.0,0.0,0.0
1426271,R Shepherd,1,2,1.0,0.0,0.0
1426271,RG Sharma,36,26,44.0,2.0,3.0
1426271,RR Rossouw,1,3,1.0,0.0,0.0
1426271,SA Yadav,78,54,91.0,7.0,3.0
1426271,SM Curran,6,8,7.0,1.0,0.0
1426271,Shashank Singh,41,29,49.0,2.0,3.0
1426271,TH David,14,10,18.0,2.0,1.0
1426271,Tilak Varma,34,18,40.0,2.0,2.0
1426272,AM Rahane,36,24,43.0,5.0,1.0
1426272,KL Rahul,82,55,97.0,9.0,3.0
1426272,MM Ali,30,20,36.0,0.0,3.0
1426272,MP Stoinis,8,9,9.0,1.0,0.0
1426272,MS Dhoni,28,12,35.0,3.0,2.0
1426272,N Pooran,23,13,28.0,3.0,1.0
1426272,Q de Kock,54,47,61.0,5.0,1.0
1426272,R Ravindra,0,1,0.0,0.0,0.0
1426272,RA Jadeja,57,40,64.0,5.0,1.0
1426272,RD Gaikwad,17,13,18.0,1.0,0.0
1426272,S Dube,3,8,3.0,0.0,0.0
1426272,Sameer Rizvi,1,5,1.0,0.0,0.0
1426273,A Nortje,0,2,0.0,0.0,0.0
1426273,AK Markram,1,3,1.0,0.0,0.0
1426273,AR Patel,6,8,6.0,0.0,0.0
1426273,Abdul Samad,13,8,16.0,1.0,1.0
1426273,Abhishek Sharma,46,12,60.0,2.0,6.0
1426273,Abishek Porel,42,24,51.0,7.0,1.0
1426273,DA Warner,1,6,1.0,0.0,0.0
1426273,H Klaasen,15,9,19.0,0.0,2.0
1426273,J Fraser-McGurk,65,19,84.0,5.0,7.0
1426273,Kuldeep Yadav,0,1,0.0,0.0,0.0
1426273,Lalit Yadav,7,8,8.0,1.0,0.0
1426273,Mukesh Kumar,0,2,0.0,0.0,0.0
1426273,Nithish Kumar Reddy,37,28,43.0,2.0,2.0
1426273,PJ Cummins,1,1,1.0,0.0,0.0
1426273,PP Shaw,16,5,20.0,4.0,0.0
1426273,RR Pant,44,36,51.0,5.0,1.0
1426273,Shahbaz Ahmed,59,29,71.0,2.0,5.0
1426273,T Stubbs,10,11,10.0,0.0,0.0
1426273,TM Head,89,33,112.0,11.0,6.0
1426274,A Raghuvanshi,3,4,3.0,0.0,0.0
1426274,AD Russell,27,24,31.0,4.0,0.0
1426274,C Green,6,4,8.0,0.0,1.0
1426274,F du Plessis,7,8,8.0,1.0,0.0
1426274,KD Karthik,25,18,30.0,3.0,1.0
1426274,KV Sharma,20,8,26.0,0.0,3.0
1426274,LH Ferguson,1,1,1.0,0.0,0.0
1426274,MK Lomror,4,3,5.0,1.0,0.0
1426274,PD Salt,48,14,61.0,7.0,3.0
1426274,RK Singh,24,17,28.0,2.0,1.0
1426274,RM Patidar,52,24,65.0,3.0,5.0
1426274,Ramandeep Singh,24,10,30.0,2.0,2.0
1426274,SP Narine,10,15,12.0,2.0,0.0
1426274,SS Iyer,50,37,59.0,7.0,1.0
1426274,SS Prabhudessai,24,19,27.0,3.0,0.0
1426274,V Kohli,18,7,23.0,1.0,2.0
1426274,VR Iyer,16,8,19.0,3.0,0.0
1426274,WG Jacks,55,32,69.0,4.0,5.0
1426275,Ashutosh Sharma,3,8,3.0,0.0,0.0
1426275,Azmatullah Omarzai,13,10,15.0,0.0,1.0
1426275,B Sai Sudharsan,31,34,34.0,3.0,0.0
1426275,DA Miller,4,7,4.0,0.0,0.0
1426275,HV Patel,0,1,0.0,0.0,0.0
1426275,Harpreet Brar,29,13,35.0,4.0,1.0
1426275,Harpreet Singh,14,19,14.0,0.0,0.0
1426275,JM Sharma,13,12,15.0,0.0,1.0
1426275,K Rabada,1,1,1.0,0.0,0.0
1426275,LS Livingstone,6,9,7.0,1.0,0.0
1426275,M Shahrukh Khan,8,4,10.0,0.0,1.0
1426275,P Simran Singh,35,21,44.0,3.0,3.0
1426275,R Tewatia,36,18,43.0,7.0,0.0
1426275,RR Rossouw,9,7,11.0,2.0,0.0
1426275,Rashid Khan,3,3,3.0,0.0,0.0
1426275,SM Curran,20,20,22.0,2.0,0.0
1426275,Shashank Singh,8,12,8.0,0.0,0.0
1426275,Shubman Gill,35,29,40.0,5.0,0.0
1426275,WP Saha,13,11,14.0,1.0,0.0
1426276,G Coetzee,0,1,0.0,0.0,0.0
1426276,HH Pandya,10,10,11.0,1.0,0.0
1426276,Ishan Kishan,0,3,0.0,0.0,0.0
1426276,JC Buttler,35,25,41.0,6.0,0.0
1426276,JJ Bumrah,2,1,2.0,0.0,0.0
1426276,Mohammad Nabi,23,17,27.0,2.0,1.0
1426276,N Wadhera,49,25,60.0,3.0,4.0
1426276,PP Chawla,1,1,1.0,0.0,0.0
1426276,RG Sharma,6,5,7.0,1.0,0.0
1426276,SA Yadav,10,8,12.0,2.0,0.0
1426276,SV Samson,38,28,44.0,2.0,2.0
1426276,TH David,3,7,3.0,0.0,0.0
1426276,Tilak Varma,65,50,76.0,5.0,3.0
1426276,YBK Jaiswal,104,64,127.0,9.0,7.0
1426277,AM Rahane,1,3,1.0,0.0,0.0
1426277,D Padikkal,13,20,13.0,0.0,0.0
1426277,DJ Hooda,17,6,21.0,2.0,1.0
1426277,DJ Mitchell,11,10,12.0,1.0,0.0
1426277,KL Rahul,16,14,19.0,1.0,1.0
1426277,MP Stoinis,124,65,149.0,13.0,6.0
1426277,MS Dhoni,4,1,5.0,1.0,0.0
1426277,N Pooran,34,15,41.0,3.0,2.0
1426277,Q de Kock,0,3,0.0,0.0,0.0
1426277,RA Jadeja,16,19,18.0,2.0,0.0
1426277,RD Gaikwad,108,61,126.0,12.0,3.0
1426277,S Dube,66,28,83.0,3.0,7.0
1426278,AR Patel,66,43,79.0,5.0,4.0
1426278,Azmatullah Omarzai,1,2,1.0,0.0,0.0
1426278,B Sai Sudharsan,65,39,76.0,7.0,2.0
1426278,DA Miller,55,23,67.0,6.0,3.0
1426278,J Fraser-McGurk,23,15,29.0,2.0,2.0
1426278,M Shahrukh Khan,8,5,10.0,0.0,1.0
1426278,PP Shaw,11,7,13.0,2.0,0.0
1426278,R Sai Kishore,13,6,17.0,0.0,2.0
1426278,R Tewatia,4,5,4.0,0.0,0.0
1426278,RR Pant,88,45,109.0,5.0,8.0
1426278,Rashid Khan,21,12,26.0,3.0,1.0
1426278,SD Hope,5,6,6.0,1.0,0.0
1426278,Shubman Gill,6,5,7.0,1.0,0.0
1426278,T Stubbs,26,7,33.0,3.0,2.0
1426278,WP Saha,39,27,46.0,5.0,1.0
1426279,AK Markram,7,8,8.0,1.0,0.0
1426279,Abdul Samad,10,6,12.0,0.0,1.0
1426279,Abhishek Sharma,31,15,38.0,3.0,2.0
1426279,B Kumar,13,14,16.0,3.0,0.0
1426279,C Green,37,22,42.0,5.0,0.0
1426279,F du Plessis,25,12,30.0,3.0,1.0
1426279,H Klaasen,7,3,9.0,0.0,1.0
1426279,JD Unadkat,8,11,9.0,1.0,0.0
1426279,KD Karthik,11,7,13.0,2.0,0.0
1426279,MK Lomror,7,5,8.0,1.0,0.0
1426279,Nithish Kumar Reddy,13,14,15.0,0.0,1.0
1426279,PJ Cummins,31,16,38.0,1.0,3.0
1426279,RM Patidar,50,21,62.0,2.0,5.0
1426279,Shahbaz Ahmed,40,39,43.0,1.0,1.0
1426279,Swapnil Singh,12,6,15.0,1.0,1.0
1426279,TM Head,1,3,1.0,0.0,0.0
1426279,V Kohli,51,43,57.0,4.0,1.0
1426279,WG Jacks,6,9,6.0,0.0,0.0
1426280,AD Russell,24,15,30.0,2.0,2.0
1426280,JM Bairstow,108,48,134.0,8.0,9.0
1426280,P Simran Singh,54,21,68.0,4.0,5.0
1426280,PD Salt,75,39,93.0,6.0,6.0
1426280,RK Singh,5,4,6.0,1.0,0.0
1426280,RR Rossouw,26,18,31.0,1.0,2.0
1426280,Ramandeep Singh,6,3,8.0,0.0,1.0
1426280,SP Narine,71,36,88.0,9.0,4.0
1426280,SS Iyer,28,10,35.0,1.0,3.0
1426280,Shashank Singh,68,29,86.0,2.0,8.0
1426280,VR Iyer,39,24,46.0,3.0,2.0
1426281,AR Patel,11,6,13.0,0.0,1.0
1426281,Abishek Porel,36,28,41.0,3.0,1.0
1426281,HH Pandya,46,25,56.0,4.0,3.0
1426281,Ishan Kishan,20,14,24.0,4.0,0.0
1426281,J Fraser-McGurk,84,28,107.0,11.0,6.0
1426281,L Wood,9,3,11.0,0.0,1.0
1426281,Mohammad Nabi,7,4,9.0,0.0,1.0
1426281,N Wadhera,4,2,5.0,1.0,0.0
1426281,PP Chawla,10,4,13.0,1.0,1.0
1426281,RG Sharma,8,10,9.0,1.0,0.0
1426281,RR Pant,29,20,35.0,2.0,2.0
1426281,SA Yadav,26,13,33.0,3.0,2.0
1426281,SD Hope,41,17,51.0,0.0,5.0
1426281,T Stubbs,48,28,58.0,6.0,2.0
1426281,TH David,37,19,45.0,2.0,3.0
1426281,Tilak Varma,63,34,75.0,4.0,4.0
1426282,A Badoni,18,15,19.0,1.0,0.0
1426282,DJ Hooda,50,32,57.0,7.0,0.0
1426282,Dhruv Jurel,52,34,61.0,5.0,2.0
1426282,JC Buttler,34,18,40.0,4.0,1.0
1426282,KH Pandya,15,11,16.0,1.0,0.0
1426282,KL Rahul,76,52,88.0,8.0,2.0
1426282,MP Stoinis,0,4,0.0,0.0,0.0
1426282,N Pooran,11,11,12.0,1.0,0.0
1426282,Q de Kock,8,3,10.0,2.0,0.0
1426282,R Parag,14,11,16.0,0.0,1.0
1426282,SV Samson,71,35,86.0,7.0,4.0
1426282,YBK Jaiswal,24,18,29.0,3.0,1.0
1426283,B Sai Sudharsan,84,54,100.0,8.0,4.0
1426283,DA Miller,26,22,30.0,2.0,1.0
1426283,F du Plessis,24,13,31.0,1.0,3.0
1426283,M Shahrukh Khan,58,31,71.0,3.0,5.0
1426283,Shubman Gill,16,19,17.0,1.0,0.0
1426283,V Kohli,70,45,82.0,6.0,3.0
1426283,WG Jacks,100,42,125.0,5.0,10.0
1426283,WP Saha,5,4,6.0,1.0,0.0
1426284,AK Markram,32,27,36.0,4.0,0.0
1426284,AM Rahane,9,12,10.0,1.0,0.0
1426284,Abdul Samad,19,18,22.0,1.0,1.0
1426284,Abhishek Sharma,15,9,18.0,1.0,1.0
1426284,Anmolpreet Singh,0,1,0.0,0.0,0.0
1426284,B Kumar,4,3,4.0,0.0,0.0
1426284,DJ Mitchell,52,32,61.0,7.0,1.0
1426284,H Klaasen,20,22,22.0,0.0,1.0
1426284,JD Unadkat,1,2,1.0,0.0,0.0
1426284,MS Dhoni,5,2,6.0,1.0,0.0
1426284,Nithish Kumar Reddy,15,15,15.0,0.0,0.0
1426284,PJ Cummins,5,7,6.0,1.0,0.0
1426284,RD Gaikwad,98,57,114.0,10.0,3.0
1426284,S Dube,39,23,48.0,1.0,4.0
1426284,Shahbaz Ahmed,7,5,8.0,1.0,0.0
1426284,TM Head,13,7,16.0,1.0,1.0
1426285,AR Patel,15,21,17.0,2.0,0.0
1426285,Abishek Porel,18,16,22.0,2.0,1.0
1426285,J Fraser-McGurk,12,7,15.0,1.0,1.0
1426285,Kuldeep Yadav,35,28,42.0,5.0,1.0
1426285,Kumar Kushagra,1,3,1.0,0.0,0.0
1426285,LB Williams,1,2,1.0,0.0,0.0
1426285,PD Salt,68,34,85.0,7.0,5.0
1426285,PP Shaw,13,8,16.0,3.0,0.0
1426285,RK Singh,11,11,12.0,1.0,0.0
1426285,RR Pant,27,21,31.0,2.0,1.0
1426285,Rasikh Salam,8,10,9.0,1.0,0.0
1426285,SD Hope,6,3,8.0,0.0,1.0
1426285,SP Narine,15,10,18.0,3.0,0.0
1426285,SS Iyer,33,23,38.0,3.0,1.0
1426285,T Stubbs,4,7,4.0,0.0,0.0
1426285,VR Iyer,26,23,30.0,2.0,1.0
1426286,A Badoni,6,6,7.0,1.0,0.0
1426286,AA Kulkarni,0,1,0.0,0.0,0.0
1426286,AJ Turner,5,9,5.0,0.0,0.0
1426286,DJ Hooda,18,19,20.0,2.0,0.0
1426286,G Coetzee,1,2,1.0,0.0,0.0
1426286,HH Pandya,0,1,0.0,0.0,0.0
1426286,Ishan Kishan,32,38,35.0,3.0,0.0
1426286,KH Pandya,1,1,1.0,0.0,0.0
1426286,KL Rahul,28,24,33.0,3.0,1.0
1426286,MP Stoinis,62,46,73.0,7.0,2.0
1426286,Mohammad Nabi,1,2,1.0,0.0,0.0
1426286,N Pooran,14,16,15.0,1.0,0.0
1426286,N Wadhera,46,43,54.0,4.0,2.0
1426286,RG Sharma,4,5,5.0,1.0,0.0
1426286,SA Yadav,10,6,12.0,0.0,1.0
1426286,TH David,35,18,40.0,3.0,1.0
1426286,Tilak Varma,7,11,8.0,1.0,0.0
1426287,AM Rahane,29,24,34.0,5.0,0.0
1426287,DJ Mitchell,1,1,1.0,0.0,0.0
1426287,JM Bairstow,46,30,55.0,7.0,1.0
1426287,MM Ali,15,12,18.0,1.0,1.0
1426287,MS Dhoni,14,13,17.0,1.0,1.0
1426287,P Simran Singh,13,10,16.0,1.0,1.0
1426287,RA Jadeja,2,4,2.0,0.0,0.0
1426287,RD Gaikwad,62,50,71.0,5.0,2.0
1426287,RR Rossouw,43,25,52.0,5.0,2.0
1426287,S Dube,0,2,0.0,0.0,0.0
1426287,SM Curran,26,24,29.0,3.0,0.0
1426287,Sameer Rizvi,21,23,22.0,1.0,0.0
1426287,Shashank Singh,25,27,28.0,1.0,1.0
1426288,Abhishek Sharma,12,10,14.0,0.0,1.0
1426288,Anmolpreet Singh,5,6,6.0,1.0,0.0
1426288,Dhruv Jurel,1,3,1.0,0.0,0.0
1426288,H Klaasen,42,19,51.0,3.0,3.0
1426288,JC Buttler,0,1,0.0,0.0,0.0
1426288,Nithish Kumar Reddy,76,45,95.0,3.0,8.0
1426288,R Ashwin,2,2,2.0,0.0,0.0
1426288,R Parag,77,56,93.0,8.0,4.0
1426288,R Powell,27,18,32.0,3.0,1.0
1426288,SO Hetmyer,13,9,16.0,1.0,1.0
1426288,SV Samson,0,3,0.0,0.0,0.0
1426288,TM Head,58,48,70.0,6.0,3.0
1426288,YBK Jaiswal,67,40,78.0,7.0,2.0
1426289,A Raghuvanshi,13,7,17.0,0.0,2.0
1426289,AD Russell,7,2,9.0,0.0,1.0
1426289,G Coetzee,8,7,10.0,0.0,1.0
1426289,HH Pandya,1,3,1.0,0.0,0.0
1426289,Ishan Kishan,13,7,16.0,1.0,1.0
1426289,JJ Bumrah,1,1,1.0,0.0,0.0
1426289,MA Starc,0,2,0.0,0.0,0.0
1426289,MK Pandey,42,33,48.0,2.0,2.0
1426289,N Wadhera,6,12,7.0,1.0,0.0
1426289,Naman Dhir,11,11,13.0,2.0,0.0
1426289,PD Salt,5,4,6.0,1.0,0.0
1426289,PP Chawla,0,1,0.0,0.0,0.0
1426289,RG Sharma,11,14,13.0,0.0,1.0
1426289,RK Singh,9,8,11.0,2.0,0.0
1426289,Ramandeep Singh,2,4,2.0,0.0,0.0
1426289,SA Yadav,56,35,66.0,6.0,2.0
1426289,SP Narine,8,8,10.0,0.0,1.0
1426289,SS Iyer,6,4,7.0,1.0,0.0
1426289,TH David,24,21,27.0,1.0,1.0
1426289,Tilak Varma,4,6,4.0,0.0,0.0
1426289,VR Iyer,70,53,82.0,6.0,3.0
1426290,B Sai Sudharsan,6,15,6.0,0.0,0.0
1426290,C Green,1,2,1.0,0.0,0.0
1426290,DA Miller,30,21,37.0,3.0,2.0
1426290,F du Plessis,64,23,80.0,10.0,3.0
1426290,GJ Maxwell,4,3,5.0,1.0,0.0
1426290,KD Karthik,21,12,24.0,3.0,0.0
1426290,M Shahrukh Khan,37,24,44.0,5.0,1.0
1426290,MJ Suthar,1,2,1.0,0.0,0.0
1426290,MM Sharma,0,1,0.0,0.0,0.0
1426290,R Tewatia,35,21,42.0,5.0,1.0
1426290,RM Patidar,2,4,2.0,0.0,0.0
1426290,Rashid Khan,18,14,22.0,2.0,1.0
1426290,Shubman Gill,2,8,2.0,0.0,0.0
1426290,Swapnil Singh,15,9,19.0,2.0,1.0
1426290,V Kohli,42,27,52.0,2.0,4.0
1426290,V Shankar,10,8,12.0,2.0,0.0
1426290,WG Jacks,1,3,1.0,0.0,0.0
1426290,WP Saha,1,7,1.0,0.0,0.0
1426291,AM Rahane,9,8,10.0,1.0,0.0
1426291,Ashutosh Sharma,3,10,3.0,0.0,0.0
1426291,DJ Mitchell,30,19,34.0,2.0,1.0
1426291,HV Patel,12,13,15.0,1.0,1.0
1426291,Harpreet Brar,17,13,19.0,2.0,0.0
1426291,JM Bairstow,7,7,8.0,1.0,0.0
1426291,JM Sharma,0,1,0.0,0.0,0.0
1426291,K Rabada,11,12,13.0,0.0,1.0
1426291,MJ Santner,11,11,12.0,1.0,0.0
1426291,MM Ali,17,20,19.0,2.0,0.0
1426291,MS Dhoni,0,1,0.0,0.0,0.0
1426291,P Simran Singh,30,23,36.0,2.0,2.0
1426291,RA Jadeja,43,28,50.0,3.0,2.0
1426291,RD Chahar,16,10,20.0,2.0,1.0
1426291,RD Gaikwad,32,21,38.0,4.0,1.0
1426291,RJ Gleeson,2,2,2.0,0.0,0.0
1426291,RR Rossouw,0,3,0.0,0.0,0.0
1426291,S Dube,0,1,0.0,0.0,0.0
1426291,SM Curran,7,11,7.0,0.0,0.0
1426291,SN Thakur,17,12,21.0,2.0,1.0
1426291,Shashank Singh,27,21,31.0,4.0,0.0
1426291,TU Deshpande,0,2,0.0,0.0,0.0
1426292,A Badoni,15,13,17.0,0.0,1.0
1426292,A Raghuvanshi,32,28,37.0,3.0,1.0
1426292,AA Kulkarni,9,7,11.0,2.0,0.0
1426292,AD Russell,12,11,15.0,1.0,1.0
1426292,AJ Turner,16,11,20.0,0.0,2.0
1426292,DJ Hooda,5,3,6.0,1.0,0.0
1426292,KH Pandya,5,6,5.0,0.0,0.0
1426292,KL Rahul,25,23,28.0,3.0,0.0
1426292,MP Stoinis,36,22,44.0,4.0,2.0
1426292,N Pooran,10,8,12.0,0.0,1.0
1426292,PD Salt,32,14,39.0,5.0,1.0
1426292,RK Singh,16,11,18.0,2.0,0.0
1426292,Ramandeep Singh,25,6,32.0,1.0,3.0
1426292,Ravi Bishnoi,2,3,2.0,0.0,0.0
1426292,SP Narine,81,40,101.0,6.0,7.0
1426292,SS Iyer,23,18,26.0,3.0,0.0
1426292,VR Iyer,1,1,1.0,0.0,0.0
1426292,Yudhvir Singh,7,7,9.0,0.0,1.0
1426293,Abdul Samad,3,5,3.0,0.0,0.0
1426293,Abhishek Sharma,11,17,13.0,0.0,1.0
1426293,H Klaasen,2,4,2.0,0.0,0.0
1426293,Ishan Kishan,9,8,11.0,2.0,0.0
1426293,M Jansen,17,14,20.0,1.0,1.0
1426293,MA Agarwal,5,6,6.0,1.0,0.0
1426293,Naman Dhir,0,9,0.0,0.0,0.0
1426293,Nithish Kumar Reddy,20,15,22.0,2.0,0.0
1426293,PJ Cummins,35,19,41.0,2.0,2.0
1426293,RG Sharma,4,5,5.0,1.0,0.0
1426293,SA Yadav,102,53,126.0,12.0,6.0
1426293,Sanvir Singh,8,8,8.0,0.0,0.0
1426293,Shahbaz Ahmed,10,12,10.0,0.0,0.0
1426293,TM Head,48,31,57.0,7.0,1.0
1426293,Tilak Varma,37,33,43.0,6.0,0.0
1426294,AR Patel,15,11,18.0,1.0,1.0
1426294,Abishek Porel,65,36,78.0,7.0,3.0
1426294,Avesh Khan,7,3,8.0,1.0,0.0
1426294,D Ferreira,1,3,1.0,0.0,0.0
1426294,Gulbadin Naib,19,15,22.0,1.0,1.0
1426294,J Fraser-McGurk,50,20,63.0,7.0,3.0
1426294,JC Buttler,19,18,23.0,2.0,1.0
1426294,Kuldeep Yadav,5,2,6.0,1.0,0.0
1426294,R Ashwin,2,3,2.0,0.0,0.0
1426294,R Parag,27,23,34.0,1.0,3.0
1426294,R Powell,13,10,16.0,1.0,1.0
1426294,RR Pant,15,13,17.0,0.0,1.0
1426294,Rasikh Salam,9,3,11.0,2.0,0.0
1426294,SB Dubey,25,14,31.0,2.0,2.0
1426294,SD Hope,1,1,1.0,0.0,0.0
1426294,SV Samson,86,52,106.0,8.0,6.0
1426294,T Stubbs,41,20,50.0,3.0,3.0
1426294,TA Boult,2,3,2.0,0.0,0.0
1426294,YBK Jaiswal,4,2,5.0,1.0,0.0
1426295,A Badoni,55,32,64.0,9.0,0.0
1426295,Abhishek Sharma,75,30,95.0,8.0,6.0
1426295,KH Pandya,24,21,28.0,0.0,2.0
1426295,KL Rahul,29,33,32.0,1.0,1.0
1426295,MP Stoinis,3,5,3.0,0.0,0.0
1426295,N Pooran,48,27,56.0,6.0,1.0
1426295,Q de Kock,2,5,2.0,0.0,0.0
1426295,TM Head,89,30,113.0,8.0,8.0
1426296,Arshdeep Singh,4,4,5.0,1.0,0.0
1426296,Ashutosh Sharma,8,5,10.0,0.0,1.0
1426296,C Green,46,27,53.0,5.0,1.0
1426296,F du Plessis,9,7,11.0,2.0,0.0
1426296,HV Patel,0,1,0.0,0.0,0.0
1426296,JM Bairstow,27,17,33.0,4.0,1.0
1426296,JM Sharma,5,4,6.0,1.0,0.0
1426296,KD Karthik,18,7,23.0,1.0,2.0
1426296,LS Livingstone,0,2,0.0,0.0,0.0
1426296,MK Lomror,0,2,0.0,0.0,0.0
1426296,P Simran Singh,6,4,7.0,1.0,0.0
1426296,RD Chahar,5,5,6.0,1.0,0.0
1426296,RM Patidar,55,24,70.0,3.0,6.0
1426296,RR Rossouw,61,27,76.0,9.0,3.0
1426296,SM Curran,22,17,24.0,2.0,0.0
1426296,Shashank Singh,37,19,45.0,4.0,2.0
1426296,Swapnil Singh,1,1,1.0,0.0,0.0
1426296,V Kohli,92,52,111.0,7.0,6.0
1426296,WG Jacks,12,7,15.0,1.0,1.0
1426297,AM Rahane,1,5,1.0,0.0,0.0
1426297,B Sai Sudharsan,103,51,124.0,5.0,8.0
1426297,DA Miller,16,13,17.0,1.0,0.0
1426297,DJ Mitchell,63,34,76.0,7.0,3.0
1426297,M Shahrukh Khan,2,3,2.0,0.0,0.0
1426297,MJ Santner,0,2,0.0,0.0,0.0
1426297,MM Ali,56,39,68.0,4.0,4.0
1426297,MS Dhoni,26,11,33.0,1.0,3.0
1426297,R Ravindra,1,2,1.0,0.0,0.0
1426297,RA Jadeja,18,10,22.0,2.0,1.0
1426297,RD Gaikwad,0,3,0.0,0.0,0.0
1426297,S Dube,21,14,25.0,2.0,1.0
1426297,SN Thakur,3,4,3.0,0.0,0.0
1426297,Shubman Gill,104,58,125.0,9.0,6.0
1426298,A Kamboj,2,2,2.0,0.0,0.0
1426298,AD Russell,24,14,30.0,2.0,2.0
1426298,HH Pandya,2,4,2.0,0.0,0.0
1426298,Ishan Kishan,40,23,49.0,5.0,2.0
1426298,MA Starc,2,2,2.0,0.0,0.0
1426298,N Rana,33,24,39.0,4.0,1.0
1426298,N Wadhera,3,4,3.0,0.0,0.0
1426298,Naman Dhir,17,6,22.0,1.0,2.0
1426298,PD Salt,6,5,8.0,0.0,1.0
1426298,PP Chawla,1,2,1.0,0.0,0.0
1426298,RG Sharma,19,25,22.0,1.0,1.0
1426298,RK Singh,20,12,24.0,0.0,2.0
1426298,Ramandeep Singh,17,9,20.0,1.0,1.0
1426298,SA Yadav,11,14,12.0,1.0,0.0
1426298,SP Narine,0,1,0.0,0.0,0.0
1426298,SS Iyer,7,11,8.0,1.0,0.0
1426298,TH David,0,3,0.0,0.0,0.0
1426298,Tilak Varma,32,19,39.0,5.0,1.0
1426298,VR Iyer,42,21,52.0,6.0,2.0
1426299,DJ Mitchell,22,14,26.0,4.0,0.0
1426299,Dhruv Jurel,28,18,33.0,1.0,2.0
1426299,JC Buttler,21,25,23.0,2.0,0.0
1426299,MM Ali,10,14,10.0,0.0,0.0
1426299,R Ashwin,1,1,1.0,0.0,0.0
1426299,R Parag,47,37,54.0,1.0,3.0
1426299,R Ravindra,27,18,32.0,1.0,2.0
1426299,RA Jadeja,5,6,5.0,0.0,0.0
1426299,RD Gaikwad,42,43,47.0,1.0,2.0
1426299,S Dube,18,12,22.0,2.0,1.0
1426299,SB Dubey,0,1,0.0,0.0,0.0
1426299,SV Samson,15,20,15.0,0.0,0.0
1426299,Sameer Rizvi,15,8,18.0,3.0,0.0
1426299,YBK Jaiswal,24,22,29.0,3.0,1.0
1426300,AR Patel,57,40,68.0,5.0,3.0
1426300,Abishek Porel,2,3,2.0,0.0,0.0
1426300,C Green,32,24,37.0,1.0,2.0
1426300,DA Warner,1,2,1.0,0.0,0.0
1426300,F du Plessis,6,7,7.0,1.0,0.0
1426300,I Sharma,0,5,0.0,0.0,0.0
1426300,J Fraser-McGurk,21,8,27.0,2.0,2.0
1426300,KD Karthik,0,2,0.0,0.0,0.0
1426300,KV Sharma,6,4,7.0,1.0,0.0
1426300,Kuldeep Yadav,6,11,6.0,0.0,0.0
1426300,Kumar Kushagra,2,3,2.0,0.0,0.0
1426300,MK Lomror,13,10,15.0,0.0,1.0
1426300,Mukesh Kumar,3,8,3.0,0.0,0.0
1426300,RM Patidar,52,34,61.0,3.0,3.0
1426300,Rasikh Salam,10,12,11.0,1.0,0.0
1426300,SD Hope,29,24,33.0,4.0,0.0
1426300,Swapnil Singh,0,2,0.0,0.0,0.0
1426300,T Stubbs,3,4,3.0,0.0,0.0
1426300,V Kohli,27,14,34.0,1.0,3.0
1426300,WG Jacks,41,30,48.0,3.0,2.0
1426302,A Badoni,6,9,6.0,0.0,0.0
1426302,AR Patel,14,10,16.0,2.0,0.0
1426302,Abishek Porel,58,35,71.0,5.0,4.0
1426302,Arshad Khan,58,34,71.0,3.0,5.0
1426302,DJ Hooda,0,2,0.0,0.0,0.0
1426302,J Fraser-McGurk,0,4,0.0,0.0,0.0
1426302,KH Pandya,18,20,20.0,2.0,0.0
1426302,KL Rahul,5,3,6.0,1.0,0.0
1426302,MP Stoinis,5,7,6.0,1.0,0.0
1426302,N Pooran,61,27,75.0,6.0,4.0
1426302,Naveen-ul-Haq,2,4,2.0,0.0,0.0
1426302,Q de Kock,12,10,14.0,2.0,0.0
1426302,RR Pant,33,24,38.0,5.0,0.0
1426302,Ravi Bishnoi,2,2,2.0,0.0,0.0
1426302,SD Hope,38,29,45.0,3.0,2.0
1426302,T Stubbs,57,26,68.0,3.0,4.0
1426302,Yudhvir Singh,14,7,17.0,1.0,1.0
1426303,Ashutosh Sharma,17,11,20.0,1.0,1.0
1426303,Avesh Khan,3,2,3.0,0.0,0.0
1426303,D Ferreira,7,8,7.0,0.0,0.0
1426303,Dhruv Jurel,0,1,0.0,0.0,0.0
1426303,JM Bairstow,14,22,15.0,1.0,0.0
1426303,JM Sharma,22,20,26.0,0.0,2.0
1426303,P Simran Singh,6,4,7.0,1.0,0.0
1426303,R Ashwin,28,19,33.0,3.0,1.0
1426303,R Parag,48,35,54.0,6.0,0.0
1426303,R Powell,4,5,5.0,1.0,0.0
1426303,RR Rossouw,22,13,27.0,5.0,0.0
1426303,SM Curran,63,42,74.0,5.0,3.0
1426303,SV Samson,18,15,21.0,3.0,0.0
1426303,Shashank Singh,0,2,0.0,0.0,0.0
1426303,T Kohler-Cadmore,18,23,22.0,2.0,1.0
1426303,TA Boult,12,9,14.0,2.0,0.0
1426303,YBK Jaiswal,4,4,5.0,1.0,0.0
1426305,A Badoni,22,10,27.0,1.0,2.0
1426305,Arshad Khan,0,1,0.0,0.0,0.0
1426305,D Brevis,23,21,28.0,1.0,2.0
1426305,D Padikkal,0,1,0.0,0.0,0.0
1426305,DJ Hooda,11,9,12.0,1.0,0.0
1426305,HH Pandya,16,13,19.0,1.0,1.0
1426305,Ishan Kishan,14,16,15.0,1.0,0.0
1426305,KH Pandya,12,8,15.0,1.0,1.0
1426305,KL Rahul,55,42,64.0,3.0,3.0
1426305,MP Stoinis,28,25,33.0,5.0,0.0
1426305,N Pooran,75,34,96.0,5.0,8.0
1426305,N Wadhera,1,4,1.0,0.0,0.0
1426305,Naman Dhir,62,30,76.0,4.0,5.0
1426305,R Shepherd,1,2,1.0,0.0,0.0
1426305,RG Sharma,68,40,84.0,10.0,3.0
1426305,SA Yadav,0,3,0.0,0.0,0.0
1426306,AM Rahane,33,22,38.0,3.0,1.0
1426306,C Green,38,20,47.0,3.0,3.0
1426306,DJ Mitchell,4,7,4.0,0.0,0.0
1426306,F du Plessis,54,39,63.0,3.0,3.0
1426306,GJ Maxwell,16,5,20.0,2.0,1.0
1426306,KD Karthik,14,7,17.0,1.0,1.0
1426306,MJ Santner,3,5,3.0,0.0,0.0
1426306,MK Lomror,0,1,0.0,0.0,0.0
1426306,MS Dhoni,25,14,30.0,3.0,1.0
1426306,R Ravindra,61,38,72.0,5.0,3.0
1426306,RA Jadeja,42,22,51.0,3.0,3.0
1426306,RD Gaikwad,0,1,0.0,0.0,0.0
1426306,RM Patidar,41,25,51.0,2.0,4.0
1426306,S Dube,7,15,7.0,0.0,0.0
1426306,SN Thakur,1,2,1.0,0.0,0.0
1426306,V Kohli,47,30,58.0,3.0,4.0
1426307,Abdul Samad,11,8,13.0,0.0,1.0
1426307,Abhishek Sharma,66,30,83.0,5.0,6.0
1426307,Ashutosh Sharma,2,4,2.0,0.0,0.0
1426307,Atharva Taide,46,27,55.0,5.0,2.0
1426307,H Klaasen,42,28,49.0,3.0,2.0
1426307,JM Sharma,32,16,38.0,2.0,2.0
1426307,Nithish Kumar Reddy,37,26,44.0,1.0,3.0
1426307,P Simran Singh,71,45,86.0,7.0,4.0
1426307,RA Tripathi,33,19,41.0,4.0,2.0
1426307,RR Rossouw,49,26,60.0,3.0,4.0
1426307,Sanvir Singh,6,4,7.0,1.0,0.0
1426307,Shahbaz Ahmed,3,6,3.0,0.0,0.0
1426307,Shashank Singh,2,4,2.0,0.0,0.0
1426307,Shivam Singh,2,3,2.0,0.0,0.0
1426307,TM Head,0,1,0.0,0.0,0.0
1426309,Abdul Samad,16,12,20.0,0.0,2.0
1426309,Abhishek Sharma,3,5,3.0,0.0,0.0
1426309,B Kumar,0,4,0.0,0.0,0.0
1426309,H Klaasen,32,21,37.0,3.0,1.0
1426309,Nithish Kumar Reddy,9,12,10.0,1.0,0.0
1426309,PJ Cummins,30,24,36.0,2.0,2.0
1426309,RA Tripathi,55,37,64.0,7.0,1.0
1426309,Rahmanullah Gurbaz,23,15,29.0,2.0,2.0
1426309,SP Narine,21,17,25.0,4.0,0.0
1426309,SS Iyer,58,24,71.0,5.0,4.0
1426309,Sanvir Singh,0,1,0.0,0.0,0.0
1426309,Shahbaz Ahmed,0,1,0.0,0.0,0.0
1426309,TM Head,0,2,0.0,0.0,0.0
1426309,V Viyaskanth,7,5,7.0,0.0,0.0
1426309,VR Iyer,51,28,64.0,5.0,4.0
1426310,C Green,27,22,31.0,2.0,1.0
1426310,Dhruv Jurel,8,8,9.0,1.0,0.0
1426310,F du Plessis,17,14,21.0,2.0,1.0
1426310,GJ Maxwell,0,1,0.0,0.0,0.0
1426310,KD Karthik,11,13,12.0,1.0,0.0
1426310,KV Sharma,5,4,6.0,1.0,0.0
1426310,MK Lomror,32,17,38.0,2.0,2.0
1426310,R Parag,36,29,42.0,2.0,2.0
1426310,R Powell,16,8,20.0,2.0,1.0
1426310,RM Patidar,34,23,40.0,2.0,2.0
1426310,SO Hetmyer,26,15,31.0,3.0,1.0
1426310,SV Samson,17,14,19.0,0.0,1.0
1426310,Swapnil Singh,9,4,11.0,0.0,1.0
1426310,T Kohler-Cadmore,20,15,24.0,4.0,0.0
1426310,V Kohli,33,24,38.0,3.0,1.0
1426310,YBK Jaiswal,45,30,53.0,8.0,0.0
1426311,AK Markram,1,2,1.0,0.0,0.0
1426311,Abdul Samad,0,1,0.0,0.0,0.0
1426311,Abhishek Sharma,12,5,15.0,1.0,1.0
1426311,Dhruv Jurel,56,36,67.0,7.0,2.0
1426311,H Klaasen,50,37,58.0,0.0,4.0
1426311,JD Unadkat,5,2,6.0,1.0,0.0
1426311,Nithish Kumar Reddy,5,10,5.0,0.0,0.0
1426311,PJ Cummins,5,5,6.0,1.0,0.0
1426311,R Ashwin,0,3,0.0,0.0,0.0
1426311,R Parag,6,10,6.0,0.0,0.0
1426311,R Powell,6,12,6.0,0.0,0.0
1426311,RA Tripathi,37,15,46.0,5.0,2.0
1426311,SO Hetmyer,4,10,4.0,0.0,0.0
1426311,SV Samson,10,12,11.0,1.0,0.0
1426311,Shahbaz Ahmed,18,22,20.0,0.0,1.0
1426311,T Kohler-Cadmore,10,16,11.0,1.0,0.0
1426311,TA Boult,0,3,0.0,0.0,0.0
1426311,TM Head,34,28,39.0,3.0,1.0
1426311,YBK Jaiswal,42,22,52.0,4.0,3.0
1426312,AK Markram,20,25,23.0,3.0,0.0
1426312,Abdul Samad,4,5,4.0,0.0,0.0
1426312,Abhishek Sharma,2,5,2.0,0.0,0.0
1426312,B Kumar,0,1,0.0,0.0,0.0
1426312,H Klaasen,16,17,17.0,1.0,0.0
1426312,JD Unadkat,4,11,4.0,0.0,0.0
1426312,Nithish Kumar Reddy,13,10,16.0,1.0,1.0
1426312,PJ Cummins,24,19,28.0,2.0,1.0
1426312,RA Tripathi,9,16,10.0,1.0,0.0
1426312,Rahmanullah Gurbaz,39,35,48.0,5.0,2.0
1426312,SP Narine,6,2,8.0,0.0,1.0
1426312,SS Iyer,6,3,7.0,1.0,0.0
1426312,Shahbaz Ahmed,8,7,10.0,0.0,1.0
1426312,TM Head,0,1,0.0,0.0,0.0
1426312,VR Iyer,52,27,62.0,4.0,3.0
1473438,A Raghuvanshi,30,22,34.0,2.0,1.0
1473438,AD Russell,4,3,5.0,1.0,0.0
1473438,AM Rahane,56,32,70.0,6.0,4.0
1473438,D Padikkal,10,10,11.0,1.0,0.0
1473438,Harshit Rana,5,6,6.0,1.0,0.0
1473438,LS Livingstone,15,5,19.0,2.0,1.0
1473438,PD Salt,56,32,69.0,9.0,2.0
1473438,Q de Kock,4,5,5.0,1.0,0.0
1473438,RK Singh,12,10,13.0,1.0,0.0
1473438,RM Patidar,34,16,41.0,5.0,1.0
1473438,Ramandeep Singh,6,9,6.0,0.0,0.0
1473438,SH Johnson,1,1,1.0,0.0,0.0
1473438,SP Narine,44,28,55.0,5.0,3.0
1473438,V Kohli,59,36,69.0,4.0,3.0
1473438,VR Iyer,6,8,7.0,1.0,0.0
1473439,A Manohar,0,1,0.0,0.0,0.0
1473439,Abhishek Sharma,24,11,29.0,5.0,0.0
1473439,Aniket Verma,7,3,9.0,0.0,1.0
1473439,Dhruv Jurel,70,37,87.0,5.0,6.0
1473439,H Klaasen,34,14,41.0,5.0,1.0
1473439,Ishan Kishan,106,52,129.0,11.0,6.0
1473439,JC Archer,1,1,1.0,0.0,0.0
1473439,N Rana,11,8,13.0,2.0,0.0
1473439,Nithish Kumar Reddy,30,17,36.0,4.0,1.0
1473439,PJ Cummins,0,1,0.0,0.0,0.0
1473439,R Parag,4,2,5.0,1.0,0.0
1473439,SB Dubey,34,11,43.0,1.0,4.0
1473439,SO Hetmyer,42,26,51.0,1.0,4.0
1473439,SV Samson,66,38,81.0,7.0,4.0
1473439,TM Head,67,34,82.0,9.0,3.0
1473439,YBK Jaiswal,1,6,1.0,0.0,0.0
1473440,DJ Hooda,3,5,3.0,0.0,0.0
1473440,DL Chahar,28,15,34.0,2.0,2.0
1473440,MJ Santner,11,14,12.0,1.0,0.0
1473440,MS Dhoni,0,2,0.0,0.0,0.0
1473440,Naman Dhir,17,12,18.0,1.0,0.0
1473440,PVSN Raju,1,1,1.0,0.0,0.0
1473440,R Minz,3,10,3.0,0.0,0.0
1473440,R Ravindra,65,47,75.0,2.0,4.0
1473440,RA Jadeja,17,18,18.0,1.0,0.0
1473440,RA Tripathi,2,3,2.0,0.0,0.0
1473440,RD Gaikwad,53,26,65.0,6.0,3.0
1473440,RD Rickelton,13,7,16.0,3.0,0.0
1473440,RG Sharma,0,4,0.0,0.0,0.0
1473440,S Dube,9,8,11.0,0.0,1.0
1473440,SA Yadav,29,27,33.0,2.0,1.0
1473440,SM Curran,4,9,4.0,0.0,0.0
1473440,TA Boult,1,2,1.0,0.0,0.0
1473440,Tilak Varma,31,26,37.0,2.0,2.0
1473440,WG Jacks,11,7,13.0,2.0,0.0
1473441,A Badoni,4,5,4.0,0.0,0.0
1473441,AK Markram,15,13,18.0,1.0,1.0
1473441,AR Patel,22,11,27.0,3.0,1.0
1473441,Abishek Porel,0,2,0.0,0.0,0.0
1473441,Ashutosh Sharma,66,31,81.0,5.0,5.0
1473441,DA Miller,27,20,32.0,1.0,2.0
1473441,F du Plessis,29,20,36.0,3.0,2.0
1473441,J Fraser-McGurk,1,2,1.0,0.0,0.0
1473441,Kuldeep Yadav,5,5,6.0,1.0,0.0
1473441,MA Starc,2,5,2.0,0.0,0.0
1473441,MM Sharma,1,2,1.0,0.0,0.0
1473441,MR Marsh,72,38,90.0,6.0,6.0
1473441,N Pooran,75,31,95.0,6.0,7.0
1473441,RR Pant,0,6,0.0,0.0,0.0
1473441,Ravi Bishnoi,0,2,0.0,0.0,0.0
1473441,SN Thakur,0,2,0.0,0.0,0.0
1473441,Sameer Rizvi,4,4,5.0,1.0,0.0
1473441,Shahbaz Ahmed,9,8,10.0,1.0,0.0
1473441,T Stubbs,34,23,41.0,1.0,3.0
1473441,V Nigam,39,16,48.0,5.0,2.0
1473442,Arshad Khan,1,1,1.0,0.0,0.0
1473442,Azmatullah Omarzai,16,15,20.0,2.0,1.0
1473442,B Sai Sudharsan,74,44,91.0,5.0,6.0
1473442,GJ Maxwell,0,1,0.0,0.0,0.0
1473442,JC Buttler,54,33,62.0,4.0,2.0
1473442,M Shahrukh Khan,6,1,8.0,0.0,1.0
1473442,MP Stoinis,20,16,25.0,1.0,2.0
1473442,P Simran Singh,5,8,6.0,1.0,0.0
1473442,Priyansh Arya,47,24,58.0,7.0,2.0
1473442,R Tewatia,6,2,8.0,0.0,1.0
1473442,SE Rutherford,46,33,56.0,4.0,3.0
1473442,SS Iyer,97,45,120.0,5.0,9.0
1473442,Shashank Singh,44,17,54.0,6.0,2.0
1473442,Shubman Gill,33,14,41.0,2.0,3.0
1473443,A Raghuvanshi,22,17,24.0,2.0,0.0
1473443,AM Rahane,18,15,21.0,1.0,1.0
1473443,Dhruv Jurel,33,28,38.0,5.0,0.0
1473443,JC Archer,16,8,20.0,0.0,2.0
1473443,M Theekshana,1,1,1.0,0.0,0.0
1473443,MM Ali,5,14,5.0,0.0,0.0
1473443,N Rana,8,9,8.0,0.0,0.0
1473443,PWH de Silva,4,4,4.0,0.0,0.0
1473443,Q de Kock,97,64,117.0,8.0,6.0
1473443,R Parag,25,15,31.0,0.0,3.0
1473443,SB Dubey,9,12,10.0,1.0,0.0
1473443,SO Hetmyer,7,10,8.0,1.0,0.0
1473443,SV Samson,13,12,15.0,2.0,0.0
1473443,TU Deshpande,2,1,2.0,0.0,0.0
1473443,YBK Jaiswal,29,24,35.0,2.0,2.0
1473444,A Badoni,6,6,7.0,1.0,0.0
1473444,A Manohar,2,6,2.0,0.0,0.0
1473444,AK Markram,1,4,1.0,0.0,0.0
1473444,Abdul Samad,22,8,28.0,2.0,2.0
1473444,Abhishek Sharma,6,6,7.0,1.0,0.0
1473444,Aniket Verma,36,14,46.0,0.0,5.0
1473444,DA Miller,13,7,15.0,2.0,0.0
1473444,H Klaasen,26,18,30.0,2.0,1.0
1473444,HV Patel,12,11,12.0,0.0,0.0
1473444,Ishan Kishan,0,1,0.0,0.0,0.0
1473444,MR Marsh,52,34,63.0,7.0,2.0
1473444,Mohammed Shami,1,3,1.0,0.0,0.0
1473444,N Pooran,70,31,88.0,6.0,6.0
1473444,Nithish Kumar Reddy,32,30,34.0,2.0,0.0
1473444,PJ Cummins,18,4,24.0,0.0,3.0
1473444,RR Pant,15,16,17.0,0.0,1.0
1473444,Simarjeet Singh,3,4,3.0,0.0,0.0
1473444,TM Head,47,30,58.0,5.0,3.0
1473445,B Kumar,0,2,0.0,0.0,0.0
1473445,D Padikkal,27,16,33.0,2.0,2.0
1473445,DJ Hooda,4,9,5.0,1.0,0.0
1473445,JM Sharma,12,6,15.0,1.0,1.0
1473445,KH Pandya,0,4,0.0,0.0,0.0
1473445,LS Livingstone,10,9,12.0,0.0,1.0
1473445,MS Dhoni,30,16,37.0,3.0,2.0
1473445,Noor Ahmad,0,2,0.0,0.0,0.0
1473445,PD Salt,32,17,39.0,5.0,1.0
1473445,R Ashwin,11,8,12.0,1.0,0.0
1473445,R Ravindra,41,32,46.0,5.0,0.0
1473445,RA Jadeja,25,20,29.0,2.0,1.0
1473445,RA Tripathi,5,3,6.0,1.0,0.0
1473445,RD Gaikwad,0,4,0.0,0.0,0.0
1473445,RM Patidar,51,34,61.0,4.0,3.0
1473445,S Dube,19,15,23.0,2.0,1.0
1473445,SM Curran,8,13,8.0,0.0,0.0
1473445,TH David,22,9,29.0,1.0,3.0
1473445,V Kohli,31,31,35.0,2.0,1.0
1473446,B Sai Sudharsan,63,43,71.0,4.0,2.0
1473446,HH Pandya,11,17,12.0,1.0,0.0
1473446,JC Buttler,39,24,46.0,5.0,1.0
1473446,K Rabada,7,6,9.0,0.0,1.0
1473446,M Shahrukh Khan,9,8,11.0,0.0,1.0
1473446,MJ Santner,18,9,23.0,1.0,2.0
1473446,Naman Dhir,18,12,21.0,3.0,0.0
1473446,R Minz,3,6,3.0,0.0,0.0
1473446,R Sai Kishore,1,1,1.0,0.0,0.0
1473446,RD Rickelton,6,11,7.0,1.0,0.0
1473446,RG Sharma,8,4,10.0,2.0,0.0
1473446,Rashid Khan,6,5,8.0,0.0,1.0
1473446,SA Yadav,48,29,57.0,1.0,4.0
1473446,SE Rutherford,18,15,22.0,0.0,2.0
1473446,Shubman Gill,38,28,44.0,4.0,1.0
1473446,Tilak Varma,39,39,44.0,3.0,1.0
1473447,A Manohar,4,6,4.0,0.0,0.0
1473447,Abhishek Sharma,1,1,1.0,0.0,0.0
1473447,Abishek Porel,34,18,40.0,2.0,2.0
1473447,Aniket Verma,74,42,91.0,5.0,6.0
1473447,F du Plessis,50,28,59.0,3.0,3.0
1473447,H Klaasen,32,20,38.0,2.0,2.0
1473447,HV Patel,5,9,5.0,0.0,0.0
1473447,Ishan Kishan,2,5,2.0,0.0,0.0
1473447,J Fraser-McGurk,38,32,46.0,4.0,2.0
1473447,KL Rahul,15,6,19.0,2.0,1.0
1473447,Mohammed Shami,1,1,1.0,0.0,0.0
1473447,Nithish Kumar Reddy,0,3,0.0,0.0,0.0
1473447,PJ Cummins,2,7,2.0,0.0,0.0
1473447,PWA Mulder,9,12,10.0,1.0,0.0
1473447,T Stubbs,21,14,24.0,3.0,0.0
1473447,TM Head,22,13,26.0,4.0,0.0
1473448,Dhruv Jurel,3,7,3.0,0.0,0.0
1473448,J Overton,11,4,13.0,0.0,1.0
1473448,JC Archer,0,2,0.0,0.0,0.0
1473448,K Kartikeya,1,1,1.0,0.0,0.0
1473448,M Theekshana,2,4,2.0,0.0,0.0
1473448,MS Dhoni,16,12,19.0,1.0,1.0
1473448,N Rana,81,37,101.0,10.0,5.0
1473448,PWH de Silva,4,5,4.0,0.0,0.0
1473448,R Parag,37,31,43.0,2.0,2.0
1473448,R Ravindra,0,4,0.0,0.0,0.0
1473448,RA Jadeja,32,24,36.0,2.0,1.0
1473448,RA Tripathi,23,19,28.0,3.0,1.0
1473448,RD Gaikwad,63,44,72.0,7.0,1.0
1473448,S Dube,18,10,23.0,1.0,2.0
1473448,SO Hetmyer,19,18,22.0,1.0,1.0
1473448,SV Samson,20,16,23.0,1.0,1.0
1473448,TU Deshpande,1,3,1.0,0.0,0.0
1473448,V Shankar,9,6,11.0,0.0,1.0
1473448,YBK Jaiswal,4,3,5.0,1.0,0.0
1473449,A Raghuvanshi,26,16,31.0,3.0,1.0
1473449,AD Russell,5,12,6.0,1.0,0.0
1473449,AM Rahane,11,7,14.0,1.0,1.0
1473449,Harshit Rana,4,8,4.0,0.0,0.0
1473449,MK Pandey,19,14,23.0,2.0,1.0
1473449,Q de Kock,1,4,1.0,0.0,0.0
1473449,RD Rickelton,62,42,76.0,4.0,5.0
1473449,RG Sharma,13,12,15.0,0.0,1.0
1473449,RK Singh,17,14,20.0,1.0,1.0
1473449,Ramandeep Singh,22,13,27.0,1.0,2.0
1473449,SA Yadav,27,9,34.0,3.0,2.0
1473449,SH Johnson,1,3,1.0,0.0,0.0
1473449,SP Narine,0,2,0.0,0.0,0.0
1473449,VR Iyer,3,9,3.0,0.0,0.0
1473449,WG Jacks,16,17,18.0,0.0,1.0
1473450,A Badoni,41,35,48.0,1.0,3.0
1473450,AK Markram,28,18,34.0,4.0,1.0
1473450,Abdul Samad,27,12,33.0,2.0,2.0
1473450,Avesh Khan,0,1,0.0,0.0,0.0
1473450,DA Miller,19,18,22.0,3.0,0.0
1473450,MR Marsh,0,1,0.0,0.0,0.0
1473450,N Pooran,44,31,53.0,5.0,2.0
1473450,N Wadhera,43,25,54.0,3.0,4.0
1473450,P Simran Singh,69,36,84.0,9.0,3.0
1473450,Priyansh Arya,8,9,9.0,1.0,0.0
1473450,RR Pant,2,5,2.0,0.0,0.0
1473450,SN Thakur,3,3,3.0,0.0,0.0
1473450,SS Iyer,52,31,63.0,3.0,4.0
1473451,B Kumar,1,3,1.0,0.0,0.0
1473451,B Sai Sudharsan,49,37,58.0,7.0,1.0
1473451,D Padikkal,4,3,5.0,1.0,0.0
1473451,JC Buttler,73,39,90.0,5.0,6.0
1473451,JM Sharma,33,21,40.0,5.0,1.0
1473451,KH Pandya,5,5,6.0,1.0,0.0
1473451,LS Livingstone,54,40,65.0,1.0,5.0
1473451,PD Salt,14,13,17.0,1.0,1.0
1473451,RM Patidar,12,13,14.0,2.0,0.0
1473451,SE Rutherford,30,18,37.0,1.0,3.0
1473451,Shubman Gill,14,14,17.0,1.0,1.0
1473451,TH David,32,19,39.0,3.0,2.0
1473451,V Kohli,7,6,8.0,1.0,0.0
1473452,A Raghuvanshi,50,32,59.0,5.0,2.0
1473452,AD Russell,1,2,1.0,0.0,0.0
1473452,AM Rahane,38,27,47.0,1.0,4.0
1473452,Abhishek Sharma,2,6,2.0,0.0,0.0
1473452,Aniket Verma,6,8,7.0,1.0,0.0
1473452,H Klaasen,33,21,39.0,2.0,2.0
1473452,HV Patel,3,6,3.0,0.0,0.0
1473452,Ishan Kishan,2,6,2.0,0.0,0.0
1473452,Mohammed Shami,2,5,2.0,0.0,0.0
1473452,Nithish Kumar Reddy,19,15,23.0,2.0,1.0
1473452,PHKD Mendis,27,20,32.0,1.0,2.0
1473452,PJ Cummins,14,15,16.0,2.0,0.0
1473452,Q de Kock,1,7,1.0,0.0,0.0
1473452,RK Singh,32,19,38.0,4.0,1.0
1473452,SP Narine,7,7,9.0,0.0,1.0
1473452,Simarjeet Singh,0,1,0.0,0.0,0.0
1473452,TM Head,4,2,5.0,1.0,0.0
1473452,VR Iyer,60,29,73.0,7.0,3.0
1473453,A Badoni,30,20,34.0,4.0,0.0
1473453,AK Markram,53,42,63.0,2.0,4.0
1473453,Abdul Samad,4,2,5.0,1.0,0.0
1473453,Akash Deep,0,1,0.0,0.0,0.0
1473453,Avesh Khan,2,2,2.0,0.0,0.0
1473453,DA Miller,27,14,32.0,3.0,1.0
1473453,HH Pandya,28,16,32.0,2.0,1.0
1473453,MJ Santner,2,2,2.0,0.0,0.0
1473453,MR Marsh,60,33,73.0,9.0,2.0
1473453,N Pooran,12,6,15.0,1.0,1.0
1473453,Naman Dhir,46,24,56.0,4.0,3.0
1473453,RD Rickelton,10,5,12.0,2.0,0.0
1473453,RR Pant,2,6,2.0,0.0,0.0
1473453,SA Yadav,67,45,78.0,9.0,1.0
1473453,SN Thakur,5,2,6.0,1.0,0.0
1473453,Tilak Varma,25,25,27.0,2.0,0.0
1473453,WG Jacks,5,7,5.0,0.0,0.0
1473454,AR Patel,21,14,25.0,2.0,1.0
1473454,Abishek Porel,33,20,39.0,4.0,1.0
1473454,Ashutosh Sharma,1,1,1.0,0.0,0.0
1473454,DP Conway,13,14,14.0,1.0,0.0
1473454,J Fraser-McGurk,0,5,0.0,0.0,0.0
1473454,KL Rahul,77,52,89.0,6.0,3.0
1473454,MS Dhoni,30,28,33.0,1.0,1.0
1473454,R Ravindra,3,6,3.0,0.0,0.0
1473454,RA Jadeja,2,3,2.0,0.0,0.0
1473454,RD Gaikwad,5,5,6.0,1.0,0.0
1473454,S Dube,18,15,21.0,1.0,1.0
1473454,Sameer Rizvi,20,17,23.0,1.0,1.0
1473454,T Stubbs,24,12,28.0,2.0,1.0
1473454,V Nigam,1,2,1.0,0.0,0.0
1473454,V Shankar,69,57,76.0,5.0,1.0
1473455,Arshdeep Singh,1,5,1.0,0.0,0.0
1473455,Dhruv Jurel,13,5,16.0,1.0,1.0
1473455,GJ Maxwell,30,24,35.0,3.0,1.0
1473455,LH Ferguson,4,1,5.0,1.0,0.0
1473455,M Jansen,3,7,3.0,0.0,0.0
1473455,MP Stoinis,1,7,1.0,0.0,0.0
1473455,N Rana,12,9,14.0,2.0,0.0
1473455,N Wadhera,62,42,72.0,4.0,3.0
1473455,P Simran Singh,17,17,19.0,2.0,0.0
1473455,Priyansh Arya,0,1,0.0,0.0,0.0
1473455,R Parag,43,26,52.0,3.0,3.0
1473455,SO Hetmyer,20,12,24.0,2.0,1.0
1473455,SS Iyer,10,6,12.0,2.0,0.0
1473455,SV Samson,38,26,44.0,6.0,0.0
1473455,Shashank Singh,10,14,10.0,0.0,0.0
1473455,Suryansh Shedge,2,4,2.0,0.0,0.0
1473455,YBK Jaiswal,67,47,80.0,3.0,5.0
1473456,A Raghuvanshi,5,4,6.0,1.0,0.0
1473456,AD Russell,7,4,9.0,0.0,1.0
1473456,AK Markram,47,28,55.0,4.0,2.0
1473456,AM Rahane,61,40,73.0,8.0,2.0
1473456,Abdul Samad,6,4,7.0,1.0,0.0
1473456,DA Miller,4,4,4.0,0.0,0.0
1473456,Harshit Rana,10,9,12.0,2.0,0.0
1473456,MR Marsh,81,52,97.0,6.0,5.0
1473456,N Pooran,87,40,110.0,7.0,8.0
1473456,Q de Kock,15,10,19.0,0.0,2.0
1473456,RK Singh,38,16,48.0,6.0,2.0
1473456,Ramandeep Singh,1,2,1.0,0.0,0.0
1473456,SP Narine,30,18,38.0,4.0,2.0
1473456,VR Iyer,45,33,53.0,6.0,1.0
1473457,Abhishek Sharma,18,16,22.0,4.0,0.0
1473457,Aniket Verma,18,14,20.0,2.0,0.0
1473457,B Sai Sudharsan,5,10,5.0,0.0,0.0
1473457,H Klaasen,27,19,31.0,2.0,1.0
1473457,Ishan Kishan,17,15,19.0,2.0,0.0
1473457,JC Buttler,0,3,0.0,0.0,0.0
1473457,Mohammed Shami,6,2,7.0,1.0,0.0
1473457,Nithish Kumar Reddy,31,35,34.0,3.0,0.0
1473457,PHKD Mendis,1,5,1.0,0.0,0.0
1473457,PJ Cummins,22,9,27.0,3.0,1.0
1473457,SE Rutherford,35,18,43.0,6.0,1.0
1473457,Shubman Gill,61,43,70.0,9.0,0.0
1473457,Simarjeet Singh,0,2,0.0,0.0,0.0
1473457,TM Head,8,5,10.0,2.0,0.0
1473457,Washington Sundar,49,29,58.0,5.0,2.0
1473458,D Padikkal,37,22,45.0,2.0,3.0
1473458,DL Chahar,0,1,0.0,0.0,0.0
1473458,HH Pandya,42,18,53.0,3.0,4.0
1473458,JJ Bumrah,0,1,0.0,0.0,0.0
1473458,JM Sharma,40,20,50.0,2.0,4.0
1473458,LS Livingstone,0,3,0.0,0.0,0.0
1473458,MJ Santner,8,4,10.0,0.0,1.0
1473458,Naman Dhir,11,6,14.0,1.0,1.0
1473458,PD Salt,4,2,5.0,1.0,0.0
1473458,RD Rickelton,17,10,21.0,4.0,0.0
1473458,RG Sharma,17,9,21.0,2.0,1.0
1473458,RM Patidar,64,36,77.0,5.0,4.0
1473458,SA Yadav,28,26,33.0,5.0,0.0
1473458,TA Boult,1,2,1.0,0.0,0.0
1473458,TH David,1,1,1.0,0.0,0.0
1473458,Tilak Varma,56,31,68.0,4.0,4.0
1473458,V Kohli,67,43,79.0,8.0,2.0
1473458,WG Jacks,22,18,26.0,2.0,1.0
1473459,DP Conway,69,53,79.0,6.0,2.0
1473459,GJ Maxwell,1,2,1.0,0.0,0.0
1473459,M Jansen,34,19,40.0,2.0,2.0
1473459,MP Stoinis,4,7,4.0,0.0,0.0
1473459,MS Dhoni,27,13,34.0,1.0,3.0
1473459,N Wadhera,9,7,11.0,0.0,1.0
1473459,P Simran Singh,0,2,0.0,0.0,0.0
1473459,Priyansh Arya,103,43,128.0,7.0,9.0
1473459,R Ravindra,36,23,42.0,6.0,0.0
1473459,RA Jadeja,9,5,11.0,0.0,1.0
1473459,RD Gaikwad,1,3,1.0,0.0,0.0
1473459,S Dube,42,30,49.0,3.0,2.0
1473459,SS Iyer,9,7,11.0,0.0,1.0
1473459,Shashank Singh,52,37,60.0,2.0,3.0
1473459,V Shankar,2,2,2.0,0.0,0.0
1473460,B Sai Sudharsan,82,59,96.0,8.0,3.0
1473460,Dhruv Jurel,5,5,6.0,1.0,0.0
1473460,JC Archer,4,4,4.0,0.0,0.0
1473460,JC Buttler,36,26,41.0,5.0,0.0
1473460,M Shahrukh Khan,36,22,44.0,4.0,2.0
1473460,M Theekshana,5,13,5.0,0.0,0.0
1473460,N Rana,1,4,1.0,0.0,0.0
1473460,R Parag,26,14,33.0,1.0,3.0
1473460,R Tewatia,24,15,30.0,2.0,2.0
1473460,Rashid Khan,12,6,15.0,1.0,1.0
1473460,SB Dubey,1,3,1.0,0.0,0.0
1473460,SE Rutherford,7,3,9.0,0.0,1.0
1473460,SO Hetmyer,52,35,62.0,4.0,3.0
1473460,SV Samson,41,28,49.0,4.0,2.0
1473460,Sandeep Sharma,6,6,6.0,0.0,0.0
1473460,Shubman Gill,2,4,2.0,0.0,0.0
1473460,TU Deshpande,3,3,3.0,0.0,0.0
1473460,YBK Jaiswal,6,10,7.0,1.0,0.0
1473461,AR Patel,15,11,17.0,2.0,0.0
1473461,Abishek Porel,7,7,8.0,1.0,0.0
1473461,B Kumar,1,4,1.0,0.0,0.0
1473461,D Padikkal,1,9,1.0,0.0,0.0
1473461,F du Plessis,2,7,2.0,0.0,0.0
1473461,J Fraser-McGurk,7,7,8.0,1.0,0.0
1473461,JM Sharma,3,11,3.0,0.0,0.0
1473461,KH Pandya,18,18,19.0,1.0,0.0
1473461,KL Rahul,93,55,112.0,7.0,6.0
1473461,LS Livingstone,4,6,4.0,0.0,0.0
1473461,PD Salt,37,18,47.0,4.0,3.0
1473461,RM Patidar,25,23,28.0,1.0,1.0
1473461,T Stubbs,38,23,44.0,4.0,1.0
1473461,TH David,37,23,47.0,2.0,4.0
1473461,V Kohli,22,14,27.0,1.0,2.0
1473462,A Kamboj,3,4,3.0,0.0,0.0
1473462,AM Rahane,20,17,23.0,1.0,1.0
1473462,DJ Hooda,0,4,0.0,0.0,0.0
1473462,DP Conway,12,11,14.0,2.0,0.0
1473462,MS Dhoni,1,4,1.0,0.0,0.0
1473462,Noor Ahmad,1,8,1.0,0.0,0.0
1473462,Q de Kock,23,16,29.0,0.0,3.0
1473462,R Ashwin,1,7,1.0,0.0,0.0
1473462,R Ravindra,4,9,4.0,0.0,0.0
1473462,RA Jadeja,0,2,0.0,0.0,0.0
1473462,RA Tripathi,16,22,17.0,1.0,0.0
1473462,RK Singh,15,12,18.0,1.0,1.0
1473462,S Dube,31,32,34.0,3.0,0.0
1473462,SP Narine,44,20,56.0,2.0,5.0
1473462,V Shankar,29,21,33.0,2.0,1.0
1473463,A Badoni,28,21,32.0,2.0,1.0
1473463,AK Markram,58,31,69.0,9.0,1.0
1473463,Abdul Samad,2,3,2.0,0.0,0.0
1473463,B Sai Sudharsan,56,40,65.0,7.0,1.0
1473463,DA Miller,7,11,7.0,0.0,0.0
1473463,JC Buttler,16,14,18.0,2.0,0.0
1473463,M Shahrukh Khan,11,7,13.0,0.0,1.0
1473463,N Pooran,61,34,76.0,1.0,7.0
1473463,R Tewatia,0,1,0.0,0.0,0.0
1473463,RR Pant,21,20,25.0,4.0,0.0
1473463,Rashid Khan,4,2,4.0,0.0,0.0
1473463,SE Rutherford,22,21,25.0,3.0,0.0
1473463,Shubman Gill,60,40,68.0,6.0,1.0
1473463,Washington Sundar,2,4,2.0,0.0,0.0
1473464,Abhishek Sharma,141,59,175.0,14.0,10.0
1473464,GJ Maxwell,3,8,3.0,0.0,0.0
1473464,H Klaasen,21,14,25.0,2.0,1.0
1473464,Ishan Kishan,9,6,10.0,1.0,0.0
1473464,M Jansen,5,5,5.0,0.0,0.0
1473464,MP Stoinis,34,11,43.0,1.0,4.0
1473464,N Wadhera,27,22,31.0,2.0,1.0
1473464,P Simran Singh,42,24,51.0,7.0,1.0
1473464,Priyansh Arya,36,15,46.0,2.0,4.0
1473464,SS Iyer,82,39,100.0,6.0,6.0
1473464,Shashank Singh,2,4,2.0,0.0,0.0
1473464,TM Head,66,41,81.0,9.0,3.0
1473465,D Padikkal,40,30,47.0,5.0,1.0
1473465,Dhruv Jurel,35,23,41.0,2.0,2.0
1473465,N Rana,4,1,5.0,1.0,0.0
1473465,PD Salt,65,34,82.0,5.0,6.0
1473465,R Parag,30,22,35.0,3.0,1.0
1473465,SO Hetmyer,9,9,10.0,1.0,0.0
1473465,SV Samson,15,19,16.0,1.0,0.0
1473465,V Kohli,62,47,70.0,4.0,2.0
1473465,YBK Jaiswal,75,48,89.0,10.0,2.0
1473466,AR Patel,9,6,11.0,2.0,0.0
1473466,Abishek Porel,33,26,38.0,3.0,1.0
1473466,Ashutosh Sharma,17,14,19.0,2.0,0.0
1473466,HH Pandya,2,4,2.0,0.0,0.0
1473466,J Fraser-McGurk,0,1,0.0,0.0,0.0
1473466,KK Nair,89,41,111.0,12.0,5.0
1473466,KL Rahul,15,13,16.0,1.0,0.0
1473466,Kuldeep Yadav,1,1,1.0,0.0,0.0
1473466,MA Starc,1,2,1.0,0.0,0.0
1473466,MM Sharma,0,1,0.0,0.0,0.0
1473466,Naman Dhir,38,17,46.0,4.0,2.0
1473466,RD Rickelton,41,27,50.0,5.0,2.0
1473466,RG Sharma,18,12,22.0,2.0,1.0
1473466,SA Yadav,40,30,49.0,5.0,2.0
1473466,T Stubbs,1,4,1.0,0.0,0.0
1473466,Tilak Varma,59,33,71.0,6.0,3.0
1473466,V Nigam,14,10,17.0,1.0,1.0
1473466,WG Jacks,1,1,1.0,0.0,0.0
1473467,A Badoni,22,18,27.0,1.0,2.0
1473467,AK Markram,6,6,7.0,1.0,0.0
1473467,Abdul Samad,20,13,24.0,0.0,2.0
1473467,MR Marsh,30,26,36.0,2.0,2.0
1473467,MS Dhoni,26,13,32.0,4.0,1.0
1473467,N Pooran,8,9,10.0,2.0,0.0
1473467,R Ravindra,37,22,42.0,5.0,0.0
1473467,RA Jadeja,7,12,7.0,0.0,0.0
1473467,RA Tripathi,9,10,10.0,1.0,0.0
1473467,RR Pant,63,50,75.0,4.0,4.0
1473467,S Dube,43,39,50.0,3.0,2.0
1473467,SK Rasheed,27,21,33.0,6.0,0.0
1473467,SN Thakur,6,6,7.0,1.0,0.0
1473467,V Shankar,9,9,10.0,1.0,0.0
1473468,A Raghuvanshi,37,29,44.0,5.0,1.0
1473468,AD Russell,17,11,22.0,1.0,2.0
1473468,AM Rahane,17,17,20.0,1.0,1.0
1473468,Arshdeep Singh,1,1,1.0,0.0,0.0
1473468,GJ Maxwell,7,11,8.0,1.0,0.0
1473468,Harshit Rana,3,6,3.0,0.0,0.0
1473468,JP Inglis,2,6,2.0,0.0,0.0
1473468,M Jansen,1,2,1.0,0.0,0.0
1473468,N Wadhera,10,10,12.0,2.0,0.0
1473468,P Simran Singh,30,15,38.0,2.0,3.0
1473468,Priyansh Arya,22,12,27.0,3.0,1.0
1473468,Q de Kock,2,4,2.0,0.0,0.0
1473468,RK Singh,2,9,2.0,0.0,0.0
1473468,Ramandeep Singh,0,1,0.0,0.0,0.0
1473468,SP Narine,5,4,6.0,1.0,0.0
1473468,SS Iyer,0,2,0.0,0.0,0.0
1473468,Shashank Singh,18,18,21.0,1.0,1.0
1473468,Suryansh Shedge,4,4,4.0,0.0,0.0
1473468,VG Arora,0,7,0.0,0.0,0.0
1473468,VR Iyer,7,4,7.0,0.0,0.0
1473468,XC Bartlett,11,15,12.0,1.0,0.0
1473469,AR Patel,34,14,42.0,4.0,2.0
1473469,Abishek Porel,49,37,56.0,5.0,1.0
1473469,Ashutosh Sharma,15,17,17.0,2.0,0.0
1473469,Dhruv Jurel,26,17,30.0,0.0,2.0
1473469,J Fraser-McGurk,9,6,11.0,2.0,0.0
1473469,KK Nair,0,3,0.0,0.0,0.0
1473469,KL Rahul,45,36,52.0,3.0,2.0
1473469,N Rana,51,28,61.0,6.0,2.0
1473469,R Parag,12,13,14.0,2.0,0.0
1473469,SO Hetmyer,21,14,23.0,2.0,0.0
1473469,SV Samson,31,19,39.0,2.0,3.0
1473469,T Stubbs,40,19,48.0,2.0,3.0
1473469,YBK Jaiswal,51,39,62.0,3.0,4.0
1473470,Abhishek Sharma,40,30,47.0,7.0,0.0
1473470,Aniket Verma,18,8,22.0,0.0,2.0
1473470,H Klaasen,37,31,44.0,3.0,2.0
1473470,HH Pandya,21,10,26.0,3.0,1.0
1473470,Ishan Kishan,2,3,2.0,0.0,0.0
1473470,MJ Santner,0,1,0.0,0.0,0.0
1473470,Naman Dhir,0,3,0.0,0.0,0.0
1473470,Nithish Kumar Reddy,19,21,20.0,1.0,0.0
1473470,PJ Cummins,8,4,10.0,0.0,1.0
1473470,RD Rickelton,31,24,36.0,5.0,0.0
1473470,RG Sharma,26,16,32.0,0.0,3.0
1473470,SA Yadav,26,15,32.0,2.0,2.0
1473470,TM Head,28,32,31.0,3.0,0.0
1473470,Tilak Varma,21,17,23.0,2.0,0.0
1473470,WG Jacks,36,27,43.0,3.0,2.0
1473471,B Kumar,8,13,9.0,1.0,0.0
1473471,JM Sharma,2,7,2.0,0.0,0.0
1473471,JP Inglis,14,18,16.0,2.0,0.0
1473471,JR Hazlewood,0,1,0.0,0.0,0.0
1473471,KH Pandya,1,2,1.0,0.0,0.0
1473471,LS Livingstone,4,6,5.0,1.0,0.0
1473471,MP Stoinis,7,2,9.0,0.0,1.0
1473471,MS Bhandage,1,4,1.0,0.0,0.0
1473471,N Wadhera,33,19,42.0,3.0,3.0
1473471,P Simran Singh,13,9,15.0,2.0,0.0
1473471,PD Salt,4,4,5.0,1.0,0.0
1473471,Priyansh Arya,16,12,19.0,1.0,1.0
1473471,RM Patidar,23,18,26.0,1.0,1.0
1473471,SS Iyer,7,10,7.0,0.0,0.0
1473471,Shashank Singh,1,5,1.0,0.0,0.0
1473471,TH David,50,26,61.0,5.0,3.0
1473471,V Kohli,1,3,1.0,0.0,0.0
1473471,Yash Dayal,0,1,0.0,0.0,0.0
1473472,AR Patel,39,33,44.0,1.0,2.0
1473472,Abishek Porel,18,11,23.0,3.0,1.0
1473472,Ashutosh Sharma,37,22,45.0,2.0,3.0
1473472,B Sai Sudharsan,36,21,43.0,5.0,1.0
1473472,D Ferreira,1,3,1.0,0.0,0.0
1473472,JC Buttler,97,56,116.0,11.0,4.0
1473472,KK Nair,31,20,37.0,2.0,2.0
1473472,KL Rahul,28,14,34.0,4.0,1.0
1473472,Kuldeep Yadav,4,1,5.0,1.0,0.0
1473472,MA Starc,2,2,2.0,0.0,0.0
1473472,R Tewatia,11,3,14.0,1.0,1.0
1473472,SE Rutherford,43,36,50.0,1.0,3.0
1473472,Shubman Gill,7,5,8.0,1.0,0.0
1473472,T Stubbs,31,22,35.0,2.0,1.0
1473472,V Nigam,0,1,0.0,0.0,0.0
1473473,A Badoni,50,37,57.0,5.0,1.0
1473473,AK Markram,66,46,77.0,5.0,3.0
1473473,Abdul Samad,30,10,38.0,0.0,4.0
1473473,DA Miller,7,9,7.0,0.0,0.0
1473473,Dhruv Jurel,6,5,6.0,0.0,0.0
1473473,MR Marsh,4,6,4.0,0.0,0.0
1473473,N Pooran,11,8,13.0,2.0,0.0
1473473,N Rana,8,7,10.0,0.0,1.0
1473473,R Parag,39,27,46.0,3.0,2.0
1473473,RR Pant,3,9,3.0,0.0,0.0
1473473,SB Dubey,3,3,3.0,0.0,0.0
1473473,SO Hetmyer,12,7,14.0,2.0,0.0
1473473,V Suryavanshi,34,20,42.0,2.0,3.0
1473473,YBK Jaiswal,74,52,87.0,5.0,4.0
1473474,D Padikkal,61,35,75.0,6.0,4.0
1473474,JM Sharma,11,8,13.0,0.0,1.0
1473474,JP Inglis,29,17,33.0,2.0,1.0
1473474,M Jansen,25,21,29.0,0.0,2.0
1473474,MP Stoinis,1,2,1.0,0.0,0.0
1473474,N Wadhera,5,7,5.0,0.0,0.0
1473474,P Simran Singh,33,18,40.0,5.0,1.0
1473474,PD Salt,1,3,1.0,0.0,0.0
1473474,Priyansh Arya,22,15,27.0,3.0,1.0
1473474,RM Patidar,12,13,13.0,1.0,0.0
1473474,SS Iyer,6,10,7.0,1.0,0.0
1473474,Shashank Singh,31,33,32.0,1.0,0.0
1473474,V Kohli,73,55,82.0,7.0,1.0
1473475,A Mhatre,32,17,40.0,4.0,2.0
1473475,J Overton,4,3,5.0,1.0,0.0
1473475,MS Dhoni,4,6,4.0,0.0,0.0
1473475,R Ravindra,5,9,5.0,0.0,0.0
1473475,RA Jadeja,53,37,61.0,4.0,2.0
1473475,RD Rickelton,24,19,29.0,3.0,1.0
1473475,RG Sharma,76,53,92.0,4.0,6.0
1473475,S Dube,50,34,60.0,2.0,4.0
1473475,SA Yadav,68,30,84.0,6.0,5.0
1473475,SK Rasheed,19,20,20.0,1.0,0.0
1473476,A Raghuvanshi,27,13,32.0,3.0,1.0
1473476,AD Russell,21,17,26.0,3.0,1.0
1473476,AM Rahane,50,38,57.0,5.0,1.0
1473476,B Sai Sudharsan,52,38,60.0,6.0,1.0
1473476,Harshit Rana,1,2,1.0,0.0,0.0
1473476,JC Buttler,41,23,49.0,8.0,0.0
1473476,M Shahrukh Khan,11,5,13.0,0.0,1.0
1473476,MM Ali,0,2,0.0,0.0,0.0
1473476,R Tewatia,0,2,0.0,0.0,0.0
1473476,RK Singh,17,14,20.0,1.0,1.0
1473476,Rahmanullah Gurbaz,1,4,1.0,0.0,0.0
1473476,Ramandeep Singh,1,2,1.0,0.0,0.0
1473476,SP Narine,17,14,21.0,2.0,1.0
1473476,Shubman Gill,90,56,106.0,10.0,3.0
1473476,VR Iyer,14,19,14.0,0.0,0.0
1473477,A Badoni,36,21,42.0,6.0,0.0
1473477,AK Markram,52,33,60.0,2.0,3.0
1473477,AR Patel,34,21,43.0,1.0,4.0
1473477,Abdul Samad,2,8,2.0,0.0,0.0
1473477,Abishek Porel,51,36,58.0,5.0,1.0
1473477,DA Miller,14,16,15.0,1.0,0.0
1473477,KK Nair,15,11,19.0,2.0,1.0
1473477,KL Rahul,57,42,66.0,3.0,3.0
1473477,MR Marsh,45,36,50.0,3.0,1.0
1473477,N Pooran,9,5,11.0,2.0,0.0
1473477,RR Pant,0,2,0.0,0.0,0.0
1473478,A Manohar,43,37,51.0,2.0,3.0
1473478,Abhishek Sharma,8,9,10.0,0.0,1.0
1473478,Aniket Verma,12,14,13.0,1.0,0.0
1473478,H Klaasen,71,46,84.0,9.0,2.0
1473478,HV Patel,1,1,1.0,0.0,0.0
1473478,Ishan Kishan,1,4,1.0,0.0,0.0
1473478,Nithish Kumar Reddy,2,6,2.0,0.0,0.0
1473478,PJ Cummins,1,2,1.0,0.0,0.0
1473478,RD Rickelton,11,8,13.0,2.0,0.0
1473478,RG Sharma,70,46,84.0,8.0,3.0
1473478,SA Yadav,40,20,49.0,5.0,2.0
1473478,TM Head,0,4,0.0,0.0,0.0
1473478,Tilak Varma,2,2,2.0,0.0,0.0
1473478,WG Jacks,22,19,26.0,2.0,1.0
1473479,D Padikkal,50,30,60.0,4.0,3.0
1473479,Dhruv Jurel,47,36,56.0,3.0,3.0
1473479,Fazalhaq Farooqi,2,2,2.0,0.0,0.0
1473479,JC Archer,0,1,0.0,0.0,0.0
1473479,JM Sharma,20,12,24.0,4.0,0.0
1473479,N Rana,28,22,33.0,3.0,1.0
1473479,PD Salt,26,25,30.0,4.0,0.0
1473479,PWH de Silva,1,3,1.0,0.0,0.0
1473479,R Parag,22,10,28.0,2.0,2.0
1473479,RM Patidar,1,3,1.0,0.0,0.0
1473479,SB Dubey,12,7,15.0,1.0,1.0
1473479,SO Hetmyer,11,8,12.0,1.0,0.0
1473479,TH David,23,16,27.0,2.0,1.0
1473479,TU Deshpande,1,2,1.0,0.0,0.0
1473479,V Kohli,70,44,82.0,8.0,2.0
1473479,V Suryavanshi,16,13,20.0,0.0,2.0
1473479,YBK Jaiswal,49,19,62.0,7.0,3.0
1473480,A Kamboj,2,4,2.0,0.0,0.0
1473480,A Mhatre,30,19,36.0,6.0,0.0
1473480,Abhishek Sharma,0,2,0.0,0.0,0.0
1473480,Aniket Verma,19,21,23.0,0.0,2.0
1473480,D Brevis,42,25,51.0,1.0,4.0
1473480,DJ Hooda,22,23,25.0,1.0,1.0
1473480,H Klaasen,7,8,8.0,1.0,0.0
1473480,Ishan Kishan,44,35,51.0,5.0,1.0
1473480,KK Ahmed,1,2,1.0,0.0,0.0
1473480,MS Dhoni,6,10,7.0,1.0,0.0
1473480,Nithish Kumar Reddy,19,14,21.0,2.0,0.0
1473480,Noor Ahmad,2,3,2.0,0.0,0.0
1473480,PHKD Mendis,32,25,35.0,3.0,0.0
1473480,RA Jadeja,21,17,24.0,1.0,1.0
1473480,S Dube,12,9,14.0,2.0,0.0
1473480,SK Rasheed,0,1,0.0,0.0,0.0
1473480,SM Curran,9,10,10.0,1.0,0.0
1473480,TM Head,19,16,23.0,4.0,0.0
1473481,GJ Maxwell,7,8,8.0,1.0,0.0
1473481,JP Inglis,11,6,13.0,2.0,0.0
1473481,M Jansen,3,7,3.0,0.0,0.0
1473481,P Simran Singh,83,50,101.0,6.0,6.0
1473481,Priyansh Arya,69,36,85.0,8.0,4.0
1473481,Rahmanullah Gurbaz,1,4,1.0,0.0,0.0
1473481,SP Narine,4,3,5.0,1.0,0.0
1473481,SS Iyer,25,16,28.0,1.0,1.0
1473482,A Badoni,35,22,41.0,2.0,2.0
1473482,AK Markram,9,11,11.0,2.0,0.0
1473482,Abdul Samad,2,4,2.0,0.0,0.0
1473482,Avesh Khan,0,1,0.0,0.0,0.0
1473482,C Bosch,20,10,24.0,2.0,1.0
1473482,DA Miller,24,17,27.0,3.0,0.0
1473482,DL Chahar,1,1,1.0,0.0,0.0
1473482,DS Rathi,1,4,1.0,0.0,0.0
1473482,HH Pandya,5,7,5.0,0.0,0.0
1473482,MR Marsh,34,24,41.0,3.0,2.0
1473482,N Pooran,27,17,34.0,1.0,3.0
1473482,Naman Dhir,25,13,31.0,2.0,2.0
1473482,Prince Yadav,4,10,4.0,0.0,0.0
1473482,RD Rickelton,58,33,72.0,6.0,4.0
1473482,RG Sharma,12,6,16.0,0.0,2.0
1473482,RR Pant,4,2,5.0,1.0,0.0
1473482,Ravi Bishnoi,13,14,17.0,0.0,2.0
1473482,SA Yadav,54,29,66.0,4.0,4.0
1473482,Tilak Varma,6,5,7.0,1.0,0.0
1473482,WG Jacks,29,21,34.0,3.0,1.0
1473483,AR Patel,15,13,18.0,1.0,1.0
1473483,Abishek Porel,28,11,34.0,2.0,2.0
1473483,Ashutosh Sharma,2,3,2.0,0.0,0.0
1473483,D Padikkal,0,2,0.0,0.0,0.0
1473483,F du Plessis,22,27,24.0,2.0,0.0
1473483,JG Bethell,12,6,15.0,1.0,1.0
1473483,KH Pandya,73,49,86.0,5.0,4.0
1473483,KK Nair,4,4,5.0,1.0,0.0
1473483,KL Rahul,41,39,44.0,3.0,0.0
1473483,PVD Chameera,0,1,0.0,0.0,0.0
1473483,RM Patidar,6,6,7.0,1.0,0.0
1473483,T Stubbs,34,19,41.0,5.0,1.0
1473483,TH David,19,5,24.0,3.0,1.0
1473483,V Kohli,51,47,55.0,4.0,0.0
1473483,V Nigam,12,6,15.0,1.0,1.0
1473484,B Sai Sudharsan,39,30,45.0,4.0,1.0
1473484,JC Buttler,50,27,61.0,3.0,4.0
1473484,M Shahrukh Khan,5,2,6.0,1.0,0.0
1473484,N Rana,4,2,5.0,1.0,0.0
1473484,R Parag,32,15,38.0,2.0,2.0
1473484,R Tewatia,9,4,11.0,0.0,1.0
1473484,Shubman Gill,84,55,97.0,5.0,4.0
1473484,V Suryavanshi,101,42,130.0,7.0,11.0
1473484,Washington Sundar,13,10,15.0,0.0,1.0
1473484,YBK Jaiswal,70,40,83.0,9.0,2.0
1473485,A Raghuvanshi,44,32,51.0,3.0,2.0
1473485,AD Russell,17,12,21.0,2.0,1.0
1473485,AM Rahane,26,15,32.0,4.0,1.0
1473485,AR Patel,43,25,53.0,4.0,3.0
1473485,AS Roy,0,1,0.0,0.0,0.0
1473485,Abishek Porel,4,2,5.0,1.0,0.0
1473485,Ashutosh Sharma,7,6,9.0,0.0,1.0
1473485,CV Varun,1,1,1.0,0.0,0.0
1473485,F du Plessis,62,46,73.0,7.0,2.0
1473485,Harshit Rana,0,1,0.0,0.0,0.0
1473485,KK Nair,15,14,17.0,2.0,0.0
1473485,KL Rahul,7,5,8.0,1.0,0.0
1473485,Kuldeep Yadav,1,1,1.0,0.0,0.0
1473485,MA Starc,0,1,0.0,0.0,0.0
1473485,PVD Chameera,2,3,2.0,0.0,0.0
1473485,R Powell,5,7,6.0,1.0,0.0
1473485,RK Singh,36,27,41.0,3.0,1.0
1473485,Rahmanullah Gurbaz,26,12,33.0,5.0,1.0
1473485,SP Narine,27,19,33.0,2.0,2.0
1473485,T Stubbs,1,3,1.0,0.0,0.0
1473485,V Nigam,38,19,47.0,5.0,2.0
1473485,VR Iyer,7,5,8.0,1.0,0.0
1473486,A Kamboj,0,1,0.0,0.0,0.0
1473486,A Mhatre,7,7,8.0,1.0,0.0
1473486,D Brevis,32,28,36.0,2.0,1.0
1473486,DJ Hooda,2,2,2.0,0.0,0.0
1473486,JP Inglis,6,6,7.0,1.0,0.0
1473486,M Jansen,4,2,5.0,1.0,0.0
1473486,MS Dhoni,11,5,14.0,1.0,1.0
1473486,N Wadhera,5,3,6.0,1.0,0.0
1473486,Noor Ahmad,0,1,0.0,0.0,0.0
1473486,P Simran Singh,54,36,65.0,5.0,3.0
1473486,Priyansh Arya,23,15,28.0,5.0,0.0
1473486,RA Jadeja,17,12,21.0,4.0,0.0
1473486,S Dube,6,7,7.0,1.0,0.0
1473486,SK Rasheed,11,14,14.0,1.0,1.0
1473486,SM Curran,88,51,105.0,9.0,4.0
1473486,SS Iyer,72,43,85.0,5.0,4.0
1473486,Shashank Singh,23,12,28.0,1.0,2.0
1473486,Suryansh Shedge,1,4,1.0,0.0,0.0
1473487,Akash Madhwal,4,9,4.0,0.0,0.0
1473487,Dhruv Jurel,11,11,13.0,0.0,1.0
1473487,HH Pandya,48,25,56.0,6.0,1.0
1473487,JC Archer,30,27,36.0,2.0,2.0
1473487,K Kartikeya,2,4,2.0,0.0,0.0
1473487,M Theekshana,2,9,2.0,0.0,0.0
1473487,N Rana,9,14,11.0,2.0,0.0
1473487,R Parag,16,8,19.0,3.0,0.0
1473487,RD Rickelton,61,40,74.0,7.0,3.0
1473487,RG Sharma,53,37,62.0,9.0,0.0
1473487,SA Yadav,48,24,58.0,4.0,3.0
1473487,SB Dubey,15,9,19.0,2.0,1.0
1473487,SO Hetmyer,0,1,0.0,0.0,0.0
1473487,V Suryavanshi,0,2,0.0,0.0,0.0
1473487,YBK Jaiswal,13,6,17.0,0.0,2.0
1473488,Abhishek Sharma,74,44,90.0,4.0,6.0
1473488,Aniket Verma,3,7,3.0,0.0,0.0
1473488,B Sai Sudharsan,48,23,57.0,9.0,0.0
1473488,H Klaasen,23,18,26.0,1.0,1.0
1473488,Ishan Kishan,13,17,13.0,0.0,0.0
1473488,JC Buttler,64,38,75.0,3.0,4.0
1473488,M Shahrukh Khan,6,2,8.0,0.0,1.0
1473488,Nithish Kumar Reddy,21,11,26.0,1.0,2.0
1473488,PHKD Mendis,0,1,0.0,0.0,0.0
1473488,PJ Cummins,19,10,22.0,1.0,1.0
1473488,R Tewatia,6,3,8.0,0.0,1.0
1473488,Rashid Khan,0,1,0.0,0.0,0.0
1473488,Shubman Gill,76,39,90.0,10.0,2.0
1473488,TM Head,20,19,24.0,4.0,0.0
1473488,Washington Sundar,21,17,23.0,0.0,1.0
1473489,A Mhatre,94,48,113.0,9.0,5.0
1473489,D Brevis,0,1,0.0,0.0,0.0
1473489,D Padikkal,17,16,20.0,1.0,1.0
1473489,JG Bethell,55,33,67.0,8.0,2.0
1473489,JM Sharma,7,9,8.0,1.0,0.0
1473489,MS Dhoni,12,8,14.0,0.0,1.0
1473489,R Shepherd,53,15,69.0,4.0,6.0
1473489,RA Jadeja,77,45,89.0,8.0,2.0
1473489,RM Patidar,11,16,12.0,1.0,0.0
1473489,S Dube,8,3,10.0,0.0,1.0
1473489,SK Rasheed,14,11,17.0,1.0,1.0
1473489,SM Curran,5,5,6.0,1.0,0.0
1473489,TH David,2,3,2.0,0.0,0.0
1473489,V Kohli,62,33,77.0,5.0,5.0
1473490,A Raghuvanshi,44,31,49.0,5.0,0.0
1473490,AD Russell,57,28,73.0,4.0,6.0
1473490,AM Rahane,30,26,35.0,1.0,2.0
1473490,Dhruv Jurel,0,1,0.0,0.0,0.0
1473490,JC Archer,12,8,13.0,1.0,0.0
1473490,KS Rathore,0,5,0.0,0.0,0.0
1473490,PWH de Silva,0,2,0.0,0.0,0.0
1473490,R Parag,95,48,117.0,6.0,8.0
1473490,RK Singh,19,6,24.0,1.0,2.0
1473490,Rahmanullah Gurbaz,35,26,41.0,4.0,1.0
1473490,SB Dubey,25,14,30.0,1.0,2.0
1473490,SO Hetmyer,29,24,32.0,1.0,1.0
1473490,SP Narine,11,10,14.0,1.0,1.0
1473490,V Suryavanshi,4,2,5.0,1.0,0.0
1473490,YBK Jaiswal,34,21,41.0,5.0,1.0
1473491,A Badoni,74,45,89.0,5.0,5.0
1473491,AK Markram,13,10,16.0,1.0,1.0
1473491,Abdul Samad,45,27,55.0,2.0,4.0
1473491,Avesh Khan,19,10,24.0,3.0,1.0
1473491,DA Miller,11,8,13.0,0.0,1.0
1473491,JP Inglis,30,14,39.0,1.0,4.0
1473491,MP Stoinis,15,5,18.0,1.0,1.0
1473491,MR Marsh,0,5,0.0,0.0,0.0
1473491,N Pooran,6,5,7.0,1.0,0.0
1473491,N Wadhera,16,10,20.0,2.0,1.0
1473491,P Simran Singh,91,48,111.0,6.0,7.0
1473491,Prince Yadav,1,1,1.0,0.0,0.0
1473491,Priyansh Arya,1,4,1.0,0.0,0.0
1473491,RR Pant,18,17,22.0,2.0,1.0
1473491,SS Iyer,45,27,53.0,4.0,2.0
1473491,Shashank Singh,33,17,39.0,4.0,1.0
1473492,AR Patel,6,7,7.0,1.0,0.0
1473492,Abishek Porel,8,10,9.0,1.0,0.0
1473492,Ashutosh Sharma,41,28,49.0,2.0,3.0
1473492,F du Plessis,3,9,3.0,0.0,0.0
1473492,KK Nair,0,1,0.0,0.0,0.0
1473492,KL Rahul,10,14,11.0,1.0,0.0
1473492,MA Starc,1,1,1.0,0.0,0.0
1473492,T Stubbs,41,36,45.0,4.0,0.0
1473492,V Nigam,18,17,21.0,1.0,1.0
1473493,Arshad Khan,1,1,1.0,0.0,0.0
1473493,B Sai Sudharsan,5,5,6.0,1.0,0.0
1473493,C Bosch,27,22,32.0,1.0,2.0
1473493,DL Chahar,8,8,9.0,1.0,0.0
1473493,G Coetzee,12,6,15.0,1.0,1.0
1473493,HH Pandya,1,3,1.0,0.0,0.0
1473493,JC Buttler,30,29,35.0,3.0,1.0
1473493,KV Sharma,1,1,1.0,0.0,0.0
1473493,M Shahrukh Khan,6,6,7.0,1.0,0.0
1473493,Naman Dhir,7,10,8.0,1.0,0.0
1473493,R Tewatia,11,8,12.0,1.0,0.0
1473493,RD Rickelton,2,2,2.0,0.0,0.0
1473493,RG Sharma,7,8,8.0,1.0,0.0
1473493,Rashid Khan,2,3,2.0,0.0,0.0
1473493,SA Yadav,35,24,40.0,5.0,0.0
1473493,SE Rutherford,28,16,34.0,2.0,2.0
1473493,Shubman Gill,43,49,48.0,3.0,1.0
1473493,Tilak Varma,7,8,7.0,0.0,0.0
1473493,WG Jacks,53,35,64.0,5.0,3.0
1473494,A Kamboj,4,1,5.0,1.0,0.0
1473494,A Mhatre,0,2,0.0,0.0,0.0
1473494,A Raghuvanshi,1,2,1.0,0.0,0.0
1473494,AD Russell,38,21,48.0,4.0,3.0
1473494,AM Rahane,48,33,56.0,4.0,2.0
1473494,D Brevis,52,25,64.0,4.0,4.0
1473494,DP Conway,0,2,0.0,0.0,0.0
1473494,MK Pandey,36,29,39.0,1.0,1.0
1473494,MS Dhoni,17,19,19.0,0.0,1.0
1473494,Noor Ahmad,2,2,2.0,0.0,0.0
1473494,R Ashwin,8,7,9.0,1.0,0.0
1473494,RA Jadeja,19,10,23.0,2.0,1.0
1473494,RK Singh,9,6,11.0,2.0,0.0
1473494,Rahmanullah Gurbaz,11,9,14.0,1.0,1.0
1473494,Ramandeep Singh,4,4,4.0,0.0,0.0
1473494,S Dube,45,42,53.0,2.0,3.0
1473494,SP Narine,26,18,32.0,4.0,1.0
1473494,Urvil Patel,31,12,40.0,1.0,4.0
1473495,P Simran Singh,50,28,57.0,7.0,0.0
1473495,Priyansh Arya,70,35,87.0,5.0,6.0
1473497,Azmatullah Omarzai,21,11,26.0,3.0,1.0
1473497,Dhruv Jurel,53,32,64.0,3.0,4.0
1473497,KT Maphaka,8,3,10.0,2.0,0.0
1473497,MJ Owen,0,2,0.0,0.0,0.0
1473497,N Wadhera,70,37,85.0,5.0,5.0
1473497,P Simran Singh,21,10,26.0,3.0,1.0
1473497,PWH de Silva,0,1,0.0,0.0,0.0
1473497,Priyansh Arya,9,7,10.0,1.0,0.0
1473497,R Parag,13,11,15.0,0.0,1.0
1473497,SB Dubey,7,7,7.0,0.0,0.0
1473497,SO Hetmyer,11,12,12.0,1.0,0.0
1473497,SS Iyer,30,25,35.0,5.0,0.0
1473497,SV Samson,20,16,23.0,1.0,1.0
1473497,Shashank Singh,59,33,70.0,5.0,3.0
1473497,V Suryavanshi,40,16,52.0,4.0,4.0
1473497,YBK Jaiswal,50,25,61.0,9.0,1.0
1473498,AR Patel,25,16,29.0,2.0,1.0
1473498,Abishek Porel,30,21,37.0,1.0,3.0
1473498,B Sai Sudharsan,108,62,128.0,12.0,4.0
1473498,F du Plessis,5,11,5.0,0.0,0.0
1473498,KL Rahul,112,66,134.0,14.0,4.0
1473498,Shubman Gill,93,55,110.0,3.0,7.0
1473498,T Stubbs,21,10,25.0,0.0,2.0
1473499,A Badoni,3,5,3.0,0.0,0.0
1473499,AK Markram,61,39,73.0,4.0,4.0
1473499,Abdul Samad,3,6,3.0,0.0,0.0
1473499,Abhishek Sharma,59,23,75.0,4.0,6.0
1473499,Akash Deep,6,1,8.0,0.0,1.0
1473499,Aniket Verma,5,2,6.0,1.0,0.0
1473499,Atharva Taide,13,11,16.0,3.0,0.0
1473499,H Klaasen,47,30,53.0,4.0,1.0
1473499,Ishan Kishan,35,30,42.0,3.0,2.0
1473499,MR Marsh,65,41,79.0,6.0,4.0
1473499,N Pooran,45,31,53.0,6.0,1.0
1473499,Nithish Kumar Reddy,5,2,6.0,1.0,0.0
1473499,PHKD Mendis,32,21,35.0,3.0,0.0
1473499,RR Pant,7,6,8.0,1.0,0.0
1473499,SN Thakur,4,2,5.0,1.0,0.0
1473500,A Kamboj,5,3,6.0,1.0,0.0
1473500,A Mhatre,43,20,53.0,8.0,1.0
1473500,D Brevis,42,27,50.0,2.0,3.0
1473500,DP Conway,10,8,12.0,2.0,0.0
1473500,Dhruv Jurel,31,12,39.0,2.0,3.0
1473500,MS Dhoni,16,18,18.0,0.0,1.0
1473500,Noor Ahmad,2,1,2.0,0.0,0.0
1473500,R Ashwin,13,8,16.0,1.0,1.0
1473500,R Parag,3,5,3.0,0.0,0.0
1473500,RA Jadeja,1,5,1.0,0.0,0.0
1473500,S Dube,39,37,45.0,2.0,2.0
1473500,SO Hetmyer,12,6,15.0,1.0,1.0
1473500,SV Samson,41,31,48.0,3.0,2.0
1473500,Urvil Patel,0,2,0.0,0.0,0.0
1473500,V Suryavanshi,57,34,69.0,4.0,4.0
1473500,YBK Jaiswal,36,19,45.0,5.0,2.0
1473501,Abishek Porel,6,9,6.0,0.0,0.0
1473501,Ashutosh Sharma,18,16,21.0,1.0,1.0
1473501,F du Plessis,6,7,7.0,1.0,0.0
1473501,HH Pandya,3,6,3.0,0.0,0.0
1473501,KL Rahul,11,6,13.0,2.0,0.0
1473501,Kuldeep Yadav,7,8,7.0,0.0,0.0
1473501,M Tiwari,3,4,3.0,0.0,0.0
1473501,Mustafizur Rahman,0,1,0.0,0.0,0.0
1473501,Naman Dhir,24,8,30.0,2.0,2.0
1473501,PVD Chameera,8,10,8.0,0.0,0.0
1473501,RD Rickelton,25,18,29.0,0.0,2.0
1473501,RG Sharma,5,5,6.0,1.0,0.0
1473501,SA Yadav,73,43,88.0,7.0,4.0
1473501,Sameer Rizvi,39,35,47.0,6.0,1.0
1473501,T Stubbs,2,4,2.0,0.0,0.0
1473501,Tilak Varma,27,28,30.0,1.0,1.0
1473501,V Nigam,20,11,25.0,3.0,1.0
1473501,WG Jacks,21,13,26.0,3.0,1.0
1473502,AK Markram,36,25,43.0,3.0,2.0
1473502,Arshad Khan,1,5,1.0,0.0,0.0
1473502,B Sai Sudharsan,21,17,25.0,4.0,0.0
1473502,JC Buttler,33,18,40.0,3.0,2.0
1473502,K Rabada,2,3,2.0,0.0,0.0
1473502,M Shahrukh Khan,57,29,68.0,5.0,3.0
1473502,MR Marsh,117,65,143.0,10.0,8.0
1473502,N Pooran,56,31,70.0,4.0,5.0
1473502,R Sai Kishore,1,2,1.0,0.0,0.0
1473502,R Tewatia,2,3,2.0,0.0,0.0
1473502,RR Pant,16,6,20.0,0.0,2.0
1473502,Rashid Khan,4,4,4.0,0.0,0.0
1473502,SE Rutherford,38,24,45.0,1.0,3.0
1473502,Shubman Gill,35,22,42.0,7.0,0.0
1473503,A Manohar,12,12,14.0,0.0,1.0
1473503,Abhishek Sharma,34,17,43.0,3.0,3.0
1473503,Aniket Verma,26,9,33.0,1.0,3.0
1473503,B Kumar,3,2,3.0,0.0,0.0
1473503,H Klaasen,24,13,30.0,2.0,2.0
1473503,Ishan Kishan,94,49,111.0,7.0,5.0
1473503,JM Sharma,24,16,29.0,1.0,2.0
1473503,KH Pandya,8,6,10.0,2.0,0.0
1473503,L Ngidi,0,2,0.0,0.0,0.0
1473503,MA Agarwal,11,10,12.0,1.0,0.0
1473503,Nithish Kumar Reddy,4,7,4.0,0.0,0.0
1473503,PD Salt,62,34,76.0,4.0,5.0
1473503,PJ Cummins,13,6,15.0,0.0,1.0
1473503,R Shepherd,0,1,0.0,0.0,0.0
1473503,RM Patidar,18,16,19.0,1.0,0.0
1473503,TH David,1,5,1.0,0.0,0.0
1473503,TM Head,17,10,20.0,3.0,0.0
1473503,V Kohli,43,26,52.0,7.0,1.0
1473503,Yash Dayal,3,6,3.0,0.0,0.0
1473504,A Mhatre,34,18,43.0,3.0,3.0
1473504,Arshad Khan,20,16,26.0,0.0,3.0
1473504,B Sai Sudharsan,41,30,47.0,6.0,0.0
1473504,D Brevis,57,23,71.0,4.0,5.0
1473504,DP Conway,52,37,62.0,6.0,2.0
1473504,G Coetzee,5,5,6.0,1.0,0.0
1473504,JC Buttler,5,7,5.0,0.0,0.0
1473504,M Shahrukh Khan,19,15,23.0,0.0,2.0
1473504,Mohammed Siraj,3,5,3.0,0.0,0.0
1473504,R Sai Kishore,3,7,3.0,0.0,0.0
1473504,R Tewatia,14,10,15.0,1.0,0.0
1473504,RA Jadeja,21,19,24.0,1.0,1.0
1473504,Rashid Khan,12,9,15.0,1.0,1.0
1473504,S Dube,17,8,21.0,0.0,2.0
1473504,SE Rutherford,0,4,0.0,0.0,0.0
1473504,Shubman Gill,13,9,16.0,1.0,1.0
1473504,Urvil Patel,37,20,45.0,4.0,2.0
1473505,A Raghuvanshi,14,19,15.0,1.0,0.0
1473505,AD Russell,0,1,0.0,0.0,0.0
1473505,AM Rahane,15,8,18.0,3.0,0.0
1473505,Abhishek Sharma,32,18,40.0,4.0,2.0
1473505,Aniket Verma,12,6,15.0,1.0,1.0
1473505,H Klaasen,105,42,130.0,7.0,9.0
1473505,Harshit Rana,34,22,42.0,2.0,3.0
1473505,Ishan Kishan,29,23,35.0,4.0,1.0
1473505,MK Pandey,37,24,45.0,2.0,3.0
1473505,Q de Kock,9,13,9.0,0.0,0.0
1473505,RK Singh,9,6,11.0,0.0,1.0
1473505,Ramandeep Singh,13,5,17.0,0.0,2.0
1473505,SP Narine,31,17,40.0,3.0,3.0
1473505,TM Head,76,42,94.0,6.0,6.0
1473505,VG Arora,0,1,0.0,0.0,0.0
1473506,HH Pandya,26,17,32.0,2.0,2.0
1473506,JP Inglis,73,46,88.0,9.0,3.0
1473506,MJ Santner,1,1,1.0,0.0,0.0
1473506,N Wadhera,2,2,2.0,0.0,0.0
1473506,Naman Dhir,20,12,24.0,0.0,2.0
1473506,P Simran Singh,13,16,16.0,1.0,1.0
1473506,Priyansh Arya,62,37,75.0,9.0,2.0
1473506,RD Rickelton,27,20,32.0,5.0,0.0
1473506,RG Sharma,24,23,28.0,2.0,1.0
1473506,SA Yadav,57,42,67.0,6.0,2.0
1473506,SS Iyer,26,17,31.0,1.0,2.0
1473506,Tilak Varma,1,4,1.0,0.0,0.0
1473506,WG Jacks,17,8,21.0,2.0,1.0
1473507,Abdul Samad,1,1,1.0,0.0,0.0
1473507,JM Sharma,85,34,105.0,8.0,6.0
1473507,LS Livingstone,0,1,0.0,0.0,0.0
1473507,MA Agarwal,41,23,46.0,5.0,0.0
1473507,MP Breetzke,14,12,17.0,1.0,1.0
1473507,MR Marsh,67,40,81.0,4.0,5.0
1473507,N Pooran,13,11,14.0,1.0,0.0
1473507,PD Salt,30,19,36.0,6.0,0.0
1473507,RM Patidar,14,7,17.0,1.0,1.0
1473507,RR Pant,118,63,145.0,11.0,8.0
1473507,V Kohli,54,33,64.0,10.0,0.0
1473508,Azmatullah Omarzai,18,12,21.0,1.0,1.0
1473508,Harpreet Brar,4,11,4.0,0.0,0.0
1473508,JP Inglis,4,7,4.0,0.0,0.0
1473508,KA Jamieson,0,3,0.0,0.0,0.0
1473508,MA Agarwal,19,13,23.0,2.0,1.0
1473508,MP Stoinis,26,18,32.0,2.0,2.0
1473508,Musheer Khan,0,3,0.0,0.0,0.0
1473508,N Wadhera,8,10,9.0,1.0,0.0
1473508,P Simran Singh,18,10,22.0,2.0,1.0
1473508,PD Salt,56,27,68.0,6.0,3.0
1473508,Priyansh Arya,7,5,8.0,1.0,0.0
1473508,RM Patidar,15,8,18.0,1.0,1.0
1473508,SS Iyer,2,3,2.0,0.0,0.0
1473508,Shashank Singh,3,5,3.0,0.0,0.0
1473508,V Kohli,12,12,14.0,2.0,0.0
1473509,B Sai Sudharsan,80,50,92.0,10.0,1.0
1473509,BKG Mendis,20,11,25.0,1.0,2.0
1473509,HH Pandya,22,12,28.0,0.0,3.0
1473509,JM Bairstow,47,22,57.0,4.0,3.0
1473509,M Shahrukh Khan,13,7,15.0,0.0,1.0
1473509,MJ Santner,0,2,0.0,0.0,0.0
1473509,Naman Dhir,9,7,11.0,0.0,1.0
1473509,R Tewatia,16,12,19.0,1.0,1.0
1473509,RG Sharma,81,50,98.0,9.0,4.0
1473509,Rashid Khan,0,2,0.0,0.0,0.0
1473509,SA Yadav,33,20,40.0,1.0,3.0
1473509,SE Rutherford,24,15,28.0,4.0,0.0
1473509,Shubman Gill,1,2,1.0,0.0,0.0
1473509,Tilak Varma,25,11,31.0,0.0,3.0
1473509,Washington Sundar,48,25,59.0,5.0,3.0
1473510,HH Pandya,15,13,18.0,1.0,1.0
1473510,JM Bairstow,38,27,45.0,3.0,2.0
1473510,JP Inglis,38,21,47.0,5.0,2.0
1473510,MJ Santner,0,1,0.0,0.0,0.0
1473510,MP Stoinis,2,2,2.0,0.0,0.0
1473510,N Wadhera,48,31,56.0,4.0,2.0
1473510,Naman Dhir,37,18,44.0,7.0,0.0
1473510,P Simran Singh,6,9,7.0,1.0,0.0
1473510,Priyansh Arya,20,10,24.0,2.0,1.0
1473510,RA Bawa,8,4,8.0,0.0,0.0
1473510,RG Sharma,8,7,9.0,1.0,0.0
1473510,SA Yadav,44,26,54.0,4.0,3.0
1473510,SS Iyer,87,42,108.0,5.0,8.0
1473510,Shashank Singh,2,3,2.0,0.0,0.0
1473510,Tilak Varma,44,30,50.0,2.0,2.0
1473511,Azmatullah Omarzai,1,2,1.0,0.0,0.0
1473511,B Kumar,1,2,1.0,0.0,0.0
1473511,JM Sharma,24,11,30.0,2.0,2.0
1473511,JP Inglis,39,23,48.0,1.0,4.0
1473511,KA Jamieson,0,2,0.0,0.0,0.0
1473511,KH Pandya,4,5,4.0,0.0,0.0
1473511,LS Livingstone,25,20,29.0,0.0,2.0
1473511,MA Agarwal,24,19,28.0,2.0,1.0
1473511,MP Stoinis,6,2,8.0,0.0,1.0
1473511,N Wadhera,15,20,17.0,0.0,1.0
1473511,P Simran Singh,26,22,30.0,0.0,2.0
1473511,PD Salt,16,10,20.0,2.0,1.0
1473511,Priyansh Arya,24,20,28.0,4.0,0.0
1473511,R Shepherd,17,9,20.0,1.0,1.0
1473511,RM Patidar,26,16,31.0,1.0,2.0
1473511,SS Iyer,1,2,1.0,0.0,0.0
1473511,Shashank Singh,61,30,76.0,3.0,6.0
1473511,V Kohli,43,36,46.0,3.0,0.0
1473511,Yash Dayal,1,1,1.0,0.0,0.0
1485779,Azmatullah Omarzai,1,3,1.0,0.0,0.0
1485779,F du Plessis,23,15,27.0,2.0,1.0
1485779,Harpreet Brar,7,2,9.0,0.0,1.0
1485779,JP Inglis,32,13,39.0,3.0,2.0
1485779,KK Nair,44,28,53.0,5.0,2.0
1485779,KL Rahul,35,21,43.0,6.0,1.0
1485779,M Jansen,0,2,0.0,0.0,0.0
1485779,MP Stoinis,44,19,55.0,3.0,4.0
1485779,N Wadhera,16,16,17.0,1.0,0.0
1485779,P Simran Singh,28,18,34.0,4.0,1.0
1485779,Priyansh Arya,6,10,7.0,1.0,0.0
1485779,SS Iyer,53,35,62.0,5.0,2.0
1485779,Sameer Rizvi,58,27,71.0,3.0,5.0
1485779,Sediqullah Atal,22,16,26.0,0.0,2.0
1485779,Shashank Singh,11,10,11.0,0.0,0.0
1485779,T Stubbs,18,14,20.0,2.0,0.0
1527674,Abhishek Sharma,7,11,9.0,0.0,1.0
1527674,Aniket Verma,43,18,54.0,3.0,4.0
1527674,D Padikkal,61,26,76.0,7.0,4.0
1527674,DA Payne,6,5,6.0,0.0,0.0
1527674,H Klaasen,31,22,35.0,2.0,1.0
1527674,HV Patel,0,2,0.0,0.0,0.0
1527674,Harsh Dubey,3,4,3.0,0.0,0.0
1527674,Ishan Kishan,80,38,98.0,8.0,5.0
1527674,JD Unadkat,4,3,4.0,0.0,0.0
1527674,JM Sharma,0,1,0.0,0.0,0.0
1527674,Nithish Kumar Reddy,1,6,1.0,0.0,0.0
1527674,PD Salt,8,7,10.0,2.0,0.0
1527674,RM Patidar,31,15,39.0,2.0,3.0
1527674,S Arora,9,6,11.0,0.0,1.0
1527674,TH David,16,12,19.0,1.0,1.0
1527674,TM Head,11,9,13.0,2.0,0.0
1527674,V Kohli,69,40,84.0,5.0,5.0
1527675,A Raghuvanshi,51,30,61.0,6.0,2.0
1527675,AM Rahane,67,43,80.0,3.0,5.0
1527675,C Green,18,10,21.0,1.0,1.0
1527675,FH Allen,37,18,47.0,6.0,2.0
1527675,HH Pandya,18,11,21.0,3.0,0.0
1527675,Naman Dhir,5,2,6.0,1.0,0.0
1527675,RD Rickelton,81,44,101.0,4.0,8.0
1527675,RG Sharma,78,39,96.0,6.0,6.0
1527675,RK Singh,33,23,37.0,4.0,0.0
1527675,Ramandeep Singh,4,4,4.0,0.0,0.0
1527675,SA Yadav,16,9,19.0,3.0,0.0
1527675,Tilak Varma,20,14,24.0,4.0,0.0
1527676,A Kamboj,7,10,8.0,1.0,0.0
1527676,A Mhatre,0,1,0.0,0.0,0.0
1527676,Dhruv Jurel,18,9,22.0,4.0,0.0
1527676,J Overton,43,37,49.0,2.0,2.0
1527676,Kartik Sharma,18,16,20.0,0.0,1.0
1527676,MJ Henry,5,7,6.0,1.0,0.0
1527676,MW Short,2,8,2.0,0.0,0.0
1527676,Noor Ahmad,1,9,1.0,0.0,0.0
1527676,R Parag,14,12,17.0,1.0,1.0
1527676,RD Gaikwad,6,13,7.0,1.0,0.0
1527676,S Dube,6,4,8.0,0.0,1.0
1527676,SN Khan,17,13,21.0,2.0,1.0
1527676,SV Samson,6,7,7.0,1.0,0.0
1527676,V Suryavanshi,52,17,66.0,4.0,5.0
1527676,YBK Jaiswal,38,36,43.0,3.0,1.0
1527677,B Sai Sudharsan,13,12,15.0,2.0,0.0
1527677,C Connolly,72,46,87.0,5.0,5.0
1527677,GD Phillips,25,17,28.0,1.0,1.0
1527677,JC Buttler,38,33,45.0,3.0,2.0
1527677,M Jansen,9,12,11.0,0.0,1.0
1527677,M Shahrukh Khan,4,6,4.0,0.0,0.0
1527677,MP Stoinis,0,2,0.0,0.0,0.0
1527677,N Wadhera,3,6,3.0,0.0,0.0
1527677,P Simran Singh,37,24,46.0,1.0,4.0
1527677,Priyansh Arya,7,8,9.0,0.0,1.0
1527677,R Tewatia,11,12,12.0,1.0,0.0
1527677,Rashid Khan,0,4,0.0,0.0,0.0
1527677,SS Iyer,18,11,22.0,0.0,2.0
1527677,Shashank Singh,4,5,4.0,0.0,0.0
1527677,Shubman Gill,39,29,45.0,6.0,0.0
1527677,Washington Sundar,18,18,20.0,2.0,0.0
1527677,XC Bartlett,11,5,13.0,0.0,1.0
1527678,A Badoni,0,3,0.0,0.0,0.0
1527678,A Nortje,0,1,0.0,0.0,0.0
1527678,AK Markram,11,8,14.0,1.0,1.0
1527678,AR Patel,0,2,0.0,0.0,0.0
1527678,Abdul Samad,36,25,41.0,3.0,1.0
1527678,KL Rahul,0,1,0.0,0.0,0.0
1527678,MD Choudhary,14,11,16.0,2.0,0.0
1527678,MR Marsh,35,29,43.0,2.0,3.0
1527678,Mohammed Shami,1,2,1.0,0.0,0.0
1527678,Mohsin Khan,0,1,0.0,0.0,0.0
1527678,N Pooran,8,8,9.0,1.0,0.0
1527678,N Rana,15,21,19.0,2.0,1.0
1527678,P Nissanka,1,7,1.0,0.0,0.0
1527678,RR Pant,7,10,8.0,1.0,0.0
1527678,Sameer Rizvi,70,51,83.0,5.0,4.0
1527678,Shahbaz Ahmed,15,16,16.0,1.0,0.0
1527678,T Stubbs,39,33,44.0,3.0,1.0
1527679,A Raghuvanshi,52,31,62.0,6.0,2.0
1527679,AM Rahane,8,11,8.0,0.0,0.0
1527679,AS Roy,0,2,0.0,0.0,0.0
1527679,Abhishek Sharma,48,22,60.0,4.0,4.0
1527679,Aniket Verma,1,5,1.0,0.0,0.0
1527679,C Green,2,3,2.0,0.0,0.0
1527679,CV Varun,0,1,0.0,0.0,0.0
1527679,FH Allen,28,7,36.0,4.0,2.0
1527679,H Klaasen,52,39,58.0,4.0,1.0
1527679,Harsh Dubey,9,4,11.0,2.0,0.0
1527679,Ishan Kishan,14,9,17.0,3.0,0.0
1527679,Kartik Tyagi,5,5,6.0,1.0,0.0
1527679,Nithish Kumar Reddy,39,24,45.0,4.0,1.0
1527679,RK Singh,35,25,41.0,4.0,1.0
1527679,Ramandeep Singh,10,9,11.0,1.0,0.0
1527679,S Arora,0,1,0.0,0.0,0.0
1527679,SP Narine,12,6,16.0,0.0,2.0
1527679,Shivang Kumar,4,2,5.0,1.0,0.0
1527679,TM Head,46,23,58.0,6.0,3.0
1527679,VG Arora,1,2,1.0,0.0,0.0
1527680,A Mhatre,73,46,89.0,6.0,5.0
1527680,C Connolly,36,22,42.0,6.0,0.0
1527680,Kartik Sharma,1,3,1.0,0.0,0.0
1527680,MP Stoinis,9,3,11.0,2.0,0.0
1527680,N Wadhera,10,9,12.0,0.0,1.0
1527680,P Simran Singh,43,36,51.0,6.0,1.0
1527680,PR Veer,6,7,7.0,1.0,0.0
1527680,Priyansh Arya,39,12,50.0,3.0,4.0
1527680,RD Gaikwad,28,22,30.0,2.0,0.0
1527680,S Dube,45,32,52.0,5.0,1.0
1527680,SN Khan,32,13,40.0,6.0,1.0
1527680,SS Iyer,50,31,60.0,4.0,3.0
1527680,SV Samson,7,8,8.0,1.0,0.0
1527680,Shashank Singh,14,7,16.0,2.0,0.0
1527681,C Bosch,11,4,13.0,2.0,0.0
1527681,DA Miller,21,19,25.0,4.0,0.0
1527681,KL Rahul,1,3,1.0,0.0,0.0
1527681,MJ Santner,18,14,20.0,2.0,0.0
1527681,N Rana,0,3,0.0,0.0,0.0
1527681,Naman Dhir,28,21,32.0,2.0,1.0
1527681,P Nissanka,44,30,52.0,6.0,1.0
1527681,RD Rickelton,9,11,11.0,2.0,0.0
1527681,RG Sharma,35,27,42.0,5.0,1.0
1527681,SA Yadav,51,38,58.0,3.0,2.0
1527681,SE Rutherford,5,7,6.0,1.0,0.0
1527681,Sameer Rizvi,90,54,111.0,7.0,7.0
1527681,T Stubbs,3,4,3.0,0.0,0.0
1527681,Tilak Varma,0,2,0.0,0.0,0.0
1527682,Ashok Sharma,0,1,0.0,0.0,0.0
1527682,B Sai Sudharsan,73,46,88.0,9.0,3.0
1527682,D Ferreira,1,3,1.0,0.0,0.0
1527682,Dhruv Jurel,75,46,90.0,5.0,5.0
1527682,GD Phillips,3,4,3.0,0.0,0.0
1527682,JC Archer,1,2,1.0,0.0,0.0
1527682,JC Buttler,26,14,31.0,5.0,0.0
1527682,K Rabada,23,17,28.0,1.0,2.0
1527682,Kumar Kushagra,18,14,21.0,3.0,0.0
1527682,M Shahrukh Khan,11,4,14.0,1.0,1.0
1527682,R Parag,8,4,10.0,0.0,1.0
1527682,R Tewatia,12,6,15.0,1.0,1.0
1527682,RA Jadeja,7,8,8.0,1.0,0.0
1527682,Rashid Khan,24,16,27.0,3.0,0.0
1527682,SO Hetmyer,18,9,23.0,1.0,2.0
1527682,V Suryavanshi,31,20,38.0,5.0,1.0
1527682,Washington Sundar,4,2,5.0,1.0,0.0
1527682,YBK Jaiswal,55,37,67.0,6.0,3.0
1527683,A Badoni,12,9,13.0,1.0,0.0
1527683,AK Markram,45,27,55.0,6.0,2.0
1527683,Abdul Samad,16,12,18.0,2.0,0.0
1527683,Abhishek Sharma,0,2,0.0,0.0,0.0
1527683,Aniket Verma,2,5,2.0,0.0,0.0
1527683,H Klaasen,62,42,71.0,5.0,2.0
1527683,HV Patel,4,2,5.0,1.0,0.0
1527683,Harsh Dubey,0,1,0.0,0.0,0.0
1527683,Ishan Kishan,1,4,1.0,0.0,0.0
1527683,LS Livingstone,14,21,16.0,0.0,1.0
1527683,MD Choudhary,2,5,2.0,0.0,0.0
1527683,MR Marsh,14,12,16.0,2.0,0.0
1527683,N Pooran,1,4,1.0,0.0,0.0
1527683,Nithish Kumar Reddy,56,34,69.0,3.0,5.0
1527683,RR Pant,68,50,77.0,9.0,0.0
1527683,Shivang Kumar,5,4,6.0,1.0,0.0
1527683,TM Head,7,8,8.0,1.0,0.0
1527684,A Kamboj,19,13,22.0,1.0,1.0
1527684,A Mhatre,1,3,1.0,0.0,0.0
1527684,D Padikkal,50,30,59.0,5.0,2.0
1527684,J Overton,37,16,45.0,4.0,2.0
1527684,Kartik Sharma,6,3,8.0,0.0,1.0
1527684,MJ Henry,2,3,2.0,0.0,0.0
1527684,Noor Ahmad,8,9,10.0,0.0,1.0
1527684,PD Salt,46,31,53.0,3.0,2.0
1527684,PR Veer,43,29,51.0,6.0,1.0
1527684,RD Gaikwad,7,3,9.0,0.0,1.0
1527684,RM Patidar,48,20,61.0,1.0,6.0
1527684,S Dube,18,13,22.0,2.0,1.0
1527684,SN Khan,50,26,62.0,8.0,2.0
1527684,SV Samson,9,5,11.0,0.0,1.0
1527684,TH David,70,25,89.0,3.0,8.0
1527684,V Kohli,28,18,32.0,2.0,1.0
1527685,A Raghuvanshi,7,7,7.0,0.0,0.0
1527685,AM Rahane,8,6,9.0,1.0,0.0
1527685,C Green,4,2,5.0,1.0,0.0
1527685,FH Allen,6,7,7.0,1.0,0.0
1527686,DL Chahar,6,5,7.0,1.0,0.0
1527686,Dhruv Jurel,2,3,2.0,0.0,0.0
1527686,HH Pandya,9,6,11.0,2.0,0.0
1527686,JJ Bumrah,5,2,6.0,1.0,0.0
1527686,Naman Dhir,25,13,30.0,3.0,1.0
1527686,R Parag,20,10,25.0,1.0,2.0
1527686,RD Rickelton,8,4,10.0,0.0,1.0
1527686,RG Sharma,5,6,5.0,0.0,0.0
1527686,SA Yadav,6,4,8.0,0.0,1.0
1527686,SE Rutherford,25,10,31.0,2.0,2.0
1527686,SN Thakur,8,9,9.0,1.0,0.0
1527686,SO Hetmyer,6,8,6.0,0.0,0.0
1527686,TA Boult,1,2,1.0,0.0,0.0
1527686,Tilak Varma,14,11,16.0,2.0,0.0
1527686,V Suryavanshi,39,15,50.0,1.0,5.0
1527686,YBK Jaiswal,77,36,95.0,10.0,4.0
1527687,AR Patel,2,3,2.0,0.0,0.0
1527687,B Sai Sudharsan,12,8,14.0,2.0,0.0
1527687,DA Miller,41,22,50.0,3.0,3.0
1527687,GD Phillips,14,10,17.0,1.0,1.0
1527687,JC Buttler,52,28,65.0,3.0,5.0
1527687,KL Rahul,92,57,111.0,11.0,4.0
1527687,Kuldeep Yadav,1,1,1.0,0.0,0.0
1527687,N Rana,5,6,6.0,1.0,0.0
1527687,P Nissanka,41,25,49.0,6.0,1.0
1527687,R Tewatia,1,1,1.0,0.0,0.0
1527687,Sameer Rizvi,0,1,0.0,0.0,0.0
1527687,Shubman Gill,70,46,84.0,4.0,5.0
1527687,T Stubbs,7,6,7.0,0.0,0.0
1527687,V Nigam,12,7,14.0,2.0,0.0
1527687,Washington Sundar,55,33,65.0,6.0,2.0
1527688,A Badoni,54,35,65.0,7.0,2.0
1527688,A Raghuvanshi,45,35,54.0,5.0,2.0
1527688,AK Markram,22,16,26.0,2.0,1.0
1527688,AM Rahane,41,24,49.0,4.0,2.0
1527688,Abdul Samad,2,5,2.0,0.0,0.0
1527688,Avesh Khan,1,3,1.0,0.0,0.0
1527688,C Green,32,25,37.0,3.0,1.0
1527688,FH Allen,9,9,11.0,2.0,0.0
1527688,MD Choudhary,54,27,70.0,2.0,7.0
1527688,MR Marsh,15,12,18.0,1.0,1.0
1527688,Mohammed Shami,1,3,1.0,0.0,0.0
1527688,N Pooran,13,17,15.0,0.0,1.0
1527688,R Powell,39,26,47.0,4.0,2.0
1527688,RK Singh,4,7,4.0,0.0,0.0
1527688,RR Pant,10,9,11.0,1.0,0.0
1527689,B Kumar,9,8,10.0,1.0,0.0
1527689,D Padikkal,14,7,17.0,3.0,0.0
1527689,Dhruv Jurel,81,44,95.0,8.0,3.0
1527689,JM Sharma,5,8,5.0,0.0,0.0
1527689,KH Pandya,1,6,1.0,0.0,0.0
1527689,PD Salt,0,1,0.0,0.0,0.0
1527689,R Parag,3,5,3.0,0.0,0.0
1527689,R Shepherd,22,11,26.0,2.0,1.0
1527689,RA Jadeja,24,26,25.0,1.0,0.0
1527689,RM Patidar,63,40,75.0,4.0,4.0
1527689,SO Hetmyer,0,1,0.0,0.0,0.0
1527689,TH David,13,9,15.0,2.0,0.0
1527689,V Kohli,32,17,39.0,7.0,0.0
1527689,V Suryavanshi,78,26,100.0,8.0,7.0
1527689,VR Iyer,29,16,34.0,1.0,2.0
1527689,YBK Jaiswal,13,8,17.0,0.0,2.0
1527690,Abhishek Sharma,74,34,95.0,5.0,8.0
1527690,Aniket Verma,18,9,21.0,1.0,1.0
1527690,C Connolly,11,13,12.0,1.0,0.0
1527690,H Klaasen,39,37,42.0,1.0,1.0
1527690,Harsh Dubey,1,2,1.0,0.0,0.0
1527690,Ishan Kishan,27,17,32.0,3.0,1.0
1527690,N Wadhera,14,14,16.0,0.0,1.0
1527690,Nithish Kumar Reddy,0,1,0.0,0.0,0.0
1527690,P Simran Singh,51,27,63.0,4.0,4.0
1527690,Priyansh Arya,57,21,72.0,5.0,5.0
1527690,S Arora,9,8,11.0,0.0,1.0
1527690,SS Iyer,69,34,84.0,5.0,5.0
1527690,Shashank Singh,16,9,19.0,1.0,1.0
1527690,TM Head,38,24,45.0,5.0,1.0
1527691,A Mhatre,59,36,70.0,3.0,4.0
1527691,AR Patel,1,2,1.0,0.0,0.0
1527691,Ashutosh Sharma,19,10,24.0,1.0,2.0
1527691,Auqib Nabi,4,2,5.0,1.0,0.0
1527691,DA Miller,17,18,20.0,1.0,1.0
1527691,KL Rahul,18,10,22.0,2.0,1.0
1527691,Kuldeep Yadav,4,7,4.0,0.0,0.0
1527691,L Ngidi,3,5,3.0,0.0,0.0
1527691,P Nissanka,41,24,50.0,5.0,2.0
1527691,RD Gaikwad,15,18,16.0,1.0,0.0
1527691,S Dube,20,10,24.0,2.0,1.0
1527691,SV Samson,115,59,138.0,15.0,4.0
1527691,Sameer Rizvi,6,9,7.0,1.0,0.0
1527691,T Natarajan,1,2,1.0,0.0,0.0
1527691,T Stubbs,60,40,70.0,4.0,3.0
1527692,A Badoni,9,12,10.0,1.0,0.0
1527692,AK Markram,30,21,37.0,5.0,1.0
1527692,Abdul Samad,18,22,20.0,2.0,0.0
1527692,Avesh Khan,4,2,5.0,1.0,0.0
1527692,B Sai Sudharsan,15,14,18.0,3.0,0.0
1527692,GF Linde,16,10,19.0,3.0,0.0
1527692,JC Buttler,60,38,71.0,11.0,0.0
1527692,MD Choudhary,18,14,21.0,1.0,1.0
1527692,MR Marsh,11,4,14.0,1.0,1.0
1527692,Mohammed Shami,12,5,15.0,1.0,1.0
1527692,N Pooran,19,21,23.0,0.0,2.0
1527692,R Tewatia,10,9,11.0,1.0,0.0
1527692,RR Pant,18,11,22.0,2.0,1.0
1527692,Shubman Gill,56,41,64.0,6.0,1.0
1527692,Washington Sundar,21,13,25.0,2.0,1.0
1527693,HH Pandya,40,24,48.0,6.0,1.0
1527693,JM Sharma,10,9,11.0,1.0,0.0
1527693,MJ Santner,8,7,9.0,1.0,0.0
1527693,Naman Dhir,1,2,1.0,0.0,0.0
1527693,PD Salt,78,38,96.0,6.0,6.0
1527693,R Shepherd,2,2,2.0,0.0,0.0
1527693,RD Rickelton,37,22,46.0,3.0,3.0
1527693,RG Sharma,19,14,23.0,2.0,1.0
1527693,RM Patidar,53,26,67.0,4.0,5.0
1527693,SA Yadav,33,22,38.0,5.0,0.0
1527693,SE Rutherford,71,36,90.0,1.0,9.0
1527693,TH David,34,16,42.0,2.0,3.0
1527693,Tilak Varma,1,3,1.0,0.0,0.0
1527693,V Kohli,50,41,57.0,5.0,1.0
1529264,Abhishek Sharma,0,1,0.0,0.0,0.0
1529264,Aniket Verma,6,6,7.0,1.0,0.0
1529264,D Ferreira,69,45,83.0,8.0,3.0
1529264,Dhruv Jurel,0,2,0.0,0.0,0.0
1529264,H Klaasen,40,28,47.0,1.0,3.0
1529264,Ishan Kishan,91,46,111.0,8.0,6.0
1529264,JC Archer,2,6,2.0,0.0,0.0
1529264,LG Pretorius,0,2,0.0,0.0,0.0
1529264,N Burger,3,5,3.0,0.0,0.0
1529264,Nithish Kumar Reddy,28,14,36.0,0.0,4.0
1529264,R Parag,4,7,5.0,1.0,0.0
1529264,RA Jadeja,45,37,50.0,5.0,0.0
1529264,Ravi Bishnoi,0,1,0.0,0.0,0.0
1529264,S Arora,24,15,30.0,2.0,2.0
1529264,TM Head,18,18,21.0,3.0,0.0
1529264,TU Deshpande,25,11,31.0,0.0,3.0
1529264,V Suryavanshi,0,1,0.0,0.0,0.0
1529264,YBK Jaiswal,1,6,1.0,0.0,0.0
1529265,A Mhatre,38,17,48.0,6.0,2.0
1529265,A Raghuvanshi,27,19,32.0,3.0,1.0
1529265,AM Rahane,28,23,32.0,0.0,2.0
1529265,AS Roy,1,1,1.0,0.0,0.0
1529265,C Green,0,1,0.0,0.0,0.0
1529265,D Brevis,41,33,49.0,4.0,2.0
1529265,FH Allen,1,3,1.0,0.0,0.0
1529265,J Overton,7,6,8.0,1.0,0.0
1529265,R Powell,31,24,36.0,1.0,2.0
1529265,RD Gaikwad,7,8,8.0,1.0,0.0
1529265,RK Singh,6,12,6.0,0.0,0.0
1529265,Ramandeep Singh,35,25,41.0,4.0,1.0
1529265,S Dube,13,15,14.0,1.0,0.0
1529265,SN Khan,23,19,28.0,1.0,2.0
1529265,SP Narine,24,17,30.0,2.0,2.0
1529265,SV Samson,48,32,58.0,4.0,3.0
1529266,A Badoni,38,24,44.0,4.0,1.0
1529266,AK Markram,12,8,14.0,0.0,1.0
1529266,Abdul Samad,0,2,0.0,0.0,0.0
1529266,Avesh Khan,1,2,1.0,0.0,0.0
1529266,D Padikkal,10,11,11.0,1.0,0.0
1529266,DS Rathi,0,3,0.0,0.0,0.0
1529266,GF Linde,7,7,8.0,1.0,0.0
1529266,JM Sharma,23,9,29.0,2.0,2.0
1529266,MD Choudhary,39,30,46.0,3.0,2.0
1529266,MR Marsh,40,34,47.0,3.0,2.0
1529266,Mohammed Shami,0,1,0.0,0.0,0.0
1529266,N Pooran,1,7,1.0,0.0,0.0
1529266,PD Salt,7,8,8.0,1.0,0.0
1529266,R Shepherd,14,8,17.0,1.0,1.0
1529266,RM Patidar,27,13,34.0,1.0,3.0
1529266,RR Pant,1,6,1.0,0.0,0.0
1529266,TH David,14,8,17.0,1.0,1.0
1529266,V Kohli,49,35,57.0,6.0,1.0
1529267,C Connolly,17,12,22.0,1.0,2.0
1529267,HH Pandya,14,12,16.0,0.0,1.0
1529267,MP Stoinis,10,8,12.0,2.0,0.0
1529267,Naman Dhir,50,31,59.0,3.0,3.0
1529267,P Simran Singh,80,42,95.0,11.0,2.0
1529267,Priyansh Arya,15,10,19.0,2.0,1.0
1529267,Q de Kock,112,64,134.0,8.0,7.0
1529267,RD Rickelton,2,8,2.0,0.0,0.0
1529267,SA Yadav,0,1,0.0,0.0,0.0
1529267,SE Rutherford,1,5,1.0,0.0,0.0
1529267,SS Iyer,66,37,79.0,5.0,4.0
1529267,Tilak Varma,8,3,10.0,2.0,0.0
1529268,A Raghuvanshi,8,5,10.0,2.0,0.0
1529268,AM Rahane,0,1,0.0,0.0,0.0
1529268,AS Roy,9,7,10.0,1.0,0.0
1529268,B Sai Sudharsan,22,16,27.0,1.0,2.0
1529268,C Green,79,59,94.0,7.0,4.0
1529268,GD Phillips,19,18,21.0,2.0,0.0
1529268,JC Buttler,25,15,31.0,2.0,2.0
1529268,Kartik Tyagi,6,4,8.0,0.0,1.0
1529268,M Shahrukh Khan,3,2,3.0,0.0,0.0
1529268,R Powell,27,21,33.0,2.0,2.0
1529268,R Tewatia,7,6,7.0,0.0,0.0
1529268,RK Singh,1,2,1.0,0.0,0.0
1529268,Ramandeep Singh,17,8,21.0,2.0,1.0
1529268,SP Narine,0,5,0.0,0.0,0.0
1529268,Shubman Gill,86,51,102.0,8.0,4.0
1529268,TL Seifert,19,14,23.0,2.0,1.0
1529268,VG Arora,0,1,0.0,0.0,0.0
1529268,Washington Sundar,13,14,14.0,1.0,0.0
1529269,AR Patel,26,19,29.0,3.0,0.0
1529269,B Kumar,3,2,3.0,0.0,0.0
1529269,D Padikkal,18,14,21.0,1.0,1.0
1529269,DA Miller,22,10,27.0,1.0,2.0
1529269,JM Sharma,14,21,15.0,1.0,0.0
1529269,KH Pandya,12,12,14.0,0.0,1.0
1529269,KK Nair,5,5,6.0,1.0,0.0
1529269,KL Rahul,57,35,67.0,6.0,2.0
1529269,P Nissanka,1,2,1.0,0.0,0.0
1529269,PD Salt,63,38,73.0,4.0,3.0
1529269,R Shepherd,1,4,1.0,0.0,0.0
1529269,RM Patidar,8,5,10.0,0.0,1.0
1529269,Sameer Rizvi,2,3,2.0,0.0,0.0
1529269,T Stubbs,60,48,66.0,4.0,1.0
1529269,TH David,26,18,31.0,3.0,1.0
1529269,V Kohli,19,15,22.0,3.0,0.0
1529270,A Kamboj,13,9,15.0,0.0,1.0
1529270,A Mhatre,30,16,37.0,5.0,1.0
1529270,Abhishek Sharma,59,23,73.0,6.0,4.0
1529270,Aniket Verma,2,4,2.0,0.0,0.0
1529270,D Brevis,0,4,0.0,0.0,0.0
1529270,H Klaasen,59,40,69.0,6.0,2.0
1529270,Ishan Kishan,0,1,0.0,0.0,0.0
1529270,J Overton,16,16,17.0,1.0,0.0
1529270,LS Livingstone,1,5,1.0,0.0,0.0
1529270,MW Short,34,31,37.0,3.0,0.0
1529270,Nithish Kumar Reddy,12,8,14.0,0.0,1.0
1529270,Noor Ahmad,1,1,1.0,0.0,0.0
1529270,PP Hinge,0,1,0.0,0.0,0.0
1529270,RD Gaikwad,19,16,22.0,3.0,0.0
1529270,S Arora,13,12,15.0,2.0,0.0
1529270,S Dube,21,17,24.0,1.0,1.0
1529270,SN Khan,25,20,28.0,3.0,0.0
1529270,SV Samson,7,3,9.0,0.0,1.0
1529270,Shivang Kumar,12,9,15.0,1.0,1.0
1529270,TM Head,23,21,28.0,3.0,1.0
1529271,A Raghuvanshi,10,20,11.0,1.0,0.0
1529271,AM Rahane,0,2,0.0,0.0,0.0
1529271,AS Roy,29,17,34.0,1.0,2.0
1529271,Brijesh Sharma,1,3,1.0,0.0,0.0
1529271,C Green,27,14,33.0,4.0,1.0
1529271,D Ferreira,7,7,9.0,0.0,1.0
1529271,Dhruv Jurel,5,7,5.0,0.0,0.0
1529271,JC Archer,8,6,9.0,1.0,0.0
1529271,R Parag,12,14,13.0,1.0,0.0
1529271,R Powell,23,21,27.0,2.0,1.0
1529271,RA Jadeja,9,9,10.0,1.0,0.0
1529271,RK Singh,53,38,62.0,5.0,2.0
1529271,Ramandeep Singh,10,13,11.0,1.0,0.0
1529271,Ravi Bishnoi,0,2,0.0,0.0,0.0
1529271,SO Hetmyer,15,19,15.0,0.0,0.0
1529271,TL Seifert,0,1,0.0,0.0,0.0
1529271,V Suryavanshi,46,30,56.0,6.0,2.0
1529271,YBK Jaiswal,39,33,47.0,4.0,2.0
1529272,A Badoni,35,22,42.0,5.0,1.0
1529272,AK Markram,42,23,51.0,3.0,3.0
1529272,C Connolly,87,47,109.0,8.0,7.0
1529272,Himmat Singh,1,1,1.0,0.0,0.0
1529272,M Jansen,1,1,1.0,0.0,0.0
1529272,MD Choudhary,21,17,24.0,1.0,1.0
1529272,MP Stoinis,29,18,35.0,2.0,2.0
1529272,MR Marsh,40,29,47.0,3.0,2.0
1529272,N Pooran,9,10,10.0,1.0,0.0
1529272,N Wadhera,13,7,16.0,1.0,1.0
1529272,P Simran Singh,0,1,0.0,0.0,0.0
1529272,Priyansh Arya,93,39,115.0,4.0,9.0
1529272,RR Pant,43,25,52.0,1.0,4.0
1529272,SS Iyer,5,6,5.0,0.0,0.0
1529272,Shashank Singh,17,7,22.0,1.0,2.0
1529273,Ashok Sharma,1,4,1.0,0.0,0.0
1529273,B Sai Sudharsan,0,1,0.0,0.0,0.0
1529273,DV Malewar,2,4,2.0,0.0,0.0
1529273,GD Phillips,6,8,6.0,0.0,0.0
1529273,HH Pandya,15,16,16.0,1.0,0.0
1529273,JC Buttler,5,6,6.0,1.0,0.0
1529273,K Rabada,12,14,14.0,2.0,0.0
1529273,M Shahrukh Khan,17,14,20.0,1.0,1.0
1529273,Mohammed Siraj,0,4,0.0,0.0,0.0
1529273,Naman Dhir,45,32,53.0,6.0,1.0
1529273,Q de Kock,13,11,16.0,1.0,1.0
1529273,R Tewatia,8,12,9.0,1.0,0.0
1529273,Rashid Khan,4,6,4.0,0.0,0.0
1529273,SA Yadav,15,11,18.0,1.0,1.0
1529273,SE Rutherford,1,2,1.0,0.0,0.0
1529273,Shubman Gill,14,14,17.0,3.0,0.0
1529273,Tilak Varma,101,46,123.0,8.0,7.0
1529273,Washington Sundar,26,19,31.0,5.0,0.0
1529274,AR Patel,2,3,2.0,0.0,0.0
1529274,Abhishek Sharma,135,74,165.0,10.0,10.0
1529274,Ashutosh Sharma,14,12,16.0,2.0,0.0
1529274,DA Miller,0,1,0.0,0.0,0.0
1529274,H Klaasen,37,13,46.0,3.0,3.0
1529274,Ishan Kishan,25,14,29.0,2.0,1.0
1529274,KL Rahul,37,24,44.0,1.0,3.0
1529274,Kuldeep Yadav,1,2,1.0,0.0,0.0
1529274,L Ngidi,0,1,0.0,0.0,0.0
1529274,N Rana,57,34,70.0,7.0,3.0
1529274,P Nissanka,8,6,10.0,0.0,1.0
1529274,Sameer Rizvi,41,28,47.0,2.0,2.0
1529274,T Stubbs,27,16,32.0,3.0,1.0
1529274,TM Head,37,27,43.0,2.0,2.0
1529275,A Badoni,0,1,0.0,0.0,0.0
1529275,AK Markram,0,6,0.0,0.0,0.0
1529275,D Ferreira,20,19,22.0,2.0,0.0
1529275,DS Rathi,2,2,2.0,0.0,0.0
1529275,Dhruv Jurel,0,1,0.0,0.0,0.0
1529275,Himmat Singh,15,16,17.0,0.0,1.0
1529275,MD Choudhary,7,3,9.0,0.0,1.0
1529275,MP Yadav,5,6,6.0,1.0,0.0
1529275,MR Marsh,55,42,65.0,6.0,2.0
1529275,Mohammed Shami,6,4,8.0,0.0,1.0
1529275,Mohsin Khan,0,3,0.0,0.0,0.0
1529275,N Pooran,22,27,25.0,3.0,0.0
1529275,R Parag,20,20,24.0,2.0,1.0
1529275,RA Jadeja,43,29,47.0,2.0,1.0
1529275,RR Pant,0,3,0.0,0.0,0.0
1529275,SB Dubey,19,11,22.0,3.0,0.0
1529275,SO Hetmyer,22,19,26.0,2.0,1.0
1529275,V Suryavanshi,8,11,10.0,2.0,0.0
1529275,YBK Jaiswal,22,14,26.0,4.0,0.0
1529276,AJ Hosein,2,2,2.0,0.0,0.0
1529276,Ashwani Kumar,1,6,1.0,0.0,0.0
1529276,D Brevis,21,12,26.0,1.0,2.0
1529276,DV Malewar,0,1,0.0,0.0,0.0
1529276,HH Pandya,1,2,1.0,0.0,0.0
1529276,J Overton,15,8,19.0,2.0,1.0
1529276,JJ Bumrah,2,6,2.0,0.0,0.0
1529276,Kartik Sharma,18,20,22.0,0.0,2.0
1529276,Krish Bhagat,7,15,7.0,0.0,0.0
1529276,Naman Dhir,0,3,0.0,0.0,0.0
1529276,Q de Kock,7,10,9.0,0.0,1.0
1529276,RD Gaikwad,22,15,27.0,3.0,1.0
1529276,S Dube,5,8,5.0,0.0,0.0
1529276,SA Yadav,36,31,41.0,5.0,0.0
1529276,SE Rutherford,0,1,0.0,0.0,0.0
1529276,SN Khan,14,8,17.0,3.0,0.0
1529276,SN Thakur,6,12,6.0,0.0,0.0
1529276,SV Samson,101,55,123.0,10.0,6.0
1529276,Tilak Varma,37,32,42.0,5.0,0.0
1529277,B Sai Sudharsan,100,60,121.0,11.0,5.0
1529277,D Padikkal,55,28,69.0,2.0,6.0
1529277,JC Buttler,25,16,29.0,2.0,1.0
1529277,JG Bethell,14,10,17.0,3.0,0.0
1529277,JM Sharma,10,6,13.0,1.0,1.0
1529277,JO Holder,23,10,28.0,1.0,2.0
1529277,KH Pandya,23,12,28.0,3.0,1.0
1529277,RM Patidar,8,5,10.0,0.0,1.0
1529277,Shubman Gill,32,25,36.0,2.0,1.0
1529277,TH David,10,10,12.0,0.0,1.0
1529277,V Kohli,81,45,97.0,8.0,4.0
1529277,Washington Sundar,19,12,22.0,1.0,1.0
1529278,C Connolly,17,10,20.0,1.0,1.0
1529278,DA Miller,3,3,3.0,0.0,0.0
1529278,KL Rahul,152,72,186.0,16.0,9.0
1529278,N Rana,91,45,110.0,11.0,4.0
1529278,N Wadhera,25,19,30.0,3.0,1.0
1529278,P Nissanka,11,7,13.0,2.0,0.0
1529278,P Simran Singh,76,29,95.0,9.0,5.0
1529278,Priyansh Arya,43,19,55.0,2.0,5.0
1529278,SS Iyer,71,38,88.0,3.0,7.0
1529278,Shashank Singh,19,11,23.0,2.0,1.0
1529279,Abhishek Sharma,57,33,70.0,11.0,1.0
1529279,Aniket Verma,1,2,1.0,0.0,0.0
1529279,D Ferreira,33,17,42.0,3.0,3.0
1529279,Dhruv Jurel,51,39,61.0,8.0,1.0
1529279,H Klaasen,29,25,34.0,3.0,1.0
1529279,Ishan Kishan,74,33,91.0,11.0,3.0
1529279,JC Archer,2,2,2.0,0.0,0.0
1529279,Nithish Kumar Reddy,36,18,44.0,2.0,3.0
1529279,R Parag,7,9,7.0,0.0,0.0
1529279,RA Jadeja,4,3,5.0,1.0,0.0
1529279,S Arora,8,3,10.0,0.0,1.0
1529279,SO Hetmyer,11,11,12.0,1.0,0.0
1529279,TM Head,6,6,8.0,0.0,1.0
1529279,V Suryavanshi,103,37,132.0,5.0,12.0
1529279,YBK Jaiswal,10,8,12.0,2.0,0.0
1529280,B Sai Sudharsan,87,46,105.0,4.0,7.0
1529280,D Brevis,2,9,2.0,0.0,0.0
1529280,J Overton,18,8,23.0,3.0,1.0
1529280,JC Buttler,39,31,45.0,4.0,1.0
1529280,Kartik Sharma,15,9,18.0,3.0,0.0
1529280,RD Gaikwad,74,63,88.0,6.0,4.0
1529280,S Dube,22,18,27.0,3.0,1.0
1529280,SN Khan,0,1,0.0,0.0,0.0
1529280,SV Samson,11,15,13.0,2.0,0.0
1529280,Shubman Gill,33,24,40.0,1.0,3.0
1529280,Urvil Patel,4,3,5.0,1.0,0.0
1529280,Washington Sundar,1,1,1.0,0.0,0.0
1529281,A Badoni,24,19,28.0,0.0,2.0
1529281,A Raghuvanshi,9,8,10.0,1.0,0.0
1529281,AK Markram,31,29,35.0,2.0,1.0
1529281,AM Rahane,10,16,12.0,0.0,1.0
1529281,AS Roy,0,1,0.0,0.0,0.0
1529281,C Green,34,22,40.0,0.0,3.0
1529281,GF Linde,8,4,10.0,2.0,0.0
1529281,Himmat Singh,19,10,23.0,2.0,1.0
1529281,MD Choudhary,1,2,1.0,0.0,0.0
1529281,MR Marsh,2,3,2.0,0.0,0.0
1529281,Mohammed Shami,11,7,14.0,1.0,1.0
1529281,N Pooran,9,14,11.0,0.0,1.0
1529281,Prince Yadav,0,1,0.0,0.0,0.0
1529281,R Powell,1,4,1.0,0.0,0.0
1529281,RK Singh,87,57,105.0,8.0,5.0
1529281,RR Pant,43,39,49.0,4.0,1.0
1529281,Ramandeep Singh,6,11,6.0,0.0,0.0
1529281,SP Narine,4,6,4.0,0.0,0.0
1529281,TL Seifert,0,3,0.0,0.0,0.0
1529282,AR Patel,0,3,0.0,0.0,0.0
1529282,Abishek Porel,30,34,33.0,3.0,0.0
1529282,D Padikkal,34,13,43.0,3.0,3.0
1529282,DA Miller,19,18,22.0,3.0,0.0
1529282,JG Bethell,20,11,25.0,1.0,2.0
1529282,KA Jamieson,12,14,15.0,1.0,1.0
1529282,KL Rahul,1,3,1.0,0.0,0.0
1529282,Kuldeep Yadav,3,13,3.0,0.0,0.0
1529282,N Rana,1,9,1.0,0.0,0.0
1529282,PVD Chameera,0,3,0.0,0.0,0.0
1529282,SU Parakh,0,2,0.0,0.0,0.0
1529282,Sameer Rizvi,0,1,0.0,0.0,0.0
1529282,T Stubbs,5,3,6.0,1.0,0.0
1529282,V Kohli,23,15,28.0,1.0,2.0
1529283,C Connolly,30,15,38.0,2.0,3.0
1529283,D Ferreira,52,27,64.0,6.0,3.0
1529283,Dhruv Jurel,16,20,18.0,0.0,1.0
1529283,MP Stoinis,62,22,78.0,4.0,6.0
1529283,P Simran Singh,59,44,67.0,6.0,1.0
1529283,Priyansh Arya,29,11,36.0,5.0,1.0
1529283,R Parag,29,16,35.0,2.0,2.0
1529283,SB Dubey,31,13,38.0,3.0,2.0
1529283,SS Iyer,30,27,33.0,1.0,1.0
1529283,Suryansh Shedge,3,2,3.0,0.0,0.0
1529283,V Suryavanshi,43,17,56.0,3.0,5.0
1529283,YBK Jaiswal,51,28,60.0,7.0,1.0
1529284,Abhishek Sharma,45,29,55.0,4.0,3.0
1529284,H Klaasen,65,33,80.0,7.0,4.0
1529284,HH Pandya,31,16,37.0,2.0,2.0
1529284,Ishan Kishan,0,1,0.0,0.0,0.0
1529284,Naman Dhir,22,18,25.0,3.0,0.0
1529284,Nithish Kumar Reddy,21,17,24.0,3.0,0.0
1529284,R Minz,1,1,1.0,0.0,0.0
1529284,RD Rickelton,123,59,149.0,10.0,8.0
1529284,S Arora,30,10,38.0,2.0,3.0
1529284,SA Yadav,5,5,6.0,1.0,0.0
1529284,TM Head,76,30,96.0,4.0,8.0
1529284,Tilak Varma,7,5,9.0,0.0,1.0
1529284,WG Jacks,46,23,57.0,5.0,3.0
1529285,B Kumar,15,15,17.0,2.0,0.0
1529285,B Sai Sudharsan,6,5,7.0,1.0,0.0
1529285,D Padikkal,40,24,49.0,5.0,2.0
1529285,JC Buttler,39,20,49.0,2.0,4.0
1529285,JG Bethell,5,5,6.0,1.0,0.0
1529285,JM Sharma,1,3,1.0,0.0,0.0
1529285,JO Holder,12,10,14.0,0.0,1.0
1529285,JR Hazlewood,0,1,0.0,0.0,0.0
1529285,KH Pandya,4,4,5.0,1.0,0.0
1529285,M Shahrukh Khan,8,8,9.0,1.0,0.0
1529285,R Shepherd,17,15,21.0,0.0,2.0
1529285,R Tewatia,27,20,31.0,4.0,0.0
1529285,RM Patidar,19,15,23.0,2.0,1.0
1529285,Rashid Khan,7,6,8.0,1.0,0.0
1529285,Shubman Gill,43,18,53.0,4.0,3.0
1529285,TH David,9,6,11.0,0.0,1.0
1529285,V Kohli,28,14,35.0,5.0,1.0
1529285,VR Iyer,12,16,13.0,1.0,0.0
1529285,Washington Sundar,12,12,14.0,0.0,1.0
1529286,Ashutosh Sharma,25,18,29.0,4.0,0.0
1529286,D Ferreira,47,15,61.0,2.0,6.0
1529286,Dhruv Jurel,42,30,48.0,4.0,1.0
1529286,JC Archer,1,1,1.0,0.0,0.0
1529286,KL Rahul,75,40,91.0,6.0,5.0
1529286,N Rana,33,17,40.0,3.0,2.0
1529286,P Nissanka,62,34,74.0,6.0,3.0
1529286,R Parag,90,52,108.0,8.0,5.0
1529286,RA Jadeja,20,15,23.0,1.0,1.0
1529286,SB Dubey,6,8,7.0,1.0,0.0
1529286,T Stubbs,18,14,21.0,1.0,1.0
1529286,V Suryavanshi,4,2,5.0,1.0,0.0
1529286,YBK Jaiswal,6,3,8.0,0.0,1.0
1529287,HH Pandya,18,24,20.0,2.0,0.0
1529287,Kartik Sharma,54,40,64.0,4.0,3.0
1529287,Krish Bhagat,3,6,3.0,0.0,0.0
1529287,Naman Dhir,57,37,67.0,4.0,3.0
1529287,R Minz,5,3,6.0,1.0,0.0
1529287,RD Gaikwad,67,52,76.0,5.0,2.0
1529287,RD Rickelton,37,24,47.0,0.0,5.0
1529287,SA Yadav,21,12,26.0,3.0,1.0
1529287,SV Samson,11,9,13.0,2.0,0.0
1529287,TA Boult,7,2,9.0,0.0,1.0
1529287,Tilak Varma,5,8,5.0,0.0,0.0
1529287,Urvil Patel,24,12,30.0,2.0,2.0
1529287,WG Jacks,1,5,1.0,0.0,0.0
1529288,A Raghuvanshi,59,50,68.0,5.0,2.0
1529288,AM Rahane,43,37,49.0,4.0,1.0
1529288,Abhishek Sharma,15,10,18.0,1.0,1.0
1529288,Aniket Verma,6,8,7.0,1.0,0.0
1529288,C Green,3,3,3.0,0.0,0.0
1529288,E Malinga,2,7,2.0,0.0,0.0
1529288,FH Allen,29,14,36.0,3.0,2.0
1529288,H Klaasen,11,8,14.0,1.0,1.0
1529288,HV Patel,6,5,7.0,1.0,0.0
1529288,Ishan Kishan,42,30,50.0,4.0,2.0
1529288,PJ Cummins,10,8,12.0,0.0,1.0
1529288,R Smaran,4,4,5.0,1.0,0.0
1529288,RK Singh,22,13,26.0,2.0,1.0
1529288,S Arora,2,6,2.0,0.0,0.0
1529288,Shivang Kumar,1,2,1.0,0.0,0.0
1529288,TM Head,61,30,76.0,9.0,3.0
1529289,Arshad Khan,8,6,9.0,1.0,0.0
1529289,Arshdeep Singh,1,1,1.0,0.0,0.0
1529289,B Sai Sudharsan,57,42,64.0,5.0,1.0
1529289,C Connolly,0,1,0.0,0.0,0.0
1529289,JC Buttler,26,23,31.0,1.0,2.0
1529289,JO Holder,5,7,5.0,0.0,0.0
1529289,M Jansen,20,13,23.0,1.0,1.0
1529289,MP Stoinis,40,34,47.0,5.0,1.0
1529289,N Sindhu,15,11,17.0,0.0,1.0
1529289,N Wadhera,0,6,0.0,0.0,0.0
1529289,P Simran Singh,15,14,17.0,2.0,0.0
1529289,Priyansh Arya,2,2,2.0,0.0,0.0
1529289,R Tewatia,2,6,2.0,0.0,0.0
1529289,SS Iyer,19,22,22.0,3.0,0.0
1529289,Shubman Gill,5,4,6.0,1.0,0.0
1529289,Suryansh Shedge,57,29,70.0,3.0,5.0
1529289,Vijaykumar Vyshak,1,3,1.0,0.0,0.0
1529289,Washington Sundar,40,23,47.0,5.0,1.0
1529289,XC Bartlett,0,1,0.0,0.0,0.0
1529290,AK Markram,31,25,34.0,1.0,1.0
1529290,Akshat Raghuwanshi,11,7,13.0,0.0,1.0
1529290,Himmat Singh,40,34,46.0,2.0,2.0
1529290,JP Inglis,13,5,16.0,3.0,0.0
1529290,MR Marsh,44,25,54.0,4.0,3.0
1529290,N Pooran,63,22,80.0,1.0,8.0
1529290,Naman Dhir,23,12,28.0,3.0,1.0
1529290,RD Rickelton,83,33,105.0,6.0,8.0
1529290,RG Sharma,84,44,104.0,6.0,7.0
1529290,RR Pant,15,12,18.0,1.0,1.0
1529290,SA Yadav,12,9,14.0,2.0,0.0
1529290,Tilak Varma,11,13,11.0,0.0,0.0
1529290,WG Jacks,10,5,12.0,0.0,1.0
1529291,AR Patel,2,6,2.0,0.0,0.0
1529291,Ashutosh Sharma,14,5,18.0,0.0,2.0
1529291,KK Nair,13,13,15.0,2.0,0.0
1529291,KL Rahul,12,13,14.0,2.0,0.0
1529291,Kartik Sharma,41,32,49.0,4.0,2.0
1529291,N Rana,15,13,17.0,2.0,0.0
1529291,P Nissanka,19,15,24.0,3.0,1.0
1529291,RD Gaikwad,6,14,7.0,1.0,0.0
1529291,SV Samson,87,53,106.0,7.0,6.0
1529291,Sameer Rizvi,40,24,48.0,0.0,4.0
1529291,T Stubbs,38,33,43.0,1.0,2.0
1529291,Urvil Patel,17,9,21.0,0.0,2.0
1529292,Abhishek Sharma,35,13,45.0,2.0,4.0
1529292,C Connolly,107,64,130.0,7.0,8.0
1529292,H Klaasen,69,44,80.0,3.0,4.0
1529292,Ishan Kishan,55,33,65.0,2.0,4.0
1529292,M Jansen,19,17,21.0,0.0,1.0
1529292,MP Stoinis,28,15,35.0,3.0,2.0
1529292,Nithish Kumar Reddy,29,13,35.0,2.0,2.0
1529292,P Simran Singh,3,4,3.0,0.0,0.0
1529292,Priyansh Arya,1,3,1.0,0.0,0.0
1529292,SS Iyer,5,5,6.0,1.0,0.0
1529292,Shashank Singh,4,3,5.0,1.0,0.0
1529292,Suryansh Shedge,25,17,30.0,1.0,2.0
1529292,TM Head,38,22,47.0,3.0,3.0
1529292,Vijaykumar Vyshak,1,1,1.0,0.0,0.0
1529293,AA Kulkarni,17,24,18.0,1.0,0.0
1529293,AK Markram,1,1,1.0,0.0,0.0
1529293,D Padikkal,34,25,39.0,3.0,1.0
1529293,JG Bethell,4,8,5.0,1.0,0.0
1529293,JM Sharma,1,3,1.0,0.0,0.0
1529293,KH Pandya,28,16,34.0,2.0,2.0
1529293,MR Marsh,111,58,138.0,9.0,9.0
1529293,N Pooran,38,24,44.0,4.0,1.0
1529293,R Shepherd,23,16,28.0,3.0,1.0
1529293,RM Patidar,61,32,76.0,3.0,6.0
1529293,RR Pant,32,12,40.0,4.0,2.0
1529293,TH David,40,20,50.0,4.0,3.0
1529293,V Kohli,0,2,0.0,0.0,0.0
1529294,A Raghuvanshi,1,3,1.0,0.0,0.0
1529294,AM Rahane,13,9,16.0,1.0,1.0
1529294,AR Patel,11,23,11.0,0.0,0.0
1529294,Ashutosh Sharma,39,28,48.0,3.0,3.0
1529294,C Green,33,27,37.0,0.0,2.0
1529294,FH Allen,100,47,125.0,5.0,10.0
1529294,KL Rahul,23,14,27.0,4.0,0.0
1529294,L Ngidi,1,1,1.0,0.0,0.0
1529294,MA Starc,0,2,0.0,0.0,0.0
1529294,N Rana,8,10,9.0,1.0,0.0
1529294,P Nissanka,50,30,61.0,5.0,3.0
1529294,Sameer Rizvi,3,7,3.0,0.0,0.0
1529294,T Stubbs,2,4,2.0,0.0,0.0
1529294,V Nigam,3,3,3.0,0.0,0.0
1529295,B Sai Sudharsan,55,39,65.0,6.0,2.0
1529295,Brijesh Sharma,1,1,1.0,0.0,0.0
1529295,D Ferreira,4,2,5.0,1.0,0.0
1529295,Dhruv Jurel,24,10,31.0,1.0,3.0
1529295,JC Archer,5,6,6.0,1.0,0.0
1529295,JC Buttler,13,10,16.0,1.0,1.0
1529295,JO Holder,7,8,8.0,1.0,0.0
1529295,MD Shanaka,16,12,18.0,2.0,0.0
1529295,R Tewatia,14,5,18.0,0.0,2.0
1529295,RA Jadeja,38,25,45.0,3.0,2.0
1529295,SB Dubey,15,14,18.0,1.0,1.0
1529295,SO Hetmyer,6,7,7.0,1.0,0.0
1529295,Shubman Gill,84,49,99.0,9.0,3.0
1529295,TU Deshpande,1,3,1.0,0.0,0.0
1529295,V Suryavanshi,36,17,45.0,3.0,3.0
1529295,Washington Sundar,37,22,45.0,2.0,3.0
1529295,YBK Jaiswal,3,4,3.0,0.0,0.0
1529296,AK Markram,6,7,6.0,0.0,0.0
1529296,Akshat Raghuwanshi,18,20,19.0,1.0,0.0
1529296,D Brevis,10,13,11.0,1.0,0.0
1529296,Himmat Singh,17,13,20.0,1.0,1.0
1529296,JP Inglis,85,34,107.0,10.0,6.0
1529296,Kartik Sharma,20,20,21.0,1.0,0.0
1529296,MR Marsh,10,11,12.0,0.0,1.0
1529296,Mohammed Shami,0,1,0.0,0.0,0.0
1529296,N Pooran,1,3,1.0,0.0,0.0
1529296,PR Veer,17,13,21.0,0.0,2.0
1529296,RD Gaikwad,42,29,49.0,3.0,2.0
1529296,RR Pant,15,12,17.0,2.0,0.0
1529296,S Dube,15,11,19.0,0.0,2.0
1529296,SV Samson,28,14,35.0,3.0,2.0
1529296,Shahbaz Ahmed,43,25,52.0,3.0,3.0
1529296,Urvil Patel,65,24,83.0,2.0,8.0
1529297,B Kumar,7,3,9.0,0.0,1.0
1529297,C Bosch,5,5,5.0,0.0,0.0
1529297,D Padikkal,12,11,15.0,1.0,1.0
1529297,DL Chahar,1,2,1.0,0.0,0.0
1529297,JG Bethell,27,28,29.0,2.0,0.0
1529297,JM Sharma,18,12,23.0,1.0,2.0
1529297,KH Pandya,73,50,87.0,4.0,5.0
1529297,Naman Dhir,47,33,56.0,5.0,2.0
1529297,R Shepherd,4,12,4.0,0.0,0.0
1529297,RA Bawa,16,14,17.0,1.0,0.0
1529297,RD Rickelton,2,4,2.0,0.0,0.0
1529297,RG Sharma,22,10,28.0,2.0,2.0
1529297,RM Patidar,8,9,9.0,1.0,0.0
1529297,Rasikh Salam,3,3,3.0,0.0,0.0
1529297,SA Yadav,0,1,0.0,0.0,0.0
1529297,TH David,0,1,0.0,0.0,0.0
1529297,Tilak Varma,57,44,64.0,3.0,2.0
1529297,V Kohli,0,2,0.0,0.0,0.0
1529297,WG Jacks,10,10,11.0,1.0,0.0
1529298,AR Patel,56,38,68.0,8.0,2.0
1529298,Abishek Porel,5,6,6.0,1.0,0.0
1529298,Ashutosh Sharma,24,10,30.0,2.0,2.0
1529298,Auqib Nabi,10,2,13.0,1.0,1.0
1529298,C Connolly,38,29,45.0,3.0,2.0
1529298,DA Miller,51,28,62.0,3.0,4.0
1529298,KL Rahul,9,8,11.0,2.0,0.0
1529298,M Tiwari,18,8,22.0,2.0,1.0
1529298,MP Stoinis,1,2,1.0,0.0,0.0
1529298,P Simran Singh,18,17,21.0,3.0,0.0
1529298,Priyansh Arya,56,34,70.0,2.0,6.0
1529298,SS Iyer,59,38,70.0,5.0,3.0
1529298,SU Parakh,13,6,16.0,1.0,1.0
1529298,Shashank Singh,0,1,0.0,0.0,0.0
1529298,Suryansh Shedge,21,8,27.0,2.0,2.0
1529298,T Stubbs,12,17,13.0,1.0,0.0
1529299,Abhishek Sharma,6,4,8.0,0.0,1.0
1529299,B Sai Sudharsan,61,46,70.0,5.0,2.0
1529299,E Malinga,0,3,0.0,0.0,0.0
1529299,H Klaasen,14,16,16.0,2.0,0.0
1529299,Ishan Kishan,11,7,14.0,1.0,1.0
1529299,JC Buttler,7,11,8.0,1.0,0.0
1529299,JO Holder,11,12,11.0,0.0,0.0
1529299,N Sindhu,22,14,27.0,3.0,1.0
1529299,Nithish Kumar Reddy,2,5,2.0,0.0,0.0
1529299,PJ Cummins,19,9,24.0,1.0,2.0
1529299,PP Hinge,3,8,3.0,0.0,0.0
1529299,R Smaran,9,15,10.0,1.0,0.0
1529299,R Tewatia,4,1,5.0,1.0,0.0
1529299,S Arora,16,13,19.0,3.0,0.0
1529299,Shivang Kumar,4,6,4.0,0.0,0.0
1529299,Shubman Gill,5,7,6.0,1.0,0.0
1529299,TM Head,0,4,0.0,0.0,0.0
1529299,Washington Sundar,50,35,59.0,7.0,1.0
1529300,A Raghuvanshi,71,47,84.0,7.0,3.0
1529300,AM Rahane,19,13,24.0,3.0,1.0
1529300,C Green,32,25,37.0,3.0,1.0
1529300,D Padikkal,39,30,46.0,7.0,0.0
1529300,FH Allen,18,8,23.0,3.0,1.0
1529300,JG Bethell,15,12,19.0,2.0,1.0
1529300,JM Sharma,8,5,9.0,1.0,0.0
1529300,RK Singh,49,29,56.0,3.0,2.0
1529300,RM Patidar,11,9,13.0,0.0,1.0
1529300,TH David,2,4,2.0,0.0,0.0
1529300,V Kohli,105,64,122.0,11.0,3.0
1529301,Azmatullah Omarzai,38,18,48.0,2.0,4.0
1529301,C Connolly,21,23,25.0,2.0,1.0
1529301,M Jansen,2,7,2.0,0.0,0.0
1529301,Naman Dhir,9,6,11.0,0.0,1.0
1529301,P Simran Singh,57,34,71.0,6.0,4.0
1529301,Priyansh Arya,22,17,26.0,4.0,0.0
1529301,RD Rickelton,48,23,60.0,4.0,4.0
1529301,RG Sharma,25,27,29.0,0.0,2.0
1529301,SE Rutherford,20,22,23.0,1.0,1.0
1529301,SS Iyer,4,2,5.0,1.0,0.0
1529301,Shashank Singh,2,5,2.0,0.0,0.0
1529301,Suryansh Shedge,8,5,10.0,0.0,1.0
1529301,Tilak Varma,75,34,93.0,6.0,6.0
1529301,Vishnu Vinod,15,8,18.0,1.0,1.0
1529301,WG Jacks,25,10,31.0,2.0,2.0
1529301,XC Bartlett,18,8,22.0,2.0,1.0
1529302,Abdul Samad,7,3,9.0,0.0,1.0
1529302,D Brevis,25,17,29.0,0.0,2.0
1529302,JP Inglis,36,33,41.0,3.0,1.0
1529302,Kartik Sharma,71,43,87.0,6.0,5.0
1529302,MD Choudhary,13,10,15.0,2.0,0.0
1529302,MR Marsh,90,40,113.0,9.0,7.0
1529302,N Pooran,32,17,41.0,1.0,4.0
1529302,PR Veer,13,12,14.0,1.0,0.0
1529302,RD Gaikwad,13,9,15.0,2.0,0.0
1529302,S Dube,32,16,39.0,3.0,2.0
1529302,SV Samson,20,21,23.0,3.0,0.0
1529302,Urvil Patel,6,9,7.0,1.0,0.0
1529303,A Raghuvanshi,82,47,100.0,4.0,7.0
1529303,AM Rahane,14,14,17.0,1.0,1.0
1529303,B Sai Sudharsan,53,32,65.0,6.0,3.0
1529303,C Green,52,28,63.0,3.0,4.0
1529303,FH Allen,93,36,117.0,4.0,10.0
1529303,JC Buttler,57,35,66.0,5.0,2.0
1529303,N Sindhu,1,5,1.0,0.0,0.0
1529303,R Tewatia,2,4,2.0,0.0,0.0
1529303,Shubman Gill,85,51,104.0,5.0,7.0
1529304,Azmatullah Omarzai,14,10,17.0,1.0,1.0
1529304,C Connolly,37,22,46.0,3.0,3.0
1529304,D Padikkal,45,27,55.0,4.0,3.0
1529304,Harpreet Brar,5,3,6.0,1.0,0.0
1529304,JG Bethell,11,7,13.0,2.0,0.0
1529304,MP Stoinis,37,27,42.0,5.0,0.0
1529304,P Simran Singh,2,5,2.0,0.0,0.0
1529304,Priyansh Arya,0,4,0.0,0.0,0.0
1529304,SS Iyer,1,3,1.0,0.0,0.0
1529304,Shashank Singh,56,30,68.0,4.0,4.0
1529304,Suryansh Shedge,35,24,41.0,2.0,2.0
1529304,TH David,28,13,34.0,2.0,2.0
1529304,V Kohli,58,38,68.0,4.0,3.0
1529304,VR Iyer,73,41,89.0,8.0,4.0
1529305,AF Milne,2,2,2.0,0.0,0.0
1529305,AR Patel,34,20,40.0,2.0,2.0
1529305,Abishek Porel,51,34,60.0,7.0,1.0
1529305,Ashutosh Sharma,18,6,23.0,1.0,2.0
1529305,D Ferreira,0,1,0.0,0.0,0.0
1529305,DA Miller,9,6,11.0,0.0,1.0
1529305,Dhruv Jurel,53,42,62.0,5.0,2.0
1529305,JC Archer,2,2,2.0,0.0,0.0
1529305,KL Rahul,56,43,63.0,1.0,3.0
1529305,MD Shanaka,10,8,12.0,0.0,1.0
1529305,R Parag,51,28,64.0,3.0,5.0
1529305,Ravi Singh,4,2,5.0,1.0,0.0
1529305,SB Dubey,5,9,5.0,0.0,0.0
1529305,SU Parakh,9,8,10.0,1.0,0.0
1529305,T Stubbs,4,6,4.0,0.0,0.0
1529305,V Suryavanshi,46,23,57.0,5.0,3.0
1529305,YBK Jaiswal,12,9,15.0,3.0,0.0
1529306,AJ Hosein,3,1,3.0,0.0,0.0
1529306,Abhishek Sharma,26,22,31.0,3.0,1.0
1529306,D Brevis,44,28,54.0,2.0,4.0
1529306,H Klaasen,47,28,57.0,6.0,2.0
1529306,Ishan Kishan,70,47,83.0,7.0,3.0
1529306,Kartik Sharma,32,19,39.0,3.0,2.0
1529306,Nithish Kumar Reddy,11,8,12.0,1.0,0.0
1529306,PR Veer,11,11,13.0,2.0,0.0
1529306,R Smaran,5,2,6.0,1.0,0.0
1529306,RD Gaikwad,15,22,15.0,0.0,0.0
1529306,S Arora,10,7,12.0,0.0,1.0
1529306,S Dube,26,26,31.0,3.0,1.0
1529306,SV Samson,27,13,34.0,5.0,1.0
1529306,TM Head,6,6,7.0,1.0,0.0
1529306,Urvil Patel,13,9,17.0,0.0,2.0
1529307,A Badoni,0,1,0.0,0.0,0.0
1529307,D Ferreira,16,10,19.0,1.0,1.0
1529307,Dhruv Jurel,53,38,62.0,3.0,3.0
1529307,JP Inglis,60,31,73.0,7.0,3.0
1529307,LG Pretorius,7,6,7.0,0.0,0.0
1529307,MR Marsh,96,59,117.0,11.0,5.0
1529307,N Pooran,16,15,20.0,0.0,2.0
1529307,RR Pant,35,24,41.0,2.0,2.0
1529307,V Suryavanshi,93,41,120.0,7.0,10.0
1529307,YBK Jaiswal,43,26,53.0,8.0,1.0
